2026-10-06T16:20:33.163Z - [32minfo[39m: Building /Users/damithch/Repos/nus-cs2103/cs2103-website-base/admin/ip-w3 as some of its dependencies were changed since the last visit
2026-10-06T16:20:34.305Z - [36mverbose[39m: Rendering page: /Users/damithch/Repos/nus-cs2103/cs2103-website-base/admin/ip-w3.md
2026-10-06T16:20:34.349Z - [32minfo[39m: Site data built
2026-10-06T16:20:34.349Z - [32minfo[39m: Lazy website regeneration complete! Total build time: 1.188s
2026-10-06T16:22:16.592Z - [32minfo[39m: Building /Users/damithch/Repos/nus-cs2103/cs2103-website-base/admin/ip-showcase as some of its dependencies were changed since the last visit
2026-10-06T16:22:17.443Z - [36mverbose[39m: Rendering page: /Users/damithch/Repos/nus-cs2103/cs2103-website-base/admin/ip-showcase.md
2026-10-06T16:22:17.518Z - [32minfo[39m: Site data built
2026-10-06T16:22:17.518Z - [32minfo[39m: Lazy website regeneration complete! Total build time: 0.929s
2026-10-06T16:25:07.023Z - [32minfo[39m: [00:25:07] Reload for file change: /Users/damithch/Repos/nus-cs2103/cs2103-website-base/admin/overview-for-teachers.md
2026-10-06T16:25:07.032Z - [32minfo[39m: Synchronizing opened pages list before reload
2026-10-06T16:25:07.032Z - [32minfo[39m: Current opened pages, from most-to-least recent:
2026-10-06T16:25:07.033Z - [32minfo[39m: 1. admin/ip-showcase
2026-10-06T16:25:07.033Z - [32minfo[39m: 2. admin/overview-for-teachers
2026-10-06T16:25:08.057Z - [32minfo[39m: Rebuilding 1 pages
2026-10-06T16:25:08.190Z - [36mverbose[39m: Rendering page: /Users/damithch/Repos/nus-cs2103/cs2103-website-base/admin/overview-for-teachers.md
2026-10-06T16:25:08.223Z - [32minfo[39m: Site data built
2026-10-06T16:25:08.223Z - [32minfo[39m: Pages rebuilt
2026-10-06T16:25:08.223Z - [32minfo[39m: Website regeneration complete! Total build time: 0.182s
2026-10-06T16:26:32.916Z - [32minfo[39m: [00:26:32] Reload for file change: /Users/damithch/Repos/nus-cs2103/cs2103-website-base/admin/overview-for-teachers.md
2026-10-06T16:26:32.918Z - [32minfo[39m: Synchronizing opened pages list before reload
2026-10-06T16:26:32.918Z - [32minfo[39m: Current opened pages, from most-to-least recent:
2026-10-06T16:26:32.919Z - [32minfo[39m: 1. admin/ip-showcase
2026-10-06T16:26:32.919Z - [32minfo[39m: 2. admin/overview-for-teachers
2026-10-06T16:26:33.923Z - [32minfo[39m: Rebuilding 1 pages
2026-10-06T16:26:34.038Z - [36mverbose[39m: Rendering page: /Users/damithch/Repos/nus-cs2103/cs2103-website-base/admin/overview-for-teachers.md
2026-10-06T16:26:34.063Z - [32minfo[39m: Site data built
2026-10-06T16:26:34.064Z - [32minfo[39m: Pages rebuilt
2026-10-06T16:26:34.064Z - [32minfo[39m: Website regeneration complete! Total build time: 0.144s
2026-10-06T16:27:21.867Z - [32minfo[39m: [00:27:21] Reload for file change: /Users/damithch/Repos/nus-cs2103/cs2103-website-base/admin/overview-for-teachers.md
2026-10-06T16:27:21.869Z - [32minfo[39m: Synchronizing opened pages list before reload
2026-10-06T16:27:21.869Z - [32minfo[39m: Current opened pages, from most-to-least recent:
2026-10-06T16:27:21.870Z - [32minfo[39m: 1. admin/ip-showcase
2026-10-06T16:27:22.876Z - [32minfo[39m: No pages needed to be rebuilt
2026-10-06T16:28:55.043Z - [32minfo[39m: [00:28:55] Reload for file change: /Users/damithch/Repos/nus-cs2103/cs2103-website-base/admin/overview-for-teachers.md
2026-10-06T16:28:55.047Z - [32minfo[39m: Synchronizing opened pages list before reload
2026-10-06T16:28:55.048Z - [32minfo[39m: Current opened pages, from most-to-least recent:
2026-10-06T16:28:55.049Z - [32minfo[39m: 1. admin/ip-showcase
2026-10-06T16:28:56.062Z - [32minfo[39m: No pages needed to be rebuilt
2026-10-06T16:29:07.108Z - [32minfo[39m: Building /Users/damithch/Repos/nus-cs2103/cs2103-website-base/admin/overview-for-teachers as some of its dependencies were changed since the last visit
2026-10-06T16:29:07.252Z - [36mverbose[39m: Rendering page: /Users/damithch/Repos/nus-cs2103/cs2103-website-base/admin/overview-for-teachers.md
2026-10-06T16:29:07.280Z - [32minfo[39m: Site data built
2026-10-06T16:29:07.280Z - [32minfo[39m: Lazy website regeneration complete! Total build time: 0.173s
2026-10-06T16:32:08.250Z - [32minfo[39m: [00:32:08] Reload for file change: /Users/damithch/Repos/nus-cs2103/cs2103-website-base/admin/overview-for-teachers.md
2026-10-06T16:32:08.251Z - [32minfo[39m: Synchronizing opened pages list before reload
2026-10-06T16:32:08.252Z - [32minfo[39m: Current opened pages, from most-to-least recent:
2026-10-06T16:32:08.252Z - [32minfo[39m: 1. admin/ip-showcase
2026-10-06T16:32:08.252Z - [32minfo[39m: 2. admin/overview-for-teachers
2026-10-06T16:32:09.259Z - [32minfo[39m: Rebuilding 1 pages
2026-10-06T16:32:09.383Z - [36mverbose[39m: Rendering page: /Users/damithch/Repos/nus-cs2103/cs2103-website-base/admin/overview-for-teachers.md
2026-10-06T16:32:09.415Z - [32minfo[39m: Site data built
2026-10-06T16:32:09.415Z - [32minfo[39m: Pages rebuilt
2026-10-06T16:32:09.415Z - [32minfo[39m: Website regeneration complete! Total build time: 0.161s
2026-10-06T16:34:52.322Z - [32minfo[39m: [00:34:52] Reload for file change: /Users/damithch/Repos/nus-cs2103/cs2103-website-base/admin/overview-for-teachers.md
2026-10-06T16:34:52.323Z - [32minfo[39m: Synchronizing opened pages list before reload
2026-10-06T16:34:52.324Z - [32minfo[39m: Current opened pages, from most-to-least recent:
2026-10-06T16:34:52.324Z - [32minfo[39m: 1. admin/ip-showcase
2026-10-06T16:34:52.324Z - [32minfo[39m: 2. admin/overview-for-teachers
2026-10-06T16:34:53.329Z - [32minfo[39m: Rebuilding 1 pages
2026-10-06T16:34:53.432Z - [36mverbose[39m: Rendering page: /Users/damithch/Repos/nus-cs2103/cs2103-website-base/admin/overview-for-teachers.md
2026-10-06T16:34:53.453Z - [32minfo[39m: Site data built
2026-10-06T16:34:53.453Z - [32minfo[39m: Pages rebuilt
2026-10-06T16:34:53.453Z - [32minfo[39m: Website regeneration complete! Total build time: 0.127s
2026-10-06T16:35:13.929Z - [32minfo[39m: [00:35:13] Reload for file change: /Users/damithch/Repos/nus-cs2103/cs2103-website-base/admin/overview-for-teachers.md
2026-10-06T16:35:13.931Z - [32minfo[39m: Synchronizing opened pages list before reload
2026-10-06T16:35:13.933Z - [32minfo[39m: Current opened pages, from most-to-least recent:
2026-10-06T16:35:13.933Z - [32minfo[39m: 1. admin/ip-showcase
2026-10-06T16:35:13.934Z - [32minfo[39m: 2. admin/overview-for-teachers
2026-10-06T16:35:14.946Z - [32minfo[39m: Rebuilding 1 pages
2026-10-06T16:35:15.058Z - [36mverbose[39m: Rendering page: /Users/damithch/Repos/nus-cs2103/cs2103-website-base/admin/overview-for-teachers.md
2026-10-06T16:35:15.088Z - [32minfo[39m: Site data built
2026-10-06T16:35:15.088Z - [32minfo[39m: Pages rebuilt
2026-10-06T16:35:15.088Z - [32minfo[39m: Website regeneration complete! Total build time: 0.153s
2026-10-06T16:35:46.933Z - [32minfo[39m: Building /Users/damithch/Repos/nus-cs2103/cs2103-website-base/admin/tp-overview as some of its dependencies were changed since the last visit
2026-10-06T16:35:47.173Z - [36mverbose[39m: Rendering page: /Users/damithch/Repos/nus-cs2103/cs2103-website-base/admin/tp-overview.md
2026-10-06T16:35:47.186Z - [32minfo[39m: Site data built
2026-10-06T16:35:47.186Z - [32minfo[39m: Lazy website regeneration complete! Total build time: 0.254s
2026-10-06T16:38:17.785Z - [32minfo[39m: [00:38:17] Reload for file change: /Users/damithch/Repos/nus-cs2103/cs2103-website-base/admin/tp-overview.md
2026-10-06T16:38:17.786Z - [32minfo[39m: Synchronizing opened pages list before reload
2026-10-06T16:38:17.787Z - [32minfo[39m: Current opened pages, from most-to-least recent:
2026-10-06T16:38:17.787Z - [32minfo[39m: 1. admin/tp-overview
2026-10-06T16:38:17.787Z - [32minfo[39m: 2. admin/ip-showcase
2026-10-06T16:38:17.787Z - [32minfo[39m: 3. admin/overview-for-teachers
2026-10-06T16:38:18.796Z - [32minfo[39m: Rebuilding 1 pages
2026-10-06T16:38:19.045Z - [36mverbose[39m: Rendering page: /Users/damithch/Repos/nus-cs2103/cs2103-website-base/admin/tp-overview.md
2026-10-06T16:38:19.061Z - [32minfo[39m: Site data built
2026-10-06T16:38:19.061Z - [32minfo[39m: Pages rebuilt
2026-10-06T16:38:19.061Z - [32minfo[39m: Website regeneration complete! Total build time: 0.269s
2026-10-06T16:39:42.333Z - [32minfo[39m: [00:39:42] Reload for file change: /Users/damithch/Repos/nus-cs2103/cs2103-website-base/admin/tp-overview.md
2026-10-06T16:39:42.334Z - [32minfo[39m: Synchronizing opened pages list before reload
2026-10-06T16:39:42.335Z - [32minfo[39m: Current opened pages, from most-to-least recent:
2026-10-06T16:39:42.335Z - [32minfo[39m: 1. admin/tp-overview
2026-10-06T16:39:42.335Z - [32minfo[39m: 2. admin/ip-showcase
2026-10-06T16:39:43.344Z - [32minfo[39m: Rebuilding 1 pages
2026-10-06T16:39:43.396Z - [33mwarn[39m: Error: Error while generating /Users/damithch/Repos/nus-cs2103/cs2103-website-base/admin/tp-overview.md: Template render error: (/Users/damithch/Repos/nus-cs2103/cs2103-website-base/admin/tp-overview.md) [Line 54, Column 14]
  Template render error: (/Users/damithch/Repos/nus-cs2103/cs2103-website-base/admin/tp-overview.md)
  Template render error: (/Users/damithch/Repos/nus-cs2103/cs2103-website-base/admin/tp-overview.md)
  Template render error: (/Users/damithch/Repos/nus-cs2103/cs2103-website-base/admin/tp-overview.md)
  Template render error: (/Users/damithch/Repos/nus-cs2103/cs2103-website-base/admin/tp-overview.md) [Line 105, Column 9]
  Template render error: (/Users/damithch/Repos/nus-cs2103/cs2103-website-base/admin/tp-overview.md) [Line 35, Column 52]
  Template render error: (/Users/damithch/Repos/nus-cs2103/cs2103-website-base/admin/tp-overview.md)
  Template render error: (/Users/damithch/Repos/nus-cs2103/cs2103-website-base/admin/tp-overview.md)
  Template render error: (/Users/damithch/Repos/nus-cs2103/cs2103-website-base/admin/tp-overview.md)
  Template render error: (/Users/damithch/Repos/nus-cs2103/cs2103-website-base/admin/tp-overview.md) [Line 89, Column 50]
  Template render error: (/Users/damithch/Repos/nus-cs2103/cs2103-website-base/admin/tp-overview.md)
  Template render error: (/Users/damithch/Repos/nus-cs2103/cs2103-website-base/admin/tp-overview.md)
  Template render error: (/Users/damithch/Repos/nus-cs2103/cs2103-website-base/admin/tp-overview.md)
  TypeError: Cannot read properties of undefined (reading 'replace')
    at SiteGenerationManager.<anonymous> (file:///opt/homebrew/lib/node_modules/markbind-cli/node_modules/@markbind/core/src/Site/SiteGenerationManager.js:565:27)
    at Generator.throw (<anonymous>)
    at rejected (file:///opt/homebrew/lib/node_modules/markbind-cli/node_modules/@markbind/core/src/Site/SiteGenerationManager.js:5:65)
2026-10-06T16:39:53.432Z - [32minfo[39m: [00:39:53] Reload for file change: /Users/damithch/Repos/nus-cs2103/cs2103-website-base/admin/tp-overview.md
2026-10-06T16:39:53.434Z - [32minfo[39m: Synchronizing opened pages list before reload
2026-10-06T16:39:53.434Z - [32minfo[39m: No pages are currently opened
2026-10-06T16:39:54.453Z - [32minfo[39m: No pages needed to be rebuilt
2026-10-06T16:39:57.690Z - [32minfo[39m: Building /Users/damithch/Repos/nus-cs2103/cs2103-website-base/admin/tp-overview as some of its dependencies were changed since the last visit
2026-10-06T16:39:57.984Z - [36mverbose[39m: Rendering page: /Users/damithch/Repos/nus-cs2103/cs2103-website-base/admin/tp-overview.md
2026-10-06T16:39:58.003Z - [32minfo[39m: Site data built
2026-10-06T16:39:58.003Z - [32minfo[39m: Lazy website regeneration complete! Total build time: 0.313s
2026-10-06T16:40:16.184Z - [32minfo[39m: Website generation (lazy) started at 00:40:16
2026-10-06T16:40:16.534Z - [32minfo[39m: Building assets...
2026-10-06T16:40:16.803Z - [32minfo[39m: Assets built
2026-10-06T16:40:16.804Z - [32minfo[39m: Generating landing page...
2026-10-06T16:40:17.261Z - [36mverbose[39m: Rendering page: /Users/damithch/Repos/nus-cs2103/cs2103-website-base/index.md
2026-10-06T16:40:17.284Z - [32minfo[39m: Landing page built, other pages will be built as you navigate to them!
2026-10-06T16:40:17.356Z - [32minfo[39m: Site data built
2026-10-06T16:40:17.356Z - [32minfo[39m: Website generation (lazy) complete! Total build time: 1.221s
2026-10-06T16:40:17.368Z - [32minfo[39m: Serving "/Users/damithch/Repos/nus-cs2103/cs2103-website-base/_site" at http://127.0.0.1:8080
2026-10-06T16:40:17.368Z - [32minfo[39m: Press CTRL+C to stop ...
2026-10-06T16:40:31.333Z - [32minfo[39m: Building /Users/damithch/Repos/nus-cs2103/cs2103-website-base/admin/tp-overview as some of its dependencies were changed since the last visit
2026-10-06T16:40:31.584Z - [36mverbose[39m: Rendering page: /Users/damithch/Repos/nus-cs2103/cs2103-website-base/admin/tp-overview.md
2026-10-06T16:40:31.603Z - [32minfo[39m: Site data built
2026-10-06T16:40:31.603Z - [32minfo[39m: Lazy website regeneration complete! Total build time: 0.272s
2026-10-06T16:41:04.286Z - [32minfo[39m: [00:41:04] Reload for file change: /Users/damithch/Repos/nus-cs2103/cs2103-website-base/admin/tp-overview.md
2026-10-06T16:41:04.288Z - [32minfo[39m: Synchronizing opened pages list before reload
2026-10-06T16:41:04.291Z - [32minfo[39m: Current opened pages, from most-to-least recent:
2026-10-06T16:41:04.291Z - [32minfo[39m: 1. admin/tp-overview
2026-10-06T16:41:04.291Z - [32minfo[39m: 2. index
2026-10-06T16:41:05.303Z - [32minfo[39m: Rebuilding 1 pages
2026-10-06T16:41:05.532Z - [36mverbose[39m: Rendering page: /Users/damithch/Repos/nus-cs2103/cs2103-website-base/admin/tp-overview.md
2026-10-06T16:41:05.552Z - [32minfo[39m: Site data built
2026-10-06T16:41:05.552Z - [32minfo[39m: Pages rebuilt
2026-10-06T16:41:05.553Z - [32minfo[39m: Website regeneration complete! Total build time: 0.258s
2026-10-06T16:41:52.550Z - [32minfo[39m: Building /Users/damithch/Repos/nus-cs2103/cs2103-website-base/admin/ip-showcase as some of its dependencies were changed since the last visit
2026-10-06T16:41:53.446Z - [36mverbose[39m: Rendering page: /Users/damithch/Repos/nus-cs2103/cs2103-website-base/admin/ip-showcase.md
2026-10-06T16:41:53.515Z - [32minfo[39m: Site data built
2026-10-06T16:41:53.515Z - [32minfo[39m: Lazy website regeneration complete! Total build time: 0.966s
2026-10-06T16:41:55.569Z - [32minfo[39m: Building /Users/damithch/Repos/nus-cs2103/cs2103-website-base/admin/overview-for-teachers as some of its dependencies were changed since the last visit
2026-10-06T16:41:55.639Z - [36mverbose[39m: Rendering page: /Users/damithch/Repos/nus-cs2103/cs2103-website-base/admin/overview-for-teachers.md
2026-10-06T16:41:55.659Z - [32minfo[39m: Site data built
2026-10-06T16:41:55.659Z - [32minfo[39m: Lazy website regeneration complete! Total build time: 0.09s
2026-10-06T16:43:36.873Z - [32minfo[39m: [00:43:36] Reload for file change: /Users/damithch/Repos/nus-cs2103/cs2103-website-base/admin/overview-for-teachers.md
2026-10-06T16:43:36.879Z - [32minfo[39m: Synchronizing opened pages list before reload
2026-10-06T16:43:36.883Z - [32minfo[39m: Current opened pages, from most-to-least recent:
2026-10-06T16:43:36.883Z - [32minfo[39m: 1. admin/overview-for-teachers
2026-10-06T16:43:36.883Z - [32minfo[39m: 2. admin/ip-showcase
2026-10-06T16:43:36.883Z - [32minfo[39m: 3. admin/tp-overview
2026-10-06T16:43:37.890Z - [32minfo[39m: Rebuilding 1 pages
2026-10-06T16:43:38.019Z - [36mverbose[39m: Rendering page: /Users/damithch/Repos/nus-cs2103/cs2103-website-base/admin/overview-for-teachers.md
2026-10-06T16:43:38.046Z - [32minfo[39m: Site data built
2026-10-06T16:43:38.046Z - [32minfo[39m: Pages rebuilt
2026-10-06T16:43:38.046Z - [32minfo[39m: Website regeneration complete! Total build time: 0.16s
2026-10-06T16:43:47.619Z - [32minfo[39m: [00:43:47] Reload for file change: /Users/damithch/Repos/nus-cs2103/cs2103-website-base/admin/overview-for-teachers.md
2026-10-06T16:43:47.620Z - [32minfo[39m: Synchronizing opened pages list before reload
2026-10-06T16:43:47.621Z - [32minfo[39m: Current opened pages, from most-to-least recent:
2026-10-06T16:43:47.621Z - [32minfo[39m: 1. admin/overview-for-teachers
2026-10-06T16:43:47.621Z - [32minfo[39m: 2. admin/ip-showcase
2026-10-06T16:43:48.626Z - [32minfo[39m: Rebuilding 1 pages
2026-10-06T16:43:48.724Z - [36mverbose[39m: Rendering page: /Users/damithch/Repos/nus-cs2103/cs2103-website-base/admin/overview-for-teachers.md
2026-10-06T16:43:48.743Z - [32minfo[39m: Site data built
2026-10-06T16:43:48.743Z - [32minfo[39m: Pages rebuilt
2026-10-06T16:43:48.743Z - [32minfo[39m: Website regeneration complete! Total build time: 0.121s
2026-10-06T16:45:44.187Z - [32minfo[39m: Building /Users/damithch/Repos/nus-cs2103/cs2103-website-base/admin/tp-grading as some of its dependencies were changed since the last visit
2026-10-06T16:45:44.585Z - [36mverbose[39m: Rendering page: /Users/damithch/Repos/nus-cs2103/cs2103-website-base/admin/tp-grading.md
2026-10-06T16:45:44.608Z - [32minfo[39m: Site data built
2026-10-06T16:45:44.609Z - [32minfo[39m: Lazy website regeneration complete! Total build time: 0.423s
2026-10-06T16:46:25.260Z - [32minfo[39m: [00:46:25] Reload for file change: /Users/damithch/Repos/nus-cs2103/cs2103-website-base/admin/overview-for-teachers.md
2026-10-06T16:46:25.261Z - [32minfo[39m: Synchronizing opened pages list before reload
2026-10-06T16:46:25.262Z - [32minfo[39m: Current opened pages, from most-to-least recent:
2026-10-06T16:46:25.262Z - [32minfo[39m: 1. admin/overview-for-teachers
2026-10-06T16:46:26.270Z - [32minfo[39m: Rebuilding 1 pages
2026-10-06T16:46:26.372Z - [36mverbose[39m: Rendering page: /Users/damithch/Repos/nus-cs2103/cs2103-website-base/admin/overview-for-teachers.md
2026-10-06T16:46:26.398Z - [32minfo[39m: Site data built
2026-10-06T16:46:26.399Z - [32minfo[39m: Pages rebuilt
2026-10-06T16:46:26.399Z - [32minfo[39m: Website regeneration complete! Total build time: 0.135s
2026-10-06T16:47:35.187Z - [32minfo[39m: [00:47:35] Reload for file change: /Users/damithch/Repos/nus-cs2103/cs2103-website-base/admin/overview-for-teachers.md
2026-10-06T16:47:35.191Z - [32minfo[39m: Synchronizing opened pages list before reload
2026-10-06T16:47:35.194Z - [32minfo[39m: Current opened pages, from most-to-least recent:
2026-10-06T16:47:35.194Z - [32minfo[39m: 1. admin/overview-for-teachers
2026-10-06T16:47:36.203Z - [32minfo[39m: Rebuilding 1 pages
2026-10-06T16:47:36.301Z - [36mverbose[39m: Rendering page: /Users/damithch/Repos/nus-cs2103/cs2103-website-base/admin/overview-for-teachers.md
2026-10-06T16:47:36.325Z - [32minfo[39m: Site data built
2026-10-06T16:47:36.325Z - [32minfo[39m: Pages rebuilt
2026-10-06T16:47:36.326Z - [32minfo[39m: Website regeneration complete! Total build time: 0.129s
2026-10-06T16:48:35.833Z - [32minfo[39m: [00:48:35] Reload for file change: /Users/damithch/Repos/nus-cs2103/cs2103-website-base/admin/overview-for-teachers.md
2026-10-06T16:48:35.835Z - [32minfo[39m: Synchronizing opened pages list before reload
2026-10-06T16:48:35.836Z - [32minfo[39m: Current opened pages, from most-to-least recent:
2026-10-06T16:48:35.836Z - [32minfo[39m: 1. admin/overview-for-teachers
2026-10-06T16:48:36.842Z - [32minfo[39m: Rebuilding 1 pages
2026-10-06T16:48:36.982Z - [36mverbose[39m: Rendering page: /Users/damithch/Repos/nus-cs2103/cs2103-website-base/admin/overview-for-teachers.md
2026-10-06T16:48:37.020Z - [32minfo[39m: Site data built
2026-10-06T16:48:37.020Z - [32minfo[39m: Pages rebuilt
2026-10-06T16:48:37.021Z - [32minfo[39m: Website regeneration complete! Total build time: 0.183s
2026-10-06T16:49:11.483Z - [32minfo[39m: [00:49:11] Reload for file change: /Users/damithch/Repos/nus-cs2103/cs2103-website-base/admin/overview-for-teachers.md
2026-10-06T16:49:11.487Z - [32minfo[39m: Synchronizing opened pages list before reload
2026-10-06T16:49:11.488Z - [32minfo[39m: No pages are currently opened
2026-10-06T16:49:12.497Z - [32minfo[39m: No pages needed to be rebuilt
2026-10-06T16:49:16.676Z - [32minfo[39m: Building /Users/damithch/Repos/nus-cs2103/cs2103-website-base/admin/overview-for-teachers as some of its dependencies were changed since the last visit
2026-10-06T16:49:16.788Z - [36mverbose[39m: Rendering page: /Users/damithch/Repos/nus-cs2103/cs2103-website-base/admin/overview-for-teachers.md
2026-10-06T16:49:16.820Z - [32minfo[39m: Site data built
2026-10-06T16:49:16.820Z - [32minfo[39m: Lazy website regeneration complete! Total build time: 0.144s
2026-10-06T16:49:42.247Z - [32minfo[39m: [00:49:42] Reload for file change: /Users/damithch/Repos/nus-cs2103/cs2103-website-base/admin/overview-for-teachers.md
2026-10-06T16:49:42.249Z - [32minfo[39m: Synchronizing opened pages list before reload
2026-10-06T16:49:42.249Z - [32minfo[39m: Current opened pages, from most-to-least recent:
2026-10-06T16:49:42.249Z - [32minfo[39m: 1. admin/overview-for-teachers
2026-10-06T16:49:43.257Z - [32minfo[39m: Rebuilding 1 pages
2026-10-06T16:49:43.365Z - [36mverbose[39m: Rendering page: /Users/damithch/Repos/nus-cs2103/cs2103-website-base/admin/overview-for-teachers.md
2026-10-06T16:49:43.384Z - [32minfo[39m: Site data built
2026-10-06T16:49:43.384Z - [32minfo[39m: Pages rebuilt
2026-10-06T16:49:43.384Z - [32minfo[39m: Website regeneration complete! Total build time: 0.133s
2026-10-06T16:50:26.541Z - [32minfo[39m: [00:50:26] Reload for file change: /Users/damithch/Repos/nus-cs2103/cs2103-website-base/admin/overview-for-teachers.md
2026-10-06T16:50:26.544Z - [32minfo[39m: Synchronizing opened pages list before reload
2026-10-06T16:50:26.546Z - [32minfo[39m: Current opened pages, from most-to-least recent:
2026-10-06T16:50:26.546Z - [32minfo[39m: 1. admin/overview-for-teachers
2026-10-06T16:50:27.554Z - [32minfo[39m: Rebuilding 1 pages
2026-10-06T16:50:27.665Z - [36mverbose[39m: Rendering page: /Users/damithch/Repos/nus-cs2103/cs2103-website-base/admin/overview-for-teachers.md
2026-10-06T16:50:27.695Z - [32minfo[39m: Site data built
2026-10-06T16:50:27.695Z - [32minfo[39m: Pages rebuilt
2026-10-06T16:50:27.695Z - [32minfo[39m: Website regeneration complete! Total build time: 0.146s
2026-10-06T16:51:08.212Z - [32minfo[39m: [00:51:08] Reload for file change: /Users/damithch/Repos/nus-cs2103/cs2103-website-base/admin/overview-for-teachers.md
2026-10-06T16:51:08.216Z - [32minfo[39m: Synchronizing opened pages list before reload
2026-10-06T16:51:08.217Z - [32minfo[39m: Current opened pages, from most-to-least recent:
2026-10-06T16:51:08.217Z - [32minfo[39m: 1. admin/overview-for-teachers
2026-10-06T16:51:09.228Z - [32minfo[39m: Rebuilding 1 pages
2026-10-06T16:51:09.374Z - [36mverbose[39m: Rendering page: /Users/damithch/Repos/nus-cs2103/cs2103-website-base/admin/overview-for-teachers.md
2026-10-06T16:51:09.401Z - [32minfo[39m: Site data built
2026-10-06T16:51:09.401Z - [32minfo[39m: Pages rebuilt
2026-10-06T16:51:09.401Z - [32minfo[39m: Website regeneration complete! Total build time: 0.18s
2026-10-06T17:54:04.061Z - [32minfo[39m: [01:54:04] Reload for file change: /Users/damithch/Repos/nus-cs2103/cs2103-website-base/admin/overview-for-teachers.md
2026-10-06T17:54:04.068Z - [32minfo[39m: Synchronizing opened pages list before reload
2026-10-06T17:54:04.070Z - [32minfo[39m: Current opened pages, from most-to-least recent:
2026-10-06T17:54:04.071Z - [32minfo[39m: 1. ../admin/overview-for-teachers
2026-10-06T17:54:05.122Z - [32minfo[39m: No pages needed to be rebuilt
2026-10-06T17:54:24.740Z - [32minfo[39m: Building /Users/damithch/Repos/nus-cs2103/cs2103-website-base/admin/exams as some of its dependencies were changed since the last visit
2026-10-06T17:54:25.155Z - [36mverbose[39m: Rendering page: /Users/damithch/Repos/nus-cs2103/cs2103-website-base/admin/exams.md
2026-10-06T17:54:25.176Z - [32minfo[39m: Site data built
2026-10-06T17:54:25.176Z - [32minfo[39m: Lazy website regeneration complete! Total build time: 0.437s
2026-10-06T17:54:36.701Z - [32minfo[39m: Building /Users/damithch/Repos/nus-cs2103/cs2103-website-base/admin/exam-reference-sheet as some of its dependencies were changed since the last visit
2026-10-06T17:54:36.770Z - [36mverbose[39m: Rendering page: /Users/damithch/Repos/nus-cs2103/cs2103-website-base/admin/exam-reference-sheet.md
2026-10-06T17:54:36.789Z - [32minfo[39m: Site data built
2026-10-06T17:54:36.789Z - [32minfo[39m: Lazy website regeneration complete! Total build time: 0.088s
2026-10-06T17:55:11.719Z - [32minfo[39m: [01:55:11] Reload for file change: /Users/damithch/Repos/nus-cs2103/cs2103-website-base/admin/overview-for-teachers.md
2026-10-06T17:55:11.723Z - [32minfo[39m: Synchronizing opened pages list before reload
2026-10-06T17:55:11.724Z - [32minfo[39m: Current opened pages, from most-to-least recent:
2026-10-06T17:55:11.724Z - [32minfo[39m: 1. admin/exam-reference-sheet
2026-10-06T17:55:11.724Z - [32minfo[39m: 2. admin/exams
2026-10-06T17:55:12.731Z - [32minfo[39m: No pages needed to be rebuilt
2026-10-06T17:55:32.379Z - [32minfo[39m: Building /Users/damithch/Repos/nus-cs2103/cs2103-website-base/admin/overview-for-teachers as some of its dependencies were changed since the last visit
2026-10-06T17:55:32.496Z - [36mverbose[39m: Rendering page: /Users/damithch/Repos/nus-cs2103/cs2103-website-base/admin/overview-for-teachers.md
2026-10-06T17:55:32.524Z - [32minfo[39m: Site data built
2026-10-06T17:55:32.524Z - [32minfo[39m: Lazy website regeneration complete! Total build time: 0.146s
2026-10-06T17:57:40.118Z - [32minfo[39m: Building /Users/damithch/Repos/nus-cs2103/cs2103-website-base/se-book-adapted/index as some of its dependencies were changed since the last visit
2026-10-06T17:57:40.262Z - [36mverbose[39m: Rendering page: /Users/damithch/Repos/nus-cs2103/cs2103-website-base/se-book-adapted/index.md
2026-10-06T17:57:40.277Z - [32minfo[39m: Site data built
2026-10-06T17:57:40.277Z - [32minfo[39m: Lazy website regeneration complete! Total build time: 0.16s
2026-10-06T18:00:39.802Z - [32minfo[39m: [02:00:39] Reload for file change: /Users/damithch/Repos/nus-cs2103/cs2103-website-base/admin/overview-for-teachers.md
2026-10-06T18:00:39.804Z - [32minfo[39m: Synchronizing opened pages list before reload
2026-10-06T18:00:39.805Z - [32minfo[39m: Current opened pages, from most-to-least recent:
2026-10-06T18:00:39.805Z - [32minfo[39m: 1. ../admin/overview-for-teachers
2026-10-06T18:00:40.816Z - [32minfo[39m: No pages needed to be rebuilt
2026-10-06T18:00:58.054Z - [32minfo[39m: [02:00:58] Reload for file change: /Users/damithch/Repos/nus-cs2103/cs2103-website-base/admin/overview-for-teachers.md
2026-10-06T18:00:58.055Z - [32minfo[39m: Synchronizing opened pages list before reload
2026-10-06T18:00:58.056Z - [32minfo[39m: Current opened pages, from most-to-least recent:
2026-10-06T18:00:58.056Z - [32minfo[39m: 1. ../admin/overview-for-teachers
2026-10-06T18:00:59.060Z - [32minfo[39m: No pages needed to be rebuilt
2026-10-06T18:01:15.091Z - [32minfo[39m: [02:01:15] Reload for file change: /Users/damithch/Repos/nus-cs2103/cs2103-website-base/admin/overview-for-teachers.md
2026-10-06T18:01:15.092Z - [32minfo[39m: Synchronizing opened pages list before reload
2026-10-06T18:01:15.092Z - [32minfo[39m: Current opened pages, from most-to-least recent:
2026-10-06T18:01:15.093Z - [32minfo[39m: 1. ../admin/overview-for-teachers
2026-10-06T18:01:16.104Z - [32minfo[39m: No pages needed to be rebuilt
2026-10-06T18:01:47.874Z - [32minfo[39m: [02:01:47] Reload for file change: /Users/damithch/Repos/nus-cs2103/cs2103-website-base/admin/overview-for-teachers.md
2026-10-06T18:01:47.875Z - [32minfo[39m: Synchronizing opened pages list before reload
2026-10-06T18:01:47.875Z - [32minfo[39m: Current opened pages, from most-to-least recent:
2026-10-06T18:01:47.875Z - [32minfo[39m: 1. ../admin/overview-for-teachers
2026-10-06T18:01:48.888Z - [32minfo[39m: No pages needed to be rebuilt
2026-10-06T18:01:55.140Z - [32minfo[39m: Building /Users/damithch/Repos/nus-cs2103/cs2103-website-base/admin/overview-for-teachers as some of its dependencies were changed since the last visit
2026-10-06T18:01:55.269Z - [36mverbose[39m: Rendering page: /Users/damithch/Repos/nus-cs2103/cs2103-website-base/admin/overview-for-teachers.md
2026-10-06T18:01:55.296Z - [32minfo[39m: Site data built
2026-10-06T18:01:55.297Z - [32minfo[39m: Lazy website regeneration complete! Total build time: 0.158s
2026-10-06T18:02:47.940Z - [32minfo[39m: Building /Users/damithch/Repos/nus-cs2103/cs2103-website-base/admin/tp-pe as some of its dependencies were changed since the last visit
2026-10-06T18:02:50.689Z - [34mdebug[39m: 
2026-10-06T18:02:50.903Z - [34mdebug[39m: 
2026-10-06T18:02:50.956Z - [36mverbose[39m: Rendering page: /Users/damithch/Repos/nus-cs2103/cs2103-website-base/admin/tp-pe.md
2026-10-06T18:02:51.005Z - [32minfo[39m: Site data built
2026-10-06T18:02:51.005Z - [32minfo[39m: Lazy website regeneration complete! Total build time: 3.066s
2026-10-06T18:05:09.466Z - [32minfo[39m: [02:05:09] Reload for file change: /Users/damithch/Repos/nus-cs2103/cs2103-website-base/admin/overview-for-teachers.md
2026-10-06T18:05:09.467Z - [32minfo[39m: Synchronizing opened pages list before reload
2026-10-06T18:05:09.468Z - [32minfo[39m: Current opened pages, from most-to-least recent:
2026-10-06T18:05:09.468Z - [32minfo[39m: 1. ../admin/overview-for-teachers
2026-10-06T18:05:10.474Z - [32minfo[39m: No pages needed to be rebuilt
2026-10-06T18:06:45.730Z - [32minfo[39m: [02:06:45] Reload for file change: /Users/damithch/Repos/nus-cs2103/cs2103-website-base/admin/overview-for-teachers.md
2026-10-06T18:06:45.734Z - [32minfo[39m: Synchronizing opened pages list before reload
2026-10-06T18:06:45.737Z - [32minfo[39m: Current opened pages, from most-to-least recent:
2026-10-06T18:06:45.737Z - [32minfo[39m: 1. ../admin/overview-for-teachers
2026-10-06T18:06:46.759Z - [32minfo[39m: No pages needed to be rebuilt
2026-10-06T18:14:44.715Z - [32minfo[39m: [02:14:44] Reload for file change: /Users/damithch/Repos/nus-cs2103/cs2103-website-base/admin/overview-for-teachers.md
2026-10-06T18:14:44.723Z - [32minfo[39m: Synchronizing opened pages list before reload
2026-10-06T18:14:44.724Z - [32minfo[39m: Current opened pages, from most-to-least recent:
2026-10-06T18:14:44.725Z - [32minfo[39m: 1. ../admin/overview-for-teachers
2026-10-06T18:14:45.749Z - [32minfo[39m: No pages needed to be rebuilt
2026-10-06T18:16:16.104Z - [32minfo[39m: Building /Users/damithch/Repos/nus-cs2103/cs2103-website-base/schedule/timeline as some of its dependencies were changed since the last visit
2026-10-06T18:16:18.682Z - [36mverbose[39m: Rendering page: /Users/damithch/Repos/nus-cs2103/cs2103-website-base/schedule/timeline.md
2026-10-06T18:16:18.713Z - [32minfo[39m: Site data built
2026-10-06T18:16:18.713Z - [32minfo[39m: Lazy website regeneration complete! Total build time: 2.61s
2026-10-06T18:16:19.892Z - [32minfo[39m: Building /Users/damithch/Repos/nus-cs2103/cs2103-website-base/admin/overview-for-teachers as some of its dependencies were changed since the last visit
2026-10-06T18:16:19.949Z - [36mverbose[39m: Rendering page: /Users/damithch/Repos/nus-cs2103/cs2103-website-base/admin/overview-for-teachers.md
2026-10-06T18:16:19.962Z - [32minfo[39m: Site data built
2026-10-06T18:16:19.962Z - [32minfo[39m: Lazy website regeneration complete! Total build time: 0.07s
2026-10-06T18:18:24.850Z - [32minfo[39m: [02:18:24] Reload for file change: /Users/damithch/Repos/nus-cs2103/cs2103-website-base/admin/overview-for-teachers.md
2026-10-06T18:18:24.853Z - [32minfo[39m: Synchronizing opened pages list before reload
2026-10-06T18:18:24.853Z - [32minfo[39m: Current opened pages, from most-to-least recent:
2026-10-06T18:18:24.853Z - [32minfo[39m: 1. ../admin/overview-for-teachers
2026-10-06T18:18:25.871Z - [32minfo[39m: No pages needed to be rebuilt
2026-10-06T18:19:21.057Z - [32minfo[39m: [02:19:21] Reload for file change: /Users/damithch/Repos/nus-cs2103/cs2103-website-base/admin/overview-for-teachers.md
2026-10-06T18:19:21.058Z - [32minfo[39m: Synchronizing opened pages list before reload
2026-10-06T18:19:21.059Z - [32minfo[39m: Current opened pages, from most-to-least recent:
2026-10-06T18:19:21.059Z - [32minfo[39m: 1. ../admin/overview-for-teachers
2026-10-06T18:19:22.063Z - [32minfo[39m: No pages needed to be rebuilt
2026-10-06T18:19:31.458Z - [32minfo[39m: [02:19:31] Reload for file change: /Users/damithch/Repos/nus-cs2103/cs2103-website-base/admin/overview-for-teachers.md
2026-10-06T18:19:31.459Z - [32minfo[39m: Synchronizing opened pages list before reload
2026-10-06T18:19:31.460Z - [32minfo[39m: Current opened pages, from most-to-least recent:
2026-10-06T18:19:31.460Z - [32minfo[39m: 1. ../admin/overview-for-teachers
2026-10-06T18:19:32.466Z - [32minfo[39m: No pages needed to be rebuilt
2026-10-06T18:20:43.117Z - [32minfo[39m: [02:20:43] Reload for file change: /Users/damithch/Repos/nus-cs2103/cs2103-website-base/admin/overview-for-teachers.md
2026-10-06T18:20:43.117Z - [32minfo[39m: Synchronizing opened pages list before reload
2026-10-06T18:20:43.118Z - [32minfo[39m: Current opened pages, from most-to-least recent:
2026-10-06T18:20:43.118Z - [32minfo[39m: 1. ../admin/overview-for-teachers
2026-10-06T18:20:44.129Z - [32minfo[39m: No pages needed to be rebuilt
2026-10-06T18:20:46.490Z - [32minfo[39m: Building /Users/damithch/Repos/nus-cs2103/cs2103-website-base/admin/overview-for-teachers as some of its dependencies were changed since the last visit
2026-10-06T18:20:46.620Z - [36mverbose[39m: Rendering page: /Users/damithch/Repos/nus-cs2103/cs2103-website-base/admin/overview-for-teachers.md
2026-10-06T18:20:46.646Z - [32minfo[39m: Site data built
2026-10-06T18:20:46.646Z - [32minfo[39m: Lazy website regeneration complete! Total build time: 0.156s
2026-10-06T18:22:12.254Z - [32minfo[39m: [02:22:12] Reload for file change: /Users/damithch/Repos/nus-cs2103/cs2103-website-base/admin/overview-for-teachers.md
2026-10-06T18:22:12.255Z - [32minfo[39m: Synchronizing opened pages list before reload
2026-10-06T18:22:12.256Z - [32minfo[39m: Current opened pages, from most-to-least recent:
2026-10-06T18:22:12.258Z - [32minfo[39m: 1. ../admin/overview-for-teachers
2026-10-06T18:22:13.267Z - [32minfo[39m: No pages needed to be rebuilt
2026-10-06T18:22:19.390Z - [32minfo[39m: Building /Users/damithch/Repos/nus-cs2103/cs2103-website-base/admin/mid-semester-survey-results as some of its dependencies were changed since the last visit
2026-10-06T18:22:19.590Z - [36mverbose[39m: Rendering page: /Users/damithch/Repos/nus-cs2103/cs2103-website-base/admin/mid-semester-survey-results.md
2026-10-06T18:22:19.614Z - [32minfo[39m: Site data built
2026-10-06T18:22:19.614Z - [32minfo[39m: Lazy website regeneration complete! Total build time: 0.225s
2026-10-06T18:22:20.795Z - [32minfo[39m: Building /Users/damithch/Repos/nus-cs2103/cs2103-website-base/admin/overview-for-teachers as some of its dependencies were changed since the last visit
2026-10-06T18:22:20.857Z - [36mverbose[39m: Rendering page: /Users/damithch/Repos/nus-cs2103/cs2103-website-base/admin/overview-for-teachers.md
2026-10-06T18:22:20.868Z - [32minfo[39m: Site data built
2026-10-06T18:22:20.868Z - [32minfo[39m: Lazy website regeneration complete! Total build time: 0.073s
2026-10-06T18:24:04.217Z - [32minfo[39m: [02:24:04] Reload for file change: /Users/damithch/Repos/nus-cs2103/cs2103-website-base/admin/overview-for-teachers.md
2026-10-06T18:24:04.227Z - [32minfo[39m: Synchronizing opened pages list before reload
2026-10-06T18:24:04.228Z - [32minfo[39m: Current opened pages, from most-to-least recent:
2026-10-06T18:24:04.229Z - [32minfo[39m: 1. admin/mid-semester-survey-results
2026-10-06T18:24:04.229Z - [32minfo[39m: 2. ../admin/overview-for-teachers
2026-10-06T18:24:05.250Z - [32minfo[39m: No pages needed to be rebuilt
2026-10-06T18:26:33.608Z - [32minfo[39m: Building /Users/damithch/Repos/nus-cs2103/cs2103-website-base/admin/overview-for-teachers as some of its dependencies were changed since the last visit
2026-10-06T18:26:33.738Z - [36mverbose[39m: Rendering page: /Users/damithch/Repos/nus-cs2103/cs2103-website-base/admin/overview-for-teachers.md
2026-10-06T18:26:33.763Z - [32minfo[39m: Site data built
2026-10-06T18:26:33.763Z - [32minfo[39m: Lazy website regeneration complete! Total build time: 0.155s
2026-10-06T18:28:10.017Z - [32minfo[39m: [02:28:10] Reload for file change: /Users/damithch/Repos/nus-cs2103/cs2103-website-base/admin/overview-for-teachers.md
2026-10-06T18:28:10.018Z - [32minfo[39m: Synchronizing opened pages list before reload
2026-10-06T18:28:10.019Z - [32minfo[39m: Current opened pages, from most-to-least recent:
2026-10-06T18:28:10.019Z - [32minfo[39m: 1. ../admin/overview-for-teachers
2026-10-06T18:28:11.027Z - [32minfo[39m: No pages needed to be rebuilt
2026-10-06T18:28:16.990Z - [32minfo[39m: Building /Users/damithch/Repos/nus-cs2103/cs2103-website-base/admin/overview-for-teachers as some of its dependencies were changed since the last visit
2026-10-06T18:28:17.086Z - [36mverbose[39m: Rendering page: /Users/damithch/Repos/nus-cs2103/cs2103-website-base/admin/overview-for-teachers.md
2026-10-06T18:28:17.106Z - [32minfo[39m: Site data built
2026-10-06T18:28:17.106Z - [32minfo[39m: Lazy website regeneration complete! Total build time: 0.117s
2026-10-06T18:29:26.111Z - [32minfo[39m: [02:29:26] Reload for file change: /Users/damithch/Repos/nus-cs2103/cs2103-website-base/admin/overview-for-teachers.md
2026-10-06T18:29:26.112Z - [32minfo[39m: Synchronizing opened pages list before reload
2026-10-06T18:29:26.112Z - [32minfo[39m: Current opened pages, from most-to-least recent:
2026-10-06T18:29:26.112Z - [32minfo[39m: 1. ../admin/overview-for-teachers
2026-10-06T18:29:27.120Z - [32minfo[39m: No pages needed to be rebuilt
2026-10-06T18:31:34.465Z - [32minfo[39m: [02:31:34] Reload for file change: /Users/damithch/Repos/nus-cs2103/cs2103-website-base/admin/overview-for-teachers.md
2026-10-06T18:31:34.466Z - [32minfo[39m: Synchronizing opened pages list before reload
2026-10-06T18:31:34.467Z - [32minfo[39m: Current opened pages, from most-to-least recent:
2026-10-06T18:31:34.467Z - [32minfo[39m: 1. ../admin/overview-for-teachers
2026-10-06T18:31:35.475Z - [32minfo[39m: No pages needed to be rebuilt
2026-10-06T18:31:43.989Z - [32minfo[39m: Building /Users/damithch/Repos/nus-cs2103/cs2103-website-base/admin/overview-for-teachers as some of its dependencies were changed since the last visit
2026-10-06T18:31:44.119Z - [36mverbose[39m: Rendering page: /Users/damithch/Repos/nus-cs2103/cs2103-website-base/admin/overview-for-teachers.md
2026-10-06T18:31:44.145Z - [32minfo[39m: Site data built
2026-10-06T18:31:44.145Z - [32minfo[39m: Lazy website regeneration complete! Total build time: 0.157s
2026-10-06T18:32:27.035Z - [32minfo[39m: [02:32:27] Reload for file change: /Users/damithch/Repos/nus-cs2103/cs2103-website-base/admin/overview-for-teachers.md
2026-10-06T18:32:27.040Z - [32minfo[39m: Synchronizing opened pages list before reload
2026-10-06T18:32:27.042Z - [32minfo[39m: Current opened pages, from most-to-least recent:
2026-10-06T18:32:27.044Z - [32minfo[39m: 1. ../admin/overview-for-teachers
2026-10-06T18:32:28.059Z - [32minfo[39m: No pages needed to be rebuilt
2026-10-06T18:33:31.360Z - [32minfo[39m: [02:33:31] Reload for file change: /Users/damithch/Repos/nus-cs2103/cs2103-website-base/admin/overview-for-teachers.md
2026-10-06T18:33:31.361Z - [32minfo[39m: Synchronizing opened pages list before reload
2026-10-06T18:33:31.363Z - [32minfo[39m: Current opened pages, from most-to-least recent:
2026-10-06T18:33:31.364Z - [32minfo[39m: 1. ../admin/overview-for-teachers
2026-10-06T18:33:32.368Z - [32minfo[39m: No pages needed to be rebuilt
2026-10-06T18:33:37.185Z - [32minfo[39m: Building /Users/damithch/Repos/nus-cs2103/cs2103-website-base/admin/overview-for-teachers as some of its dependencies were changed since the last visit
2026-10-06T18:33:37.394Z - [36mverbose[39m: Rendering page: /Users/damithch/Repos/nus-cs2103/cs2103-website-base/admin/overview-for-teachers.md
2026-10-06T18:33:37.407Z - [32minfo[39m: Site data built
2026-10-06T18:33:37.407Z - [32minfo[39m: Lazy website regeneration complete! Total build time: 0.229s
2026-10-06T18:34:32.612Z - [32minfo[39m: [02:34:32] Reload for file change: /Users/damithch/Repos/nus-cs2103/cs2103-website-base/admin/overview-for-teachers.md
2026-10-06T18:34:32.620Z - [32minfo[39m: Synchronizing opened pages list before reload
2026-10-06T18:34:32.630Z - [32minfo[39m: Current opened pages, from most-to-least recent:
2026-10-06T18:34:32.630Z - [32minfo[39m: 1. ../admin/overview-for-teachers
2026-10-06T18:34:33.644Z - [32minfo[39m: No pages needed to be rebuilt
2026-10-06T18:34:38.637Z - [32minfo[39m: Building /Users/damithch/Repos/nus-cs2103/cs2103-website-base/admin/overview-for-teachers as some of its dependencies were changed since the last visit
2026-10-06T18:34:38.860Z - [36mverbose[39m: Rendering page: /Users/damithch/Repos/nus-cs2103/cs2103-website-base/admin/overview-for-teachers.md
2026-10-06T18:34:38.874Z - [32minfo[39m: Site data built
2026-10-06T18:34:38.874Z - [32minfo[39m: Lazy website regeneration complete! Total build time: 0.24s
2026-10-06T18:35:14.439Z - [32minfo[39m: [02:35:14] Reload for file change: /Users/damithch/Repos/nus-cs2103/cs2103-website-base/admin/overview-for-teachers.md
2026-10-06T18:35:14.442Z - [32minfo[39m: Synchronizing opened pages list before reload
2026-10-06T18:35:14.443Z - [32minfo[39m: Current opened pages, from most-to-least recent:
2026-10-06T18:35:14.443Z - [32minfo[39m: 1. ../admin/overview-for-teachers
2026-10-06T18:35:15.463Z - [32minfo[39m: No pages needed to be rebuilt
2026-10-06T18:35:20.863Z - [32minfo[39m: Building /Users/damithch/Repos/nus-cs2103/cs2103-website-base/admin/overview-for-teachers as some of its dependencies were changed since the last visit
2026-10-06T18:35:21.064Z - [36mverbose[39m: Rendering page: /Users/damithch/Repos/nus-cs2103/cs2103-website-base/admin/overview-for-teachers.md
2026-10-06T18:35:21.079Z - [32minfo[39m: Site data built
2026-10-06T18:35:21.079Z - [32minfo[39m: Lazy website regeneration complete! Total build time: 0.217s
2026-10-06T18:35:46.408Z - [32minfo[39m: [02:35:46] Reload for file change: /Users/damithch/Repos/nus-cs2103/cs2103-website-base/admin/overview-for-teachers.md
2026-10-06T18:35:46.409Z - [32minfo[39m: Synchronizing opened pages list before reload
2026-10-06T18:35:46.409Z - [32minfo[39m: Current opened pages, from most-to-least recent:
2026-10-06T18:35:46.410Z - [32minfo[39m: 1. ../admin/overview-for-teachers
2026-10-06T18:35:47.422Z - [32minfo[39m: No pages needed to be rebuilt
2026-10-06T18:35:49.121Z - [32minfo[39m: Building /Users/damithch/Repos/nus-cs2103/cs2103-website-base/admin/overview-for-teachers as some of its dependencies were changed since the last visit
2026-10-06T18:35:49.281Z - [36mverbose[39m: Rendering page: /Users/damithch/Repos/nus-cs2103/cs2103-website-base/admin/overview-for-teachers.md
2026-10-06T18:35:49.309Z - [32minfo[39m: Site data built
2026-10-06T18:35:49.309Z - [32minfo[39m: Lazy website regeneration complete! Total build time: 0.189s
2026-10-06T18:36:13.300Z - [32minfo[39m: [02:36:13] Reload for file change: /Users/damithch/Repos/nus-cs2103/cs2103-website-base/admin/overview-for-teachers.md
2026-10-06T18:36:13.301Z - [32minfo[39m: Synchronizing opened pages list before reload
2026-10-06T18:36:13.302Z - [32minfo[39m: Current opened pages, from most-to-least recent:
2026-10-06T18:36:13.303Z - [32minfo[39m: 1. ../admin/overview-for-teachers
2026-10-06T18:36:14.312Z - [32minfo[39m: No pages needed to be rebuilt
2026-10-06T18:36:15.521Z - [32minfo[39m: Building /Users/damithch/Repos/nus-cs2103/cs2103-website-base/admin/overview-for-teachers as some of its dependencies were changed since the last visit
2026-10-06T18:36:15.786Z - [36mverbose[39m: Rendering page: /Users/damithch/Repos/nus-cs2103/cs2103-website-base/admin/overview-for-teachers.md
2026-10-06T18:36:15.805Z - [32minfo[39m: Site data built
2026-10-06T18:36:15.805Z - [32minfo[39m: Lazy website regeneration complete! Total build time: 0.284s
2026-10-06T18:37:47.305Z - [32minfo[39m: [02:37:47] Reload for file change: /Users/damithch/Repos/nus-cs2103/cs2103-website-base/admin/overview-for-teachers.md
2026-10-06T18:37:47.310Z - [32minfo[39m: Synchronizing opened pages list before reload
2026-10-06T18:37:47.316Z - [32minfo[39m: Current opened pages, from most-to-least recent:
2026-10-06T18:37:47.317Z - [32minfo[39m: 1. ../admin/overview-for-teachers
2026-10-06T18:37:48.335Z - [32minfo[39m: No pages needed to be rebuilt
2026-10-06T18:37:59.591Z - [32minfo[39m: Building /Users/damithch/Repos/nus-cs2103/cs2103-website-base/admin/ip-w3 as some of its dependencies were changed since the last visit
2026-10-06T18:38:00.638Z - [36mverbose[39m: Rendering page: /Users/damithch/Repos/nus-cs2103/cs2103-website-base/admin/ip-w3.md
2026-10-06T18:38:00.672Z - [32minfo[39m: Site data built
2026-10-06T18:38:00.672Z - [32minfo[39m: Lazy website regeneration complete! Total build time: 1.082s
2026-10-06T18:38:11.749Z - [32minfo[39m: Building /Users/damithch/Repos/nus-cs2103/cs2103-website-base/admin/ip-w4 as some of its dependencies were changed since the last visit
2026-10-06T18:38:12.721Z - [36mverbose[39m: Rendering page: /Users/damithch/Repos/nus-cs2103/cs2103-website-base/admin/ip-w4.md
2026-10-06T18:38:12.767Z - [32minfo[39m: Site data built
2026-10-06T18:38:12.767Z - [32minfo[39m: Lazy website regeneration complete! Total build time: 1.018s
2026-10-06T18:39:46.055Z - [32minfo[39m: [02:39:46] Reload for file change: /Users/damithch/Repos/nus-cs2103/cs2103-website-base/admin/overview-for-teachers.md
2026-10-06T18:39:46.058Z - [32minfo[39m: Synchronizing opened pages list before reload
2026-10-06T18:39:46.059Z - [32minfo[39m: Current opened pages, from most-to-least recent:
2026-10-06T18:39:46.059Z - [32minfo[39m: 1. admin/ip-w4
2026-10-06T18:39:47.087Z - [32minfo[39m: No pages needed to be rebuilt
2026-10-06T18:39:54.609Z - [32minfo[39m: Building /Users/damithch/Repos/nus-cs2103/cs2103-website-base/admin/overview-for-teachers as some of its dependencies were changed since the last visit
2026-10-06T18:39:54.827Z - [36mverbose[39m: Rendering page: /Users/damithch/Repos/nus-cs2103/cs2103-website-base/admin/overview-for-teachers.md
2026-10-06T18:39:54.849Z - [32minfo[39m: Site data built
2026-10-06T18:39:54.849Z - [32minfo[39m: Lazy website regeneration complete! Total build time: 0.241s
2026-10-06T18:40:15.679Z - [32minfo[39m: [02:40:15] Reload for file change: /Users/damithch/Repos/nus-cs2103/cs2103-website-base/admin/overview-for-teachers.md
2026-10-06T18:40:15.681Z - [32minfo[39m: Synchronizing opened pages list before reload
2026-10-06T18:40:15.682Z - [32minfo[39m: Current opened pages, from most-to-least recent:
2026-10-06T18:40:15.682Z - [32minfo[39m: 1. ../admin/overview-for-teachers
2026-10-06T18:40:16.694Z - [32minfo[39m: No pages needed to be rebuilt
2026-10-06T18:41:29.042Z - [32minfo[39m: [02:41:29] Reload for file change: /Users/damithch/Repos/nus-cs2103/cs2103-website-base/admin/overview-for-teachers.md
2026-10-06T18:41:29.043Z - [32minfo[39m: Synchronizing opened pages list before reload
2026-10-06T18:41:29.044Z - [32minfo[39m: Current opened pages, from most-to-least recent:
2026-10-06T18:41:29.044Z - [32minfo[39m: 1. ../admin/overview-for-teachers
2026-10-06T18:41:30.049Z - [32minfo[39m: No pages needed to be rebuilt
2026-10-06T18:41:36.880Z - [32minfo[39m: Building /Users/damithch/Repos/nus-cs2103/cs2103-website-base/admin/overview-for-teachers as some of its dependencies were changed since the last visit
2026-10-06T18:41:37.115Z - [36mverbose[39m: Rendering page: /Users/damithch/Repos/nus-cs2103/cs2103-website-base/admin/overview-for-teachers.md
2026-10-06T18:41:37.129Z - [32minfo[39m: Site data built
2026-10-06T18:41:37.129Z - [32minfo[39m: Lazy website regeneration complete! Total build time: 0.25s
2026-10-06T18:46:36.983Z - [32minfo[39m: [02:46:36] Reload for file change: /Users/damithch/Repos/nus-cs2103/cs2103-website-base/_temp/ai-scripts/issues_create_diff.py
2026-10-06T18:46:36.987Z - [32minfo[39m: Synchronizing opened pages list before reload
2026-10-06T18:46:36.988Z - [32minfo[39m: Current opened pages, from most-to-least recent:
2026-10-06T18:46:36.988Z - [32minfo[39m: 1. ../admin/overview-for-teachers
2026-10-06T18:46:38.009Z - [32minfo[39m: Assets built
2026-10-06T18:49:18.387Z - [32minfo[39m: [02:49:18] Reload for file change: /Users/damithch/Repos/nus-cs2103/cs2103-website-base/_temp/ai-scripts/issues_found.py
2026-10-06T18:49:18.395Z - [32minfo[39m: Synchronizing opened pages list before reload
2026-10-06T18:49:18.397Z - [32minfo[39m: Current opened pages, from most-to-least recent:
2026-10-06T18:49:18.397Z - [32minfo[39m: 1. ../admin/overview-for-teachers
2026-10-06T18:49:19.447Z - [32minfo[39m: Assets built
2026-10-06T18:49:24.856Z - [32minfo[39m: [02:49:24] Reload for file add: /Users/damithch/Repos/nus-cs2103/cs2103-website-base/_temp/changes-for-review-2026-10-07-02-24.html
2026-10-06T18:49:24.856Z - [32minfo[39m: Synchronizing opened pages list before reload
2026-10-06T18:49:24.856Z - [32minfo[39m: Current opened pages, from most-to-least recent:
2026-10-06T18:49:24.856Z - [32minfo[39m: 1. ../admin/overview-for-teachers
2026-10-06T18:49:25.048Z - [32minfo[39m: [02:49:25] Reload for file change: /Users/damithch/Repos/nus-cs2103/cs2103-website-base/_temp/ai-scripts/__pycache__/issues_found.cpython-310.pyc
2026-10-06T18:49:25.049Z - [32minfo[39m: Synchronizing opened pages list before reload
2026-10-06T18:49:25.049Z - [32minfo[39m: Current opened pages, from most-to-least recent:
2026-10-06T18:49:25.049Z - [32minfo[39m: 1. ../admin/overview-for-teachers
2026-10-06T18:49:26.043Z - [32minfo[39m: Assets built
2026-10-06T18:55:48.582Z - [32minfo[39m: [02:55:48] Reload for file change: /Users/damithch/Repos/nus-cs2103/cs2103-website-base/admin/overview-for-teachers.md
2026-10-06T18:55:48.589Z - [32minfo[39m: Synchronizing opened pages list before reload
2026-10-06T18:55:48.591Z - [32minfo[39m: Current opened pages, from most-to-least recent:
2026-10-06T18:55:48.592Z - [32minfo[39m: 1. ../admin/overview-for-teachers
2026-10-06T18:55:49.616Z - [32minfo[39m: No pages needed to be rebuilt
2026-10-06T18:56:26.643Z - [32minfo[39m: Website generation started at 2:56:26 AM
2026-10-06T18:56:27.075Z - [33mwarn[39m: ENOENT: no such file or directory, open '/Users/damithch/Repos/nus-cs2103/cs2103-website-base/_site/book/_markbind/variables.md'
2026-10-06T18:56:27.077Z - [33mwarn[39m: ENOENT: no such file or directory, open '/Users/damithch/Repos/nus-cs2103/cs2103-website-base/_site/_markbind/variables.md'
2026-10-06T18:56:27.109Z - [32minfo[39m: Building assets...
2026-10-06T18:56:27.950Z - [32minfo[39m: Assets built
2026-10-06T18:56:27.951Z - [32minfo[39m: Generating pages...
2026-10-06T18:56:28.492Z - [36mverbose[39m: Rendering page: /Users/damithch/Repos/nus-cs2103/cs2103-website-base/admin/CP3108A-option.md
2026-10-06T18:56:28.511Z - [36mverbose[39m: Rendering page: /Users/damithch/Repos/nus-cs2103/cs2103-website-base/admin/appendixB-policies.md
2026-10-06T18:56:28.530Z - [36mverbose[39m: Rendering page: /Users/damithch/Repos/nus-cs2103/cs2103-website-base/admin/appendixA-principles.md
2026-10-06T18:56:28.542Z - [36mverbose[39m: Rendering page: /Users/damithch/Repos/nus-cs2103/cs2103-website-base/admin/acknowledgements.md
2026-10-06T18:56:30.455Z - [34mdebug[39m: /bin/sh: line 1: 30446 Abort trap: 6           java -jar "/opt/homebrew/lib/node_modules/markbind-cli/node_modules/@markbind/core/src/plugins/default/plantuml.jar" -nometadata -pipe > "/private/tmp/cs2103-overview-teachers.3WfgAB/02efa8074d6808ed35a398656ab974b5.png"

2026-10-06T18:56:30.455Z - [34mdebug[39m: /bin/sh: line 1: 30448 Abort trap: 6           java -jar "/opt/homebrew/lib/node_modules/markbind-cli/node_modules/@markbind/core/src/plugins/default/plantuml.jar" -nometadata -pipe > "/private/tmp/cs2103-overview-teachers.3WfgAB/5692e4a38374748c0777a01dc7adb0ed.png"

2026-10-06T18:56:30.456Z - [34mdebug[39m: /bin/sh: line 1: 30450 Abort trap: 6           java -jar "/opt/homebrew/lib/node_modules/markbind-cli/node_modules/@markbind/core/src/plugins/default/plantuml.jar" -nometadata -pipe > "/private/tmp/cs2103-overview-teachers.3WfgAB/book/architecture/introduction/what/images/architecture.png"

2026-10-06T18:56:30.456Z - [34mdebug[39m: /bin/sh: line 1: 30452 Abort trap: 6           java -jar "/opt/homebrew/lib/node_modules/markbind-cli/node_modules/@markbind/core/src/plugins/default/plantuml.jar" -nometadata -pipe > "/private/tmp/cs2103-overview-teachers.3WfgAB/book/architecture/architectureDiagrams/views/images/twoViews.png"

2026-10-06T18:56:30.456Z - [34mdebug[39m: /bin/sh: line 1: 30454 Abort trap: 6           java -jar "/opt/homebrew/lib/node_modules/markbind-cli/node_modules/@markbind/core/src/plugins/default/plantuml.jar" -nometadata -pipe > "/private/tmp/cs2103-overview-teachers.3WfgAB/book/architecture/architecturalStyles/monolith/what/images/monolithVsModularMonolith.png"

2026-10-06T18:56:30.456Z - [34mdebug[39m: /bin/sh: line 1: 30456 Abort trap: 6           java -jar "/opt/homebrew/lib/node_modules/markbind-cli/node_modules/@markbind/core/src/plugins/default/plantuml.jar" -nometadata -pipe > "/private/tmp/cs2103-overview-teachers.3WfgAB/book/architecture/architecturalStyles/clientServer/what/images/clientServerViews.png"

2026-10-06T18:56:30.456Z - [34mdebug[39m: /bin/sh: line 1: 30460 Abort trap: 6           java -jar "/opt/homebrew/lib/node_modules/markbind-cli/node_modules/@markbind/core/src/plugins/default/plantuml.jar" -nometadata -pipe > "/private/tmp/cs2103-overview-teachers.3WfgAB/book/architecture/architecturalStyles/serviceOriented/what/images/monolithVsMicroservices.png"

2026-10-06T18:56:31.521Z - [34mdebug[39m: /bin/sh: line 1: 30459 Abort trap: 6           java -jar "/opt/homebrew/lib/node_modules/markbind-cli/node_modules/@markbind/core/src/plugins/default/plantuml.jar" -nometadata -pipe > "/private/tmp/cs2103-overview-teachers.3WfgAB/book/architecture/architecturalStyles/serviceOriented/what/images/composingServices.png"

2026-10-06T18:56:31.521Z - [34mdebug[39m: /bin/sh: line 1: 30462 Abort trap: 6           java -jar "/opt/homebrew/lib/node_modules/markbind-cli/node_modules/@markbind/core/src/plugins/default/plantuml.jar" -nometadata -pipe > "/private/tmp/cs2103-overview-teachers.3WfgAB/book/architecture/architecturalStyles/more/usingStyles/images/architectureProgression.png"

2026-10-06T18:56:31.521Z - [34mdebug[39m: /bin/sh: line 1: 30464 Abort trap: 6           java -jar "/opt/homebrew/lib/node_modules/markbind-cli/node_modules/@markbind/core/src/plugins/default/plantuml.jar" -nometadata -pipe > "/private/tmp/cs2103-overview-teachers.3WfgAB/book/designPatterns/singleton/what/images/singleton.png"

2026-10-06T18:56:31.521Z - [34mdebug[39m: /bin/sh: line 1: 30471 Abort trap: 6           java -jar "/opt/homebrew/lib/node_modules/markbind-cli/node_modules/@markbind/core/src/plugins/default/plantuml.jar" -nometadata -pipe > "/private/tmp/cs2103-overview-teachers.3WfgAB/bd8098b2469d2837ed88d34009addf28.png"

2026-10-06T18:56:31.521Z - [34mdebug[39m: /bin/sh: line 1: 30472 Abort trap: 6           java -jar "/opt/homebrew/lib/node_modules/markbind-cli/node_modules/@markbind/core/src/plugins/default/plantuml.jar" -nometadata -pipe > "/private/tmp/cs2103-overview-teachers.3WfgAB/c19b33a34d429a1c3c7daf265c9d7e12.png"

2026-10-06T18:56:31.521Z - [34mdebug[39m: /bin/sh: line 1: 30476 Abort trap: 6           java -jar "/opt/homebrew/lib/node_modules/markbind-cli/node_modules/@markbind/core/src/plugins/default/plantuml.jar" -nometadata -pipe > "/private/tmp/cs2103-overview-teachers.3WfgAB/book/uml/classDiagrams/associationsAsAttributes/what/images/cd-BookAuthor1.png"

2026-10-06T18:56:31.521Z - [34mdebug[39m: /bin/sh: line 1: 30477 Abort trap: 6           java -jar "/opt/homebrew/lib/node_modules/markbind-cli/node_modules/@markbind/core/src/plugins/default/plantuml.jar" -nometadata -pipe > "/private/tmp/cs2103-overview-teachers.3WfgAB/book/uml/classDiagrams/associationsAsAttributes/what/images/cd-BookAuthor2.png"

2026-10-06T18:56:31.525Z - [34mdebug[39m: /bin/sh: line 1: 30478 Abort trap: 6           java -jar "/opt/homebrew/lib/node_modules/markbind-cli/node_modules/@markbind/core/src/plugins/default/plantuml.jar" -nometadata -pipe > "/private/tmp/cs2103-overview-teachers.3WfgAB/book/uml/classDiagrams/associationsAsAttributes/what/images/cd-BookAuthor3.png"

2026-10-06T18:56:31.646Z - [34mdebug[39m: /bin/sh: line 1: 30480 Abort trap: 6           java -jar "/opt/homebrew/lib/node_modules/markbind-cli/node_modules/@markbind/core/src/plugins/default/plantuml.jar" -nometadata -pipe > "/private/tmp/cs2103-overview-teachers.3WfgAB/book/uml/classDiagrams/classInheritance/what/images/cd-inheritance-and-generics.png"

2026-10-06T18:56:31.767Z - [34mdebug[39m: /bin/sh: line 1: 30486 Abort trap: 6           java -jar "/opt/homebrew/lib/node_modules/markbind-cli/node_modules/@markbind/core/src/plugins/default/plantuml.jar" -nometadata -pipe > "/private/tmp/cs2103-overview-teachers.3WfgAB/book/uml/classDiagrams/dependencies/what/images/correctDependencyWithAssociation.png"

2026-10-06T18:56:31.881Z - [34mdebug[39m: /bin/sh: line 1: 30484 Abort trap: 6           java -jar "/opt/homebrew/lib/node_modules/markbind-cli/node_modules/@markbind/core/src/plugins/default/plantuml.jar" -nometadata -pipe > "/private/tmp/cs2103-overview-teachers.3WfgAB/book/uml/classDiagrams/dependencies/what/images/incorrectDependencyWithAssociation.png"

2026-10-06T18:56:31.997Z - [34mdebug[39m: /bin/sh: line 1: 30485 Abort trap: 6           java -jar "/opt/homebrew/lib/node_modules/markbind-cli/node_modules/@markbind/core/src/plugins/default/plantuml.jar" -nometadata -pipe > "/private/tmp/cs2103-overview-teachers.3WfgAB/book/uml/classDiagrams/dependencies/what/images/incorrectDependencyWithInheritance.png"

2026-10-06T18:56:32.147Z - [34mdebug[39m: /bin/sh: line 1: 30488 Abort trap: 6           java -jar "/opt/homebrew/lib/node_modules/markbind-cli/node_modules/@markbind/core/src/plugins/default/plantuml.jar" -nometadata -pipe > "/private/tmp/cs2103-overview-teachers.3WfgAB/280e50c63f08262dcbd5aefbd99f7081.png"

2026-10-06T18:56:32.424Z - [34mdebug[39m: /bin/sh: line 1: 30490 Abort trap: 6           java -jar "/opt/homebrew/lib/node_modules/markbind-cli/node_modules/@markbind/core/src/plugins/default/plantuml.jar" -nometadata -pipe > "/private/tmp/cs2103-overview-teachers.3WfgAB/bdcc6c306f8f0813fdb8e1be062edcb4.png"

2026-10-06T18:56:32.571Z - [34mdebug[39m: /bin/sh: line 1: 30493 Abort trap: 6           java -jar "/opt/homebrew/lib/node_modules/markbind-cli/node_modules/@markbind/core/src/plugins/default/plantuml.jar" -nometadata -pipe > "/private/tmp/cs2103-overview-teachers.3WfgAB/fe10d1b78a5657f279433e2da147b51b.png"

2026-10-06T18:56:32.706Z - [34mdebug[39m: /bin/sh: line 1: 30494 Abort trap: 6           java -jar "/opt/homebrew/lib/node_modules/markbind-cli/node_modules/@markbind/core/src/plugins/default/plantuml.jar" -nometadata -pipe > "/private/tmp/cs2103-overview-teachers.3WfgAB/c07659f0ec05d55f1e9b5771aedf362d.png"

2026-10-06T18:56:32.837Z - [34mdebug[39m: /bin/sh: line 1: 30497 Abort trap: 6           java -jar "/opt/homebrew/lib/node_modules/markbind-cli/node_modules/@markbind/core/src/plugins/default/plantuml.jar" -nometadata -pipe > "/private/tmp/cs2103-overview-teachers.3WfgAB/book/uml/sequenceDiagrams/staticMethods/images/staticMethodCall.png"

2026-10-06T18:56:32.959Z - [34mdebug[39m: /bin/sh: line 1: 30498 Abort trap: 6           java -jar "/opt/homebrew/lib/node_modules/markbind-cli/node_modules/@markbind/core/src/plugins/default/plantuml.jar" -nometadata -pipe > "/private/tmp/cs2103-overview-teachers.3WfgAB/book/uml/sequenceDiagrams/staticMethods/images/personClass.png"

2026-10-06T18:56:33.030Z - [36mverbose[39m: Rendering page: /Users/damithch/Repos/nus-cs2103/cs2103-website-base/index.md
2026-10-06T18:56:33.040Z - [36mverbose[39m: Rendering page: /Users/damithch/Repos/nus-cs2103/cs2103-website-base/book/uml/stereotypes/index.md
2026-10-06T18:56:33.047Z - [36mverbose[39m: Rendering page: /Users/damithch/Repos/nus-cs2103/cs2103-website-base/book/uml/stereotypes/what/index.md
2026-10-06T18:56:33.059Z - [36mverbose[39m: Rendering page: /Users/damithch/Repos/nus-cs2103/cs2103-website-base/se-book-adapted/print.md
2026-10-06T18:56:33.324Z - [36mverbose[39m: Rendering page: /Users/damithch/Repos/nus-cs2103/cs2103-website-base/book/uml/sequenceDiagrams/staticMethods/index.md
2026-10-06T18:56:33.331Z - [36mverbose[39m: Rendering page: /Users/damithch/Repos/nus-cs2103/cs2103-website-base/book/uml/sequenceDiagrams/selfInvocation/index.md
2026-10-06T18:56:33.337Z - [36mverbose[39m: Rendering page: /Users/damithch/Repos/nus-cs2103/cs2103-website-base/book/uml/sequenceDiagrams/referenceFrames/index.md
2026-10-06T18:56:33.343Z - [36mverbose[39m: Rendering page: /Users/damithch/Repos/nus-cs2103/cs2103-website-base/book/uml/sequenceDiagrams/parallelPaths/index.md
2026-10-06T18:56:33.405Z - [36mverbose[39m: Rendering page: /Users/damithch/Repos/nus-cs2103/cs2103-website-base/book/uml/sequenceDiagrams/optionalPaths/index.md
2026-10-06T18:56:33.411Z - [36mverbose[39m: Rendering page: /Users/damithch/Repos/nus-cs2103/cs2103-website-base/book/uml/sequenceDiagrams/objectCreation/index.md
2026-10-06T18:56:33.417Z - [36mverbose[39m: Rendering page: /Users/damithch/Repos/nus-cs2103/cs2103-website-base/book/uml/sequenceDiagrams/objectDeletion/index.md
2026-10-06T18:56:33.423Z - [36mverbose[39m: Rendering page: /Users/damithch/Repos/nus-cs2103/cs2103-website-base/book/uml/sequenceDiagrams/minimalNotation/index.md
2026-10-06T18:56:33.526Z - [36mverbose[39m: Rendering page: /Users/damithch/Repos/nus-cs2103/cs2103-website-base/book/uml/sequenceDiagrams/loops/index.md
2026-10-06T18:56:33.532Z - [36mverbose[39m: Rendering page: /Users/damithch/Repos/nus-cs2103/cs2103-website-base/book/uml/sequenceDiagrams/introduction/index.md
2026-10-06T18:56:33.538Z - [36mverbose[39m: Rendering page: /Users/damithch/Repos/nus-cs2103/cs2103-website-base/book/uml/sequenceDiagrams/index.md
2026-10-06T18:56:33.552Z - [36mverbose[39m: Rendering page: /Users/damithch/Repos/nus-cs2103/cs2103-website-base/book/uml/sequenceDiagrams/basic/index.md
2026-10-06T18:56:33.625Z - [36mverbose[39m: Rendering page: /Users/damithch/Repos/nus-cs2103/cs2103-website-base/book/uml/sequenceDiagrams/alternativePaths/index.md
2026-10-06T18:56:33.631Z - [36mverbose[39m: Rendering page: /Users/damithch/Repos/nus-cs2103/cs2103-website-base/book/uml/objectDiagrams/introduction/index.md
2026-10-06T18:56:33.636Z - [36mverbose[39m: Rendering page: /Users/damithch/Repos/nus-cs2103/cs2103-website-base/book/uml/objectDiagrams/objects/index.md
2026-10-06T18:56:33.643Z - [36mverbose[39m: Rendering page: /Users/damithch/Repos/nus-cs2103/cs2103-website-base/book/uml/objectDiagrams/index.md
2026-10-06T18:56:33.701Z - [36mverbose[39m: Rendering page: /Users/damithch/Repos/nus-cs2103/cs2103-website-base/book/uml/objectDiagrams/associations/index.md
2026-10-06T18:56:33.707Z - [36mverbose[39m: Rendering page: /Users/damithch/Repos/nus-cs2103/cs2103-website-base/book/uml/notes/index.md
2026-10-06T18:56:33.713Z - [36mverbose[39m: Rendering page: /Users/damithch/Repos/nus-cs2103/cs2103-website-base/book/uml/notes/notes/index.md
2026-10-06T18:56:33.721Z - [36mverbose[39m: Rendering page: /Users/damithch/Repos/nus-cs2103/cs2103-website-base/book/uml/notes/constraints/index.md
2026-10-06T18:56:34.181Z - [34mdebug[39m: /bin/sh: line 1: 30526 Abort trap: 6           java -jar "/opt/homebrew/lib/node_modules/markbind-cli/node_modules/@markbind/core/src/plugins/default/plantuml.jar" -nometadata -pipe > "/private/tmp/cs2103-overview-teachers.3WfgAB/book/uml/miscellaneous/objectVsClassDiagrams/images/cd-ParentAndChild.png"

2026-10-06T18:56:34.195Z - [34mdebug[39m: /bin/sh: line 1: 30525 Abort trap: 6           java -jar "/opt/homebrew/lib/node_modules/markbind-cli/node_modules/@markbind/core/src/plugins/default/plantuml.jar" -nometadata -pipe > "/private/tmp/cs2103-overview-teachers.3WfgAB/book/uml/miscellaneous/objectVsClassDiagrams/images/od-ParentOnly.png"

2026-10-06T18:56:34.308Z - [34mdebug[39m: /bin/sh: line 1: 30527 Abort trap: 6           java -jar "/opt/homebrew/lib/node_modules/markbind-cli/node_modules/@markbind/core/src/plugins/default/plantuml.jar" -nometadata -pipe > "/private/tmp/cs2103-overview-teachers.3WfgAB/book/uml/miscellaneous/objectVsClassDiagrams/images/cd-StudentDegree.png"

2026-10-06T18:56:34.430Z - [34mdebug[39m: /bin/sh: line 1: 30528 Abort trap: 6           java -jar "/opt/homebrew/lib/node_modules/markbind-cli/node_modules/@markbind/core/src/plugins/default/plantuml.jar" -nometadata -pipe > "/private/tmp/cs2103-overview-teachers.3WfgAB/book/uml/miscellaneous/objectVsClassDiagrams/images/od-StudentDegree.png"

2026-10-06T18:56:34.566Z - [34mdebug[39m: /bin/sh: line 1: 30523 Abort trap: 6           java -jar "/opt/homebrew/lib/node_modules/markbind-cli/node_modules/@markbind/core/src/plugins/default/plantuml.jar" -nometadata -pipe > "/private/tmp/cs2103-overview-teachers.3WfgAB/book/uml/miscellaneous/objectVsClassDiagrams/images/od-ParentAndChild.png"

2026-10-06T18:56:34.685Z - [34mdebug[39m: /bin/sh: line 1: 30524 Abort trap: 6           java -jar "/opt/homebrew/lib/node_modules/markbind-cli/node_modules/@markbind/core/src/plugins/default/plantuml.jar" -nometadata -pipe > "/private/tmp/cs2103-overview-teachers.3WfgAB/book/uml/miscellaneous/objectVsClassDiagrams/images/od-ChildOnly.png"

2026-10-06T18:56:34.700Z - [36mverbose[39m: Rendering page: /Users/damithch/Repos/nus-cs2103/cs2103-website-base/book/uml/miscellaneous/objectVsClassDiagrams/index.md
2026-10-06T18:56:34.707Z - [36mverbose[39m: Rendering page: /Users/damithch/Repos/nus-cs2103/cs2103-website-base/book/uml/miscellaneous/index.md
2026-10-06T18:56:34.714Z - [36mverbose[39m: Rendering page: /Users/damithch/Repos/nus-cs2103/cs2103-website-base/book/uml/index.md
2026-10-06T18:56:34.758Z - [36mverbose[39m: Rendering page: /Users/damithch/Repos/nus-cs2103/cs2103-website-base/book/uml/classDiagrams/introduction/what/index.md
2026-10-06T18:56:34.956Z - [36mverbose[39m: Rendering page: /Users/damithch/Repos/nus-cs2103/cs2103-website-base/book/uml/classDiagrams/introduction/index.md
2026-10-06T18:56:34.962Z - [36mverbose[39m: Rendering page: /Users/damithch/Repos/nus-cs2103/cs2103-website-base/book/uml/classDiagrams/interfaces/what/index.md
2026-10-06T18:56:34.967Z - [36mverbose[39m: Rendering page: /Users/damithch/Repos/nus-cs2103/cs2103-website-base/book/uml/classDiagrams/interfaces/index.md
2026-10-06T18:56:34.975Z - [36mverbose[39m: Rendering page: /Users/damithch/Repos/nus-cs2103/cs2103-website-base/book/uml/classDiagrams/index.md
2026-10-06T18:56:35.059Z - [36mverbose[39m: Rendering page: /Users/damithch/Repos/nus-cs2103/cs2103-website-base/book/uml/classDiagrams/enumerations/what/index.md
2026-10-06T18:56:35.065Z - [36mverbose[39m: Rendering page: /Users/damithch/Repos/nus-cs2103/cs2103-website-base/book/uml/classDiagrams/enumerations/index.md
2026-10-06T18:56:35.073Z - [36mverbose[39m: Rendering page: /Users/damithch/Repos/nus-cs2103/cs2103-website-base/book/uml/classDiagrams/dependencies/what/index.md
2026-10-06T18:56:35.079Z - [36mverbose[39m: Rendering page: /Users/damithch/Repos/nus-cs2103/cs2103-website-base/book/uml/classDiagrams/dependencies/index.md
2026-10-06T18:56:35.161Z - [36mverbose[39m: Rendering page: /Users/damithch/Repos/nus-cs2103/cs2103-website-base/book/uml/classDiagrams/composition/what/index.md
2026-10-06T18:56:35.167Z - [36mverbose[39m: Rendering page: /Users/damithch/Repos/nus-cs2103/cs2103-website-base/book/uml/classDiagrams/composition/index.md
2026-10-06T18:56:35.172Z - [36mverbose[39m: Rendering page: /Users/damithch/Repos/nus-cs2103/cs2103-website-base/book/uml/classDiagrams/combine/index.md
2026-10-06T18:56:35.213Z - [36mverbose[39m: Rendering page: /Users/damithch/Repos/nus-cs2103/cs2103-website-base/book/uml/classDiagrams/combine/basic/index.md
2026-10-06T18:56:35.270Z - [36mverbose[39m: Rendering page: /Users/damithch/Repos/nus-cs2103/cs2103-website-base/book/uml/classDiagrams/classes/what/index.md
2026-10-06T18:56:35.292Z - [36mverbose[39m: Rendering page: /Users/damithch/Repos/nus-cs2103/cs2103-website-base/book/uml/classDiagrams/classLevelMembers/what/index.md
2026-10-06T18:56:35.297Z - [36mverbose[39m: Rendering page: /Users/damithch/Repos/nus-cs2103/cs2103-website-base/book/uml/classDiagrams/classes/index.md
2026-10-06T18:56:35.306Z - [36mverbose[39m: Rendering page: /Users/damithch/Repos/nus-cs2103/cs2103-website-base/book/uml/classDiagrams/classLevelMembers/index.md
2026-10-06T18:56:35.371Z - [36mverbose[39m: Rendering page: /Users/damithch/Repos/nus-cs2103/cs2103-website-base/book/uml/classDiagrams/classInheritance/what/index.md
2026-10-06T18:56:35.378Z - [36mverbose[39m: Rendering page: /Users/damithch/Repos/nus-cs2103/cs2103-website-base/book/uml/classDiagrams/classInheritance/index.md
2026-10-06T18:56:35.389Z - [36mverbose[39m: Rendering page: /Users/damithch/Repos/nus-cs2103/cs2103-website-base/book/uml/classDiagrams/associationsAsAttributes/what/index.md
2026-10-06T18:56:35.414Z - [36mverbose[39m: Rendering page: /Users/damithch/Repos/nus-cs2103/cs2103-website-base/book/uml/classDiagrams/associationsAsAttributes/index.md
2026-10-06T18:56:35.465Z - [36mverbose[39m: Rendering page: /Users/damithch/Repos/nus-cs2103/cs2103-website-base/book/uml/classDiagrams/associations/what/index.md
2026-10-06T18:56:35.486Z - [36mverbose[39m: Rendering page: /Users/damithch/Repos/nus-cs2103/cs2103-website-base/book/uml/classDiagrams/associations/roles/index.md
2026-10-06T18:56:35.493Z - [36mverbose[39m: Rendering page: /Users/damithch/Repos/nus-cs2103/cs2103-website-base/book/uml/classDiagrams/associations/navigability/index.md
2026-10-06T18:56:35.501Z - [36mverbose[39m: Rendering page: /Users/damithch/Repos/nus-cs2103/cs2103-website-base/book/uml/classDiagrams/associations/multiplicity/index.md
2026-10-06T18:56:35.588Z - [36mverbose[39m: Rendering page: /Users/damithch/Repos/nus-cs2103/cs2103-website-base/book/uml/classDiagrams/associations/labels/index.md
2026-10-06T18:56:35.594Z - [36mverbose[39m: Rendering page: /Users/damithch/Repos/nus-cs2103/cs2103-website-base/book/uml/classDiagrams/associations/index.md
2026-10-06T18:56:35.605Z - [36mverbose[39m: Rendering page: /Users/damithch/Repos/nus-cs2103/cs2103-website-base/book/uml/classDiagrams/associationClasses/what/index.md
2026-10-06T18:56:35.624Z - [36mverbose[39m: Rendering page: /Users/damithch/Repos/nus-cs2103/cs2103-website-base/book/uml/classDiagrams/associationClasses/index.md
2026-10-06T18:56:35.658Z - [36mverbose[39m: Rendering page: /Users/damithch/Repos/nus-cs2103/cs2103-website-base/book/uml/classDiagrams/aggregation/what/index.md
2026-10-06T18:56:35.677Z - [36mverbose[39m: Rendering page: /Users/damithch/Repos/nus-cs2103/cs2103-website-base/book/uml/classDiagrams/aggregation/index.md
2026-10-06T18:56:35.684Z - [36mverbose[39m: Rendering page: /Users/damithch/Repos/nus-cs2103/cs2103-website-base/book/uml/classDiagrams/abstractClasses/what/index.md
2026-10-06T18:56:35.704Z - [36mverbose[39m: Rendering page: /Users/damithch/Repos/nus-cs2103/cs2103-website-base/book/uml/classDiagrams/abstractClasses/index.md
2026-10-06T18:56:35.773Z - [36mverbose[39m: Rendering page: /Users/damithch/Repos/nus-cs2103/cs2103-website-base/book/uml/activityDiagrams/introduction/what/index.md
2026-10-06T18:56:35.791Z - [36mverbose[39m: Rendering page: /Users/damithch/Repos/nus-cs2103/cs2103-website-base/book/uml/activityDiagrams/introduction/index.md
2026-10-06T18:56:35.796Z - [36mverbose[39m: Rendering page: /Users/damithch/Repos/nus-cs2103/cs2103-website-base/book/uml/activityDiagrams/index.md
2026-10-06T18:56:35.820Z - [36mverbose[39m: Rendering page: /Users/damithch/Repos/nus-cs2103/cs2103-website-base/book/uml/activityDiagrams/basicNotations/swimlanes/index.md
2026-10-06T18:56:35.856Z - [36mverbose[39m: Rendering page: /Users/damithch/Repos/nus-cs2103/cs2103-website-base/book/uml/activityDiagrams/basicNotations/rakes/index.md
2026-10-06T18:56:35.897Z - [36mverbose[39m: Rendering page: /Users/damithch/Repos/nus-cs2103/cs2103-website-base/book/uml/activityDiagrams/basicNotations/parallelPaths/index.md
2026-10-06T18:56:35.903Z - [36mverbose[39m: Rendering page: /Users/damithch/Repos/nus-cs2103/cs2103-website-base/book/uml/activityDiagrams/basicNotations/linearPaths/index.md
2026-10-06T18:56:35.925Z - [36mverbose[39m: Rendering page: /Users/damithch/Repos/nus-cs2103/cs2103-website-base/book/uml/activityDiagrams/basicNotations/index.md
2026-10-06T18:56:35.985Z - [36mverbose[39m: Rendering page: /Users/damithch/Repos/nus-cs2103/cs2103-website-base/book/uml/activityDiagrams/basicNotations/alternatePaths/index.md
2026-10-06T18:56:36.039Z - [36mverbose[39m: Rendering page: /Users/damithch/Repos/nus-cs2103/cs2103-website-base/book/testing/testingTypes/unitTesting/what/index.md
2026-10-06T18:56:36.062Z - [36mverbose[39m: Rendering page: /Users/damithch/Repos/nus-cs2103/cs2103-website-base/book/testing/testingTypes/unitTesting/stubs/index.md
2026-10-06T18:56:36.070Z - [36mverbose[39m: Rendering page: /Users/damithch/Repos/nus-cs2103/cs2103-website-base/book/testing/testingTypes/unitTesting/index.md
2026-10-06T18:56:36.131Z - [36mverbose[39m: Rendering page: /Users/damithch/Repos/nus-cs2103/cs2103-website-base/book/testing/testingTypes/systemTesting/what/index.md
2026-10-06T18:56:36.137Z - [36mverbose[39m: Rendering page: /Users/damithch/Repos/nus-cs2103/cs2103-website-base/book/testing/testingTypes/systemTesting/index.md
2026-10-06T18:56:36.143Z - [36mverbose[39m: Rendering page: /Users/damithch/Repos/nus-cs2103/cs2103-website-base/book/testing/testingTypes/regressionTesting/index.md
2026-10-06T18:56:36.161Z - [36mverbose[39m: Rendering page: /Users/damithch/Repos/nus-cs2103/cs2103-website-base/book/testing/testingTypes/regressionTesting/what/index.md
2026-10-06T18:56:36.332Z - [36mverbose[39m: Rendering page: /Users/damithch/Repos/nus-cs2103/cs2103-website-base/book/testing/testingTypes/integrationTesting/index.md
2026-10-06T18:56:36.338Z - [36mverbose[39m: Rendering page: /Users/damithch/Repos/nus-cs2103/cs2103-website-base/book/testing/testingTypes/integrationTesting/what/index.md
2026-10-06T18:56:36.343Z - [36mverbose[39m: Rendering page: /Users/damithch/Repos/nus-cs2103/cs2103-website-base/book/testing/testingTypes/integrationTesting/how/index.md
2026-10-06T18:56:36.348Z - [36mverbose[39m: Rendering page: /Users/damithch/Repos/nus-cs2103/cs2103-website-base/book/testing/testingTypes/index.md
2026-10-06T18:56:36.446Z - [36mverbose[39m: Rendering page: /Users/damithch/Repos/nus-cs2103/cs2103-website-base/book/testing/testingTypes/exploratoryVsScriptedTesting/what/index.md
2026-10-06T18:56:36.452Z - [36mverbose[39m: Rendering page: /Users/damithch/Repos/nus-cs2103/cs2103-website-base/book/testing/testingTypes/exploratoryVsScriptedTesting/index.md
2026-10-06T18:56:36.458Z - [36mverbose[39m: Rendering page: /Users/damithch/Repos/nus-cs2103/cs2103-website-base/book/testing/testingTypes/exploratoryVsScriptedTesting/when/index.md
2026-10-06T18:56:36.480Z - [36mverbose[39m: Rendering page: /Users/damithch/Repos/nus-cs2103/cs2103-website-base/book/testing/testingTypes/dogfooding/what/index.md
2026-10-06T18:56:36.513Z - [36mverbose[39m: Rendering page: /Users/damithch/Repos/nus-cs2103/cs2103-website-base/book/testing/testingTypes/dogfooding/index.md
2026-10-06T18:56:36.520Z - [36mverbose[39m: Rendering page: /Users/damithch/Repos/nus-cs2103/cs2103-website-base/book/testing/testingTypes/developerTesting/why/index.md
2026-10-06T18:56:36.544Z - [36mverbose[39m: Rendering page: /Users/damithch/Repos/nus-cs2103/cs2103-website-base/book/testing/testingTypes/developerTesting/what/index.md
2026-10-06T18:56:36.560Z - [36mverbose[39m: Rendering page: /Users/damithch/Repos/nus-cs2103/cs2103-website-base/book/testing/testingTypes/developerTesting/index.md
2026-10-06T18:56:36.668Z - [36mverbose[39m: Rendering page: /Users/damithch/Repos/nus-cs2103/cs2103-website-base/book/testing/testingTypes/alphaBetaTesting/index.md
2026-10-06T18:56:36.678Z - [36mverbose[39m: Rendering page: /Users/damithch/Repos/nus-cs2103/cs2103-website-base/book/testing/testingTypes/alphaBetaTesting/what/index.md
2026-10-06T18:56:36.709Z - [36mverbose[39m: Rendering page: /Users/damithch/Repos/nus-cs2103/cs2103-website-base/book/testing/testingTypes/acceptanceTesting/what/index.md
2026-10-06T18:56:36.715Z - [36mverbose[39m: Rendering page: /Users/damithch/Repos/nus-cs2103/cs2103-website-base/book/testing/testingTypes/acceptanceTesting/index.md
2026-10-06T18:56:36.880Z - [36mverbose[39m: Rendering page: /Users/damithch/Repos/nus-cs2103/cs2103-website-base/book/testing/testingTypes/acceptanceTesting/acceptanceVsSystemTesting/index.md
2026-10-06T18:56:36.910Z - [36mverbose[39m: Rendering page: /Users/damithch/Repos/nus-cs2103/cs2103-website-base/book/testing/testCoverage/index.md
2026-10-06T18:56:36.935Z - [36mverbose[39m: Rendering page: /Users/damithch/Repos/nus-cs2103/cs2103-website-base/book/testing/testCoverage/what/index.md
2026-10-06T18:56:36.990Z - [36mverbose[39m: Rendering page: /Users/damithch/Repos/nus-cs2103/cs2103-website-base/book/testing/testCoverage/how/index.md
2026-10-06T18:56:37.158Z - [36mverbose[39m: Rendering page: /Users/damithch/Repos/nus-cs2103/cs2103-website-base/book/testing/testAutomation/what/index.md
2026-10-06T18:56:37.172Z - [36mverbose[39m: Rendering page: /Users/damithch/Repos/nus-cs2103/cs2103-website-base/book/testing/testAutomation/tools/index.md
2026-10-06T18:56:37.181Z - [36mverbose[39m: Rendering page: /Users/damithch/Repos/nus-cs2103/cs2103-website-base/book/testing/testAutomation/usingTestDrivers/index.md
2026-10-06T18:56:37.192Z - [36mverbose[39m: Rendering page: /Users/damithch/Repos/nus-cs2103/cs2103-website-base/book/testing/testAutomation/testingTextUis/index.md
2026-10-06T18:56:37.382Z - [36mverbose[39m: Rendering page: /Users/damithch/Repos/nus-cs2103/cs2103-website-base/book/testing/testAutomation/testingGuis/index.md
2026-10-06T18:56:37.393Z - [36mverbose[39m: Rendering page: /Users/damithch/Repos/nus-cs2103/cs2103-website-base/book/testing/testAutomation/index.md
2026-10-06T18:56:37.407Z - [36mverbose[39m: Rendering page: /Users/damithch/Repos/nus-cs2103/cs2103-website-base/book/testing/tdd/what/index.md
2026-10-06T18:56:37.413Z - [36mverbose[39m: Rendering page: /Users/damithch/Repos/nus-cs2103/cs2103-website-base/book/testing/tdd/index.md
2026-10-06T18:56:37.510Z - [36mverbose[39m: Rendering page: /Users/damithch/Repos/nus-cs2103/cs2103-website-base/book/testing/tdd/how/index.md
2026-10-06T18:56:37.517Z - [36mverbose[39m: Rendering page: /Users/damithch/Repos/nus-cs2103/cs2103-website-base/book/testing/introduction/what/index.md
2026-10-06T18:56:37.527Z - [36mverbose[39m: Rendering page: /Users/damithch/Repos/nus-cs2103/cs2103-website-base/book/testing/introduction/index.md
2026-10-06T18:56:37.536Z - [36mverbose[39m: Rendering page: /Users/damithch/Repos/nus-cs2103/cs2103-website-base/book/testing/introduction/testability/index.md
2026-10-06T18:56:38.037Z - [36mverbose[39m: Rendering page: /Users/damithch/Repos/nus-cs2103/cs2103-website-base/book/testing/dependencyInjection/index.md
2026-10-06T18:56:38.048Z - [36mverbose[39m: Rendering page: /Users/damithch/Repos/nus-cs2103/cs2103-website-base/book/testing/index.md
2026-10-06T18:56:38.086Z - [36mverbose[39m: Rendering page: /Users/damithch/Repos/nus-cs2103/cs2103-website-base/book/testing/dependencyInjection/what/index.md
2026-10-06T18:56:38.095Z - [36mverbose[39m: Rendering page: /Users/damithch/Repos/nus-cs2103/cs2103-website-base/book/testing/dependencyInjection/how/index.md
2026-10-06T18:56:38.217Z - [36mverbose[39m: Rendering page: /Users/damithch/Repos/nus-cs2103/cs2103-website-base/book/testCaseDesign/summary/index.md
2026-10-06T18:56:38.226Z - [36mverbose[39m: Rendering page: /Users/damithch/Repos/nus-cs2103/cs2103-website-base/book/testCaseDesign/summary/recap/index.md
2026-10-06T18:56:38.231Z - [36mverbose[39m: Rendering page: /Users/damithch/Repos/nus-cs2103/cs2103-website-base/book/testCaseDesign/summary/exercises/index.md
2026-10-06T18:56:38.303Z - [36mverbose[39m: Rendering page: /Users/damithch/Repos/nus-cs2103/cs2103-website-base/book/testCaseDesign/more/testingUseCases/index.md
2026-10-06T18:56:38.310Z - [36mverbose[39m: Rendering page: /Users/damithch/Repos/nus-cs2103/cs2103-website-base/book/testCaseDesign/more/index.md
2026-10-06T18:56:38.316Z - [36mverbose[39m: Rendering page: /Users/damithch/Repos/nus-cs2103/cs2103-website-base/book/testCaseDesign/introduction/what/index.md
2026-10-06T18:56:38.324Z - [36mverbose[39m: Rendering page: /Users/damithch/Repos/nus-cs2103/cs2103-website-base/book/testCaseDesign/introduction/positiveVsNegative/index.md
2026-10-06T18:56:38.609Z - [36mverbose[39m: Rendering page: /Users/damithch/Repos/nus-cs2103/cs2103-website-base/book/testCaseDesign/introduction/index.md
2026-10-06T18:56:38.617Z - [36mverbose[39m: Rendering page: /Users/damithch/Repos/nus-cs2103/cs2103-website-base/book/testCaseDesign/introduction/blackVsGlass/index.md
2026-10-06T18:56:38.623Z - [36mverbose[39m: Rendering page: /Users/damithch/Repos/nus-cs2103/cs2103-website-base/book/testCaseDesign/index.md
2026-10-06T18:56:38.667Z - [36mverbose[39m: Rendering page: /Users/damithch/Repos/nus-cs2103/cs2103-website-base/book/testCaseDesign/equivalencePartitions/what/index.md
2026-10-06T18:56:38.751Z - [36mverbose[39m: Rendering page: /Users/damithch/Repos/nus-cs2103/cs2103-website-base/book/testCaseDesign/equivalencePartitions/intermediate/index.md
2026-10-06T18:56:38.758Z - [36mverbose[39m: Rendering page: /Users/damithch/Repos/nus-cs2103/cs2103-website-base/book/testCaseDesign/equivalencePartitions/index.md
2026-10-06T18:56:38.768Z - [36mverbose[39m: Rendering page: /Users/damithch/Repos/nus-cs2103/cs2103-website-base/book/testCaseDesign/equivalencePartitions/basic/index.md
2026-10-06T18:56:38.810Z - [36mverbose[39m: Rendering page: /Users/damithch/Repos/nus-cs2103/cs2103-website-base/book/testCaseDesign/combiningTestInputs/why/index.md
2026-10-06T18:56:38.926Z - [36mverbose[39m: Rendering page: /Users/damithch/Repos/nus-cs2103/cs2103-website-base/book/testCaseDesign/combiningTestInputs/mix/index.md
2026-10-06T18:56:38.937Z - [36mverbose[39m: Rendering page: /Users/damithch/Repos/nus-cs2103/cs2103-website-base/book/testCaseDesign/combiningTestInputs/index.md
2026-10-06T18:56:38.958Z - [36mverbose[39m: Rendering page: /Users/damithch/Repos/nus-cs2103/cs2103-website-base/book/testCaseDesign/combiningTestInputs/heuristicValid/index.md
2026-10-06T18:56:39.006Z - [36mverbose[39m: Rendering page: /Users/damithch/Repos/nus-cs2103/cs2103-website-base/book/testCaseDesign/combiningTestInputs/heuristicInvalid/index.md
2026-10-06T18:56:39.058Z - [36mverbose[39m: Rendering page: /Users/damithch/Repos/nus-cs2103/cs2103-website-base/book/testCaseDesign/boundaryValueAnalysis/what/index.md
2026-10-06T18:56:39.072Z - [36mverbose[39m: Rendering page: /Users/damithch/Repos/nus-cs2103/cs2103-website-base/book/testCaseDesign/combiningTestInputs/combinationStrategies/index.md
2026-10-06T18:56:39.081Z - [36mverbose[39m: Rendering page: /Users/damithch/Repos/nus-cs2103/cs2103-website-base/book/testCaseDesign/boundaryValueAnalysis/index.md
2026-10-06T18:56:39.104Z - [36mverbose[39m: Rendering page: /Users/damithch/Repos/nus-cs2103/cs2103-website-base/book/testCaseDesign/boundaryValueAnalysis/how/index.md
2026-10-06T18:56:39.166Z - [36mverbose[39m: Rendering page: /Users/damithch/Repos/nus-cs2103/cs2103-website-base/book/teamwork/teamStructures/index.md
2026-10-06T18:56:39.171Z - [36mverbose[39m: Rendering page: /Users/damithch/Repos/nus-cs2103/cs2103-website-base/book/teamwork/index.md
2026-10-06T18:56:39.214Z - [36mverbose[39m: Rendering page: /Users/damithch/Repos/nus-cs2103/cs2103-website-base/book/specifyingRequirements/userStories/usage/index.md
2026-10-06T18:56:39.322Z - [36mverbose[39m: Rendering page: /Users/damithch/Repos/nus-cs2103/cs2103-website-base/book/specifyingRequirements/userStories/introduction/index.md
2026-10-06T18:56:39.350Z - [36mverbose[39m: Rendering page: /Users/damithch/Repos/nus-cs2103/cs2103-website-base/book/specifyingRequirements/userStories/index.md
2026-10-06T18:56:39.391Z - [36mverbose[39m: Rendering page: /Users/damithch/Repos/nus-cs2103/cs2103-website-base/book/specifyingRequirements/userStories/details/index.md
2026-10-06T18:56:39.398Z - [36mverbose[39m: Rendering page: /Users/damithch/Repos/nus-cs2103/cs2103-website-base/book/specifyingRequirements/useCases/usage/index.md
2026-10-06T18:56:39.497Z - [36mverbose[39m: Rendering page: /Users/damithch/Repos/nus-cs2103/cs2103-website-base/book/specifyingRequirements/useCases/introduction/index.md
2026-10-06T18:56:39.568Z - [36mverbose[39m: Rendering page: /Users/damithch/Repos/nus-cs2103/cs2103-website-base/book/specifyingRequirements/useCases/index.md
2026-10-06T18:56:39.602Z - [36mverbose[39m: Rendering page: /Users/damithch/Repos/nus-cs2103/cs2103-website-base/book/specifyingRequirements/useCases/identifying/index.md
2026-10-06T18:56:39.608Z - [36mverbose[39m: Rendering page: /Users/damithch/Repos/nus-cs2103/cs2103-website-base/book/specifyingRequirements/useCases/details/index.md
2026-10-06T18:56:39.657Z - [36mverbose[39m: Rendering page: /Users/damithch/Repos/nus-cs2103/cs2103-website-base/book/specifyingRequirements/supplementaryRequirements/index.md
2026-10-06T18:56:39.663Z - [36mverbose[39m: Rendering page: /Users/damithch/Repos/nus-cs2103/cs2103-website-base/book/specifyingRequirements/supplementaryRequirements/what/index.md
2026-10-06T18:56:39.702Z - [36mverbose[39m: Rendering page: /Users/damithch/Repos/nus-cs2103/cs2103-website-base/book/specifyingRequirements/requirementsDocument/what/index.md
2026-10-06T18:56:39.722Z - [36mverbose[39m: Rendering page: /Users/damithch/Repos/nus-cs2103/cs2103-website-base/book/specifyingRequirements/requirementsDocument/index.md
2026-10-06T18:56:39.932Z - [36mverbose[39m: Rendering page: /Users/damithch/Repos/nus-cs2103/cs2103-website-base/book/specifyingRequirements/prose/index.md
2026-10-06T18:56:39.957Z - [36mverbose[39m: Rendering page: /Users/damithch/Repos/nus-cs2103/cs2103-website-base/book/specifyingRequirements/prose/what/index.md
2026-10-06T18:56:39.963Z - [36mverbose[39m: Rendering page: /Users/damithch/Repos/nus-cs2103/cs2103-website-base/book/specifyingRequirements/index.md
2026-10-06T18:56:40.052Z - [36mverbose[39m: Rendering page: /Users/damithch/Repos/nus-cs2103/cs2103-website-base/book/specifyingRequirements/glossary/index.md
2026-10-06T18:56:40.059Z - [36mverbose[39m: Rendering page: /Users/damithch/Repos/nus-cs2103/cs2103-website-base/book/specifyingRequirements/glossary/what/index.md
2026-10-06T18:56:40.089Z - [36mverbose[39m: Rendering page: /Users/damithch/Repos/nus-cs2103/cs2103-website-base/book/specifyingRequirements/featureList/index.md
2026-10-06T18:56:40.121Z - [36mverbose[39m: Rendering page: /Users/damithch/Repos/nus-cs2103/cs2103-website-base/book/specifyingRequirements/featureList/what/index.md
2026-10-06T18:56:40.129Z - [36mverbose[39m: Rendering page: /Users/damithch/Repos/nus-cs2103/cs2103-website-base/book/softwareEngineering/introduction/prosAndCons/index.md
2026-10-06T18:56:40.161Z - [36mverbose[39m: Rendering page: /Users/damithch/Repos/nus-cs2103/cs2103-website-base/book/softwareEngineering/introduction/index.md
2026-10-06T18:56:40.202Z - [36mverbose[39m: Rendering page: /Users/damithch/Repos/nus-cs2103/cs2103-website-base/book/softwareEngineering/index.md
2026-10-06T18:56:40.226Z - [36mverbose[39m: Rendering page: /Users/damithch/Repos/nus-cs2103/cs2103-website-base/book/security/wrapUp/index.md
2026-10-06T18:56:40.257Z - [36mverbose[39m: Rendering page: /Users/damithch/Repos/nus-cs2103/cs2103-website-base/book/security/why/index.md
2026-10-06T18:56:40.266Z - [36mverbose[39m: Rendering page: /Users/damithch/Repos/nus-cs2103/cs2103-website-base/book/security/when/index.md
2026-10-06T18:56:40.457Z - [36mverbose[39m: Rendering page: /Users/damithch/Repos/nus-cs2103/cs2103-website-base/book/security/what/index.md
2026-10-06T18:56:40.482Z - [36mverbose[39m: Rendering page: /Users/damithch/Repos/nus-cs2103/cs2103-website-base/book/security/index.md
2026-10-06T18:56:40.521Z - [36mverbose[39m: Rendering page: /Users/damithch/Repos/nus-cs2103/cs2103-website-base/book/security/ai/index.md
2026-10-06T18:56:40.528Z - [36mverbose[39m: Rendering page: /Users/damithch/Repos/nus-cs2103/cs2103-website-base/book/security/how/index.md
2026-10-06T18:56:40.572Z - [36mverbose[39m: Rendering page: /Users/damithch/Repos/nus-cs2103/cs2103-website-base/book/reuse/platforms/what/index.md
2026-10-06T18:56:40.580Z - [36mverbose[39m: Rendering page: /Users/damithch/Repos/nus-cs2103/cs2103-website-base/book/reuse/platforms/index.md
2026-10-06T18:56:40.626Z - [36mverbose[39m: Rendering page: /Users/damithch/Repos/nus-cs2103/cs2103-website-base/book/reuse/libraries/index.md
2026-10-06T18:56:40.656Z - [36mverbose[39m: Rendering page: /Users/damithch/Repos/nus-cs2103/cs2103-website-base/book/reuse/libraries/what/index.md
2026-10-06T18:56:40.669Z - [36mverbose[39m: Rendering page: /Users/damithch/Repos/nus-cs2103/cs2103-website-base/book/reuse/libraries/how/index.md
2026-10-06T18:56:40.700Z - [36mverbose[39m: Rendering page: /Users/damithch/Repos/nus-cs2103/cs2103-website-base/book/reuse/introduction/when/index.md
2026-10-06T18:56:40.912Z - [36mverbose[39m: Rendering page: /Users/damithch/Repos/nus-cs2103/cs2103-website-base/book/reuse/introduction/index.md
2026-10-06T18:56:40.933Z - [36mverbose[39m: Rendering page: /Users/damithch/Repos/nus-cs2103/cs2103-website-base/book/reuse/introduction/what/index.md
2026-10-06T18:56:40.939Z - [36mverbose[39m: Rendering page: /Users/damithch/Repos/nus-cs2103/cs2103-website-base/book/reuse/index.md
2026-10-06T18:56:40.994Z - [36mverbose[39m: Rendering page: /Users/damithch/Repos/nus-cs2103/cs2103-website-base/book/reuse/frameworks/what/index.md
2026-10-06T18:56:41.015Z - [36mverbose[39m: Rendering page: /Users/damithch/Repos/nus-cs2103/cs2103-website-base/book/reuse/frameworks/index.md
2026-10-06T18:56:41.038Z - [36mverbose[39m: Rendering page: /Users/damithch/Repos/nus-cs2103/cs2103-website-base/book/reuse/frameworks/frameworksVsLibraries/index.md
2026-10-06T18:56:41.047Z - [36mverbose[39m: Rendering page: /Users/damithch/Repos/nus-cs2103/cs2103-website-base/book/reuse/cloudComputing/what/index.md
2026-10-06T18:56:41.089Z - [36mverbose[39m: Rendering page: /Users/damithch/Repos/nus-cs2103/cs2103-website-base/book/reuse/cloudComputing/services/index.md
2026-10-06T18:56:41.120Z - [36mverbose[39m: Rendering page: /Users/damithch/Repos/nus-cs2103/cs2103-website-base/book/reuse/cloudComputing/index.md
2026-10-06T18:56:41.144Z - [36mverbose[39m: Rendering page: /Users/damithch/Repos/nus-cs2103/cs2103-website-base/book/reuse/apis/what/index.md
2026-10-06T18:56:41.150Z - [36mverbose[39m: Rendering page: /Users/damithch/Repos/nus-cs2103/cs2103-website-base/book/reuse/apis/index.md
2026-10-06T18:56:41.192Z - [36mverbose[39m: Rendering page: /Users/damithch/Repos/nus-cs2103/cs2103-website-base/book/reuse/apis/designingAPIs/index.md
2026-10-06T18:56:41.237Z - [36mverbose[39m: Rendering page: /Users/damithch/Repos/nus-cs2103/cs2103-website-base/book/requirements/quality/index.md
2026-10-06T18:56:41.246Z - [36mverbose[39m: Rendering page: /Users/damithch/Repos/nus-cs2103/cs2103-website-base/book/requirements/prioritizing/index.md
2026-10-06T18:56:41.252Z - [36mverbose[39m: Rendering page: /Users/damithch/Repos/nus-cs2103/cs2103-website-base/book/requirements/nonFunctionalRequirements/index.md
2026-10-06T18:56:41.314Z - [36mverbose[39m: Rendering page: /Users/damithch/Repos/nus-cs2103/cs2103-website-base/book/requirements/introduction/index.md
2026-10-06T18:56:41.377Z - [36mverbose[39m: Rendering page: /Users/damithch/Repos/nus-cs2103/cs2103-website-base/book/requirements/index.md
2026-10-06T18:56:41.434Z - [36mverbose[39m: Rendering page: /Users/damithch/Repos/nus-cs2103/cs2103-website-base/book/requirements/changing/index.md
2026-10-06T18:56:41.502Z - [36mverbose[39m: Rendering page: /Users/damithch/Repos/nus-cs2103/cs2103-website-base/book/refactoring/when/index.md
2026-10-06T18:56:41.525Z - [36mverbose[39m: Rendering page: /Users/damithch/Repos/nus-cs2103/cs2103-website-base/book/refactoring/what/index.md
2026-10-06T18:56:41.553Z - [36mverbose[39m: Rendering page: /Users/damithch/Repos/nus-cs2103/cs2103-website-base/book/refactoring/index.md
2026-10-06T18:56:41.597Z - [36mverbose[39m: Rendering page: /Users/damithch/Repos/nus-cs2103/cs2103-website-base/book/refactoring/how/index.md
2026-10-06T18:56:41.605Z - [36mverbose[39m: Rendering page: /Users/damithch/Repos/nus-cs2103/cs2103-website-base/book/qualityAssurance/staticAnalysis/index.md
2026-10-06T18:56:41.627Z - [36mverbose[39m: Rendering page: /Users/damithch/Repos/nus-cs2103/cs2103-website-base/book/qualityAssurance/staticAnalysis/what/index.md
2026-10-06T18:56:41.633Z - [36mverbose[39m: Rendering page: /Users/damithch/Repos/nus-cs2103/cs2103-website-base/book/qualityAssurance/introduction/what/index.md
2026-10-06T18:56:41.721Z - [36mverbose[39m: Rendering page: /Users/damithch/Repos/nus-cs2103/cs2103-website-base/book/qualityAssurance/introduction/validationVsVerification/index.md
2026-10-06T18:56:41.730Z - [36mverbose[39m: Rendering page: /Users/damithch/Repos/nus-cs2103/cs2103-website-base/book/qualityAssurance/introduction/index.md
2026-10-06T18:56:41.736Z - [36mverbose[39m: Rendering page: /Users/damithch/Repos/nus-cs2103/cs2103-website-base/book/qualityAssurance/index.md
2026-10-06T18:56:41.800Z - [36mverbose[39m: Rendering page: /Users/damithch/Repos/nus-cs2103/cs2103-website-base/book/qualityAssurance/formalVerification/what/index.md
2026-10-06T18:56:41.807Z - [36mverbose[39m: Rendering page: /Users/damithch/Repos/nus-cs2103/cs2103-website-base/book/qualityAssurance/formalVerification/index.md
2026-10-06T18:56:41.849Z - [36mverbose[39m: Rendering page: /Users/damithch/Repos/nus-cs2103/cs2103-website-base/book/qualityAssurance/codeReviews/what/index.md
2026-10-06T18:56:41.855Z - [36mverbose[39m: Rendering page: /Users/damithch/Repos/nus-cs2103/cs2103-website-base/book/qualityAssurance/codeReviews/index.md
2026-10-06T18:56:41.874Z - [36mverbose[39m: Rendering page: /Users/damithch/Repos/nus-cs2103/cs2103-website-base/book/projectPlanning/workBreakdownStructure/index.md
2026-10-06T18:56:41.881Z - [36mverbose[39m: Rendering page: /Users/damithch/Repos/nus-cs2103/cs2103-website-base/book/projectPlanning/pertCharts/index.md
2026-10-06T18:56:41.957Z - [36mverbose[39m: Rendering page: /Users/damithch/Repos/nus-cs2103/cs2103-website-base/book/projectPlanning/milestones/index.md
2026-10-06T18:56:41.963Z - [36mverbose[39m: Rendering page: /Users/damithch/Repos/nus-cs2103/cs2103-website-base/book/projectPlanning/issueTrackers/index.md
2026-10-06T18:56:41.969Z - [36mverbose[39m: Rendering page: /Users/damithch/Repos/nus-cs2103/cs2103-website-base/book/projectPlanning/ganttCharts/index.md
2026-10-06T18:56:41.974Z - [36mverbose[39m: Rendering page: /Users/damithch/Repos/nus-cs2103/cs2103-website-base/book/projectPlanning/index.md
2026-10-06T18:56:42.076Z - [36mverbose[39m: Rendering page: /Users/damithch/Repos/nus-cs2103/cs2103-website-base/book/projectPlanning/buffers/index.md
2026-10-06T18:56:42.082Z - [36mverbose[39m: Rendering page: /Users/damithch/Repos/nus-cs2103/cs2103-website-base/book/processModels/summary/index.md
2026-10-06T18:56:42.089Z - [36mverbose[39m: Rendering page: /Users/damithch/Repos/nus-cs2103/cs2103-website-base/book/processModels/more/index.md
2026-10-06T18:56:42.114Z - [36mverbose[39m: Rendering page: /Users/damithch/Repos/nus-cs2103/cs2103-website-base/book/processModels/summary/recap/index.md
2026-10-06T18:56:42.295Z - [36mverbose[39m: Rendering page: /Users/damithch/Repos/nus-cs2103/cs2103-website-base/book/processModels/more/continuousApproaches/index.md
2026-10-06T18:56:42.300Z - [36mverbose[39m: Rendering page: /Users/damithch/Repos/nus-cs2103/cs2103-website-base/book/processModels/more/cmmi/index.md
2026-10-06T18:56:42.306Z - [36mverbose[39m: Rendering page: /Users/damithch/Repos/nus-cs2103/cs2103-website-base/book/processModels/introduction/sequentialModels/index.md
2026-10-06T18:56:42.311Z - [36mverbose[39m: Rendering page: /Users/damithch/Repos/nus-cs2103/cs2103-website-base/book/processModels/introduction/what/index.md
2026-10-06T18:56:42.478Z - [36mverbose[39m: Rendering page: /Users/damithch/Repos/nus-cs2103/cs2103-website-base/book/processModels/introduction/index.md
2026-10-06T18:56:42.486Z - [36mverbose[39m: Rendering page: /Users/damithch/Repos/nus-cs2103/cs2103-website-base/book/processModels/introduction/iterativeModels/index.md
2026-10-06T18:56:42.492Z - [36mverbose[39m: Rendering page: /Users/damithch/Repos/nus-cs2103/cs2103-website-base/book/processModels/index.md
2026-10-06T18:56:42.507Z - [36mverbose[39m: Rendering page: /Users/damithch/Repos/nus-cs2103/cs2103-website-base/book/processModels/introduction/agileModels/index.md
2026-10-06T18:56:42.601Z - [36mverbose[39m: Rendering page: /Users/damithch/Repos/nus-cs2103/cs2103-website-base/book/processModels/exampleProcessModels/xp/index.md
2026-10-06T18:56:42.607Z - [36mverbose[39m: Rendering page: /Users/damithch/Repos/nus-cs2103/cs2103-website-base/book/processModels/exampleProcessModels/unifiedProcess/index.md
2026-10-06T18:56:42.612Z - [36mverbose[39m: Rendering page: /Users/damithch/Repos/nus-cs2103/cs2103-website-base/book/processModels/exampleProcessModels/index.md
2026-10-06T18:56:42.622Z - [36mverbose[39m: Rendering page: /Users/damithch/Repos/nus-cs2103/cs2103-website-base/book/processModels/exampleProcessModels/scrum/index.md
2026-10-06T18:56:42.751Z - [36mverbose[39m: Rendering page: /Users/damithch/Repos/nus-cs2103/cs2103-website-base/book/principles/yagniPrinciple/index.md
2026-10-06T18:56:42.756Z - [36mverbose[39m: Rendering page: /Users/damithch/Repos/nus-cs2103/cs2103-website-base/book/processModels/exampleProcessModels/choosing/index.md
2026-10-06T18:56:42.763Z - [36mverbose[39m: Rendering page: /Users/damithch/Repos/nus-cs2103/cs2103-website-base/book/principles/singleResponsibilityPrinciple/index.md
2026-10-06T18:56:42.769Z - [36mverbose[39m: Rendering page: /Users/damithch/Repos/nus-cs2103/cs2103-website-base/book/principles/solidPrinciples/index.md
2026-10-06T18:56:42.925Z - [36mverbose[39m: Rendering page: /Users/damithch/Repos/nus-cs2103/cs2103-website-base/book/principles/separationOfConcernsPrinciple/index.md
2026-10-06T18:56:42.954Z - [36mverbose[39m: Rendering page: /Users/damithch/Repos/nus-cs2103/cs2103-website-base/book/principles/openClosedPrinciple/index.md
2026-10-06T18:56:42.960Z - [36mverbose[39m: Rendering page: /Users/damithch/Repos/nus-cs2103/cs2103-website-base/book/principles/liskovSubstitutionPrinciple/index.md
2026-10-06T18:56:42.997Z - [36mverbose[39m: Rendering page: /Users/damithch/Repos/nus-cs2103/cs2103-website-base/book/principles/review/index.md
2026-10-06T18:56:43.244Z - [36mverbose[39m: Rendering page: /Users/damithch/Repos/nus-cs2103/cs2103-website-base/book/principles/lawOfDemeter/index.md
2026-10-06T18:56:43.268Z - [36mverbose[39m: Rendering page: /Users/damithch/Repos/nus-cs2103/cs2103-website-base/book/principles/interfaceSegregationPrinciple/index.md
2026-10-06T18:56:43.275Z - [36mverbose[39m: Rendering page: /Users/damithch/Repos/nus-cs2103/cs2103-website-base/book/principles/index.md
2026-10-06T18:56:43.336Z - [36mverbose[39m: Rendering page: /Users/damithch/Repos/nus-cs2103/cs2103-website-base/book/principles/dryPrinciple/index.md
2026-10-06T18:56:43.362Z - [36mverbose[39m: Rendering page: /Users/damithch/Repos/nus-cs2103/cs2103-website-base/book/principles/dependencyInversionPrinciple/index.md
2026-10-06T18:56:43.370Z - [36mverbose[39m: Rendering page: /Users/damithch/Repos/nus-cs2103/cs2103-website-base/book/principles/brooksLaw/index.md
2026-10-06T18:56:43.423Z - [36mverbose[39m: Rendering page: /Users/damithch/Repos/nus-cs2103/cs2103-website-base/book/oop/polymorphism/what/index.md
2026-10-06T18:56:43.465Z - [36mverbose[39m: Rendering page: /Users/damithch/Repos/nus-cs2103/cs2103-website-base/book/oop/polymorphism/index.md
2026-10-06T18:56:43.528Z - [36mverbose[39m: Rendering page: /Users/damithch/Repos/nus-cs2103/cs2103-website-base/book/oop/polymorphism/how/index.md
2026-10-06T18:56:43.535Z - [36mverbose[39m: Rendering page: /Users/damithch/Repos/nus-cs2103/cs2103-website-base/book/oop/objects/what/index.md
2026-10-06T18:56:43.560Z - [36mverbose[39m: Rendering page: /Users/damithch/Repos/nus-cs2103/cs2103-website-base/book/oop/objects/index.md
2026-10-06T18:56:43.605Z - [36mverbose[39m: Rendering page: /Users/damithch/Repos/nus-cs2103/cs2103-website-base/book/oop/objects/encapsulation/index.md
2026-10-06T18:56:43.628Z - [36mverbose[39m: Rendering page: /Users/damithch/Repos/nus-cs2103/cs2103-website-base/book/oop/objects/abstraction/index.md
2026-10-06T18:56:43.636Z - [36mverbose[39m: Rendering page: /Users/damithch/Repos/nus-cs2103/cs2103-website-base/book/oop/more/review/index.md
2026-10-06T18:56:43.668Z - [36mverbose[39m: Rendering page: /Users/damithch/Repos/nus-cs2103/cs2103-website-base/book/oop/more/miscellaneous/index.md
2026-10-06T18:56:43.724Z - [36mverbose[39m: Rendering page: /Users/damithch/Repos/nus-cs2103/cs2103-website-base/book/oop/more/index.md
2026-10-06T18:56:43.774Z - [36mverbose[39m: Rendering page: /Users/damithch/Repos/nus-cs2103/cs2103-website-base/book/oop/introduction/index.md
2026-10-06T18:56:43.783Z - [36mverbose[39m: Rendering page: /Users/damithch/Repos/nus-cs2103/cs2103-website-base/book/oop/introduction/what/index.md
2026-10-06T18:56:43.788Z - [36mverbose[39m: Rendering page: /Users/damithch/Repos/nus-cs2103/cs2103-website-base/book/oop/inheritance/what/index.md
2026-10-06T18:56:43.795Z - [36mverbose[39m: Rendering page: /Users/damithch/Repos/nus-cs2103/cs2103-website-base/book/oop/inheritance/substitutability/index.md
2026-10-06T18:56:43.988Z - [36mverbose[39m: Rendering page: /Users/damithch/Repos/nus-cs2103/cs2103-website-base/book/oop/inheritance/overriding/index.md
2026-10-06T18:56:43.996Z - [36mverbose[39m: Rendering page: /Users/damithch/Repos/nus-cs2103/cs2103-website-base/book/oop/inheritance/overloading/index.md
2026-10-06T18:56:44.004Z - [36mverbose[39m: Rendering page: /Users/damithch/Repos/nus-cs2103/cs2103-website-base/book/oop/inheritance/interfaces/index.md
2026-10-06T18:56:44.055Z - [36mverbose[39m: Rendering page: /Users/damithch/Repos/nus-cs2103/cs2103-website-base/book/oop/inheritance/index.md
2026-10-06T18:56:44.423Z - [36mverbose[39m: Rendering page: /Users/damithch/Repos/nus-cs2103/cs2103-website-base/book/oop/inheritance/dynamicAndStaticBinding/index.md
2026-10-06T18:56:44.432Z - [36mverbose[39m: Rendering page: /Users/damithch/Repos/nus-cs2103/cs2103-website-base/book/oop/inheritance/abstractClasses/index.md
2026-10-06T18:56:44.439Z - [36mverbose[39m: Rendering page: /Users/damithch/Repos/nus-cs2103/cs2103-website-base/book/oop/classes/what/index.md
2026-10-06T18:56:44.445Z - [36mverbose[39m: Rendering page: /Users/damithch/Repos/nus-cs2103/cs2103-website-base/book/oop/index.md
2026-10-06T18:56:44.559Z - [36mverbose[39m: Rendering page: /Users/damithch/Repos/nus-cs2103/cs2103-website-base/book/oop/classes/index.md
2026-10-06T18:56:44.568Z - [36mverbose[39m: Rendering page: /Users/damithch/Repos/nus-cs2103/cs2103-website-base/book/oop/classes/enumerations/index.md
2026-10-06T18:56:44.597Z - [36mverbose[39m: Rendering page: /Users/damithch/Repos/nus-cs2103/cs2103-website-base/book/oop/associations/what/index.md
2026-10-06T18:56:44.603Z - [36mverbose[39m: Rendering page: /Users/damithch/Repos/nus-cs2103/cs2103-website-base/book/oop/classes/classLevelMembers/index.md
2026-10-06T18:56:44.632Z - [36mverbose[39m: Rendering page: /Users/damithch/Repos/nus-cs2103/cs2103-website-base/book/oop/associations/navigability/index.md
2026-10-06T18:56:44.735Z - [36mverbose[39m: Rendering page: /Users/damithch/Repos/nus-cs2103/cs2103-website-base/book/oop/associations/multiplicity/index.md
2026-10-06T18:56:44.780Z - [36mverbose[39m: Rendering page: /Users/damithch/Repos/nus-cs2103/cs2103-website-base/book/oop/associations/dependencies/index.md
2026-10-06T18:56:44.788Z - [36mverbose[39m: Rendering page: /Users/damithch/Repos/nus-cs2103/cs2103-website-base/book/oop/associations/index.md
2026-10-06T18:56:44.801Z - [36mverbose[39m: Rendering page: /Users/damithch/Repos/nus-cs2103/cs2103-website-base/book/oop/associations/composition/index.md
2026-10-06T18:56:44.826Z - [36mverbose[39m: Rendering page: /Users/damithch/Repos/nus-cs2103/cs2103-website-base/book/oop/associations/associationClasses/index.md
2026-10-06T18:56:44.861Z - [36mverbose[39m: Rendering page: /Users/damithch/Repos/nus-cs2103/cs2103-website-base/book/oop/associations/aggregation/index.md
2026-10-06T18:56:44.888Z - [36mverbose[39m: Rendering page: /Users/damithch/Repos/nus-cs2103/cs2103-website-base/book/modeling/modelingStructures/packageDiagrams/index.md
2026-10-06T18:56:44.916Z - [36mverbose[39m: Rendering page: /Users/damithch/Repos/nus-cs2103/cs2103-website-base/book/modeling/modelingStructures/ooStructures/index.md
2026-10-06T18:56:44.923Z - [36mverbose[39m: Rendering page: /Users/damithch/Repos/nus-cs2103/cs2103-website-base/book/modeling/modelingStructures/objectOrientedDomainModels/index.md
2026-10-06T18:56:45.244Z - [34mdebug[39m: /bin/sh: line 1: 30593 Abort trap: 6           java -jar "/opt/homebrew/lib/node_modules/markbind-cli/node_modules/@markbind/core/src/plugins/default/plantuml.jar" -nometadata -pipe > "/private/tmp/cs2103-overview-teachers.3WfgAB/book/modeling/modelingStructures/classDiagramsIntermediate/images/snakes-board-piece.png"

2026-10-06T18:56:45.321Z - [36mverbose[39m: Rendering page: /Users/damithch/Repos/nus-cs2103/cs2103-website-base/book/modeling/modelingStructures/objectDiagrams/index.md
2026-10-06T18:56:45.341Z - [36mverbose[39m: Rendering page: /Users/damithch/Repos/nus-cs2103/cs2103-website-base/book/modeling/modelingStructures/index.md
2026-10-06T18:56:45.363Z - [36mverbose[39m: Rendering page: /Users/damithch/Repos/nus-cs2103/cs2103-website-base/book/modeling/modelingStructures/deploymentDiagrams/index.md
2026-10-06T18:56:45.368Z - [36mverbose[39m: Rendering page: /Users/damithch/Repos/nus-cs2103/cs2103-website-base/book/modeling/modelingStructures/customisingUml/index.md
2026-10-06T18:56:45.377Z - [36mverbose[39m: Rendering page: /Users/damithch/Repos/nus-cs2103/cs2103-website-base/book/modeling/modelingStructures/compositeStructureDiagrams/index.md
2026-10-06T18:56:45.520Z - [36mverbose[39m: Rendering page: /Users/damithch/Repos/nus-cs2103/cs2103-website-base/book/modeling/modelingStructures/componentDiagrams/index.md
2026-10-06T18:56:45.526Z - [36mverbose[39m: Rendering page: /Users/damithch/Repos/nus-cs2103/cs2103-website-base/book/modeling/modelingStructures/classDiagramsIntermediate/index.md
2026-10-06T18:56:45.537Z - [36mverbose[39m: Rendering page: /Users/damithch/Repos/nus-cs2103/cs2103-website-base/book/modeling/modelingStructures/classDiagramsBasic/index.md
2026-10-06T18:56:45.572Z - [36mverbose[39m: Rendering page: /Users/damithch/Repos/nus-cs2103/cs2103-website-base/book/modeling/modelingStructures/classDiagramsAdvanced/index.md
2026-10-06T18:56:45.608Z - [36mverbose[39m: Rendering page: /Users/damithch/Repos/nus-cs2103/cs2103-website-base/book/modeling/modelingStructures/addingMoreInfo/index.md
2026-10-06T18:56:45.614Z - [36mverbose[39m: Rendering page: /Users/damithch/Repos/nus-cs2103/cs2103-website-base/book/modeling/modelingBehaviors/useCaseDiagrams/index.md
2026-10-06T18:56:45.619Z - [36mverbose[39m: Rendering page: /Users/damithch/Repos/nus-cs2103/cs2103-website-base/book/modeling/modelingBehaviors/timingDiagrams/index.md
2026-10-06T18:56:45.625Z - [36mverbose[39m: Rendering page: /Users/damithch/Repos/nus-cs2103/cs2103-website-base/book/modeling/modelingBehaviors/stateMachineDiagrams/index.md
2026-10-06T18:56:45.715Z - [36mverbose[39m: Rendering page: /Users/damithch/Repos/nus-cs2103/cs2103-website-base/book/modeling/modelingBehaviors/sequenceDiagramsIntermediate/index.md
2026-10-06T18:56:45.724Z - [36mverbose[39m: Rendering page: /Users/damithch/Repos/nus-cs2103/cs2103-website-base/book/modeling/modelingBehaviors/sequenceDiagramsBasic/index.md
2026-10-06T18:56:45.731Z - [36mverbose[39m: Rendering page: /Users/damithch/Repos/nus-cs2103/cs2103-website-base/book/modeling/modelingBehaviors/sequenceDiagramsAdvanced/index.md
2026-10-06T18:56:45.737Z - [36mverbose[39m: Rendering page: /Users/damithch/Repos/nus-cs2103/cs2103-website-base/book/modeling/modelingBehaviors/interactionOverviewDiagrams/index.md
2026-10-06T18:56:45.891Z - [36mverbose[39m: Rendering page: /Users/damithch/Repos/nus-cs2103/cs2103-website-base/book/modeling/modelingBehaviors/communicationDiagrams/index.md
2026-10-06T18:56:45.896Z - [36mverbose[39m: Rendering page: /Users/damithch/Repos/nus-cs2103/cs2103-website-base/book/modeling/modelingBehaviors/index.md
2026-10-06T18:56:45.912Z - [36mverbose[39m: Rendering page: /Users/damithch/Repos/nus-cs2103/cs2103-website-base/book/modeling/modelingBehaviors/activityDiagrams/index.md
2026-10-06T18:56:45.919Z - [36mverbose[39m: Rendering page: /Users/damithch/Repos/nus-cs2103/cs2103-website-base/book/modeling/modelingBehaviors/activityDiagramsIntermediate/index.md
2026-10-06T18:56:46.020Z - [36mverbose[39m: Rendering page: /Users/damithch/Repos/nus-cs2103/cs2103-website-base/book/modeling/modelingASolution/introduction/index.md
2026-10-06T18:56:46.028Z - [36mverbose[39m: Rendering page: /Users/damithch/Repos/nus-cs2103/cs2103-website-base/book/modeling/modelingASolution/intermediate/index.md
2026-10-06T18:56:46.059Z - [36mverbose[39m: Rendering page: /Users/damithch/Repos/nus-cs2103/cs2103-website-base/book/modeling/modelingASolution/basic/index.md
2026-10-06T18:56:46.067Z - [36mverbose[39m: Rendering page: /Users/damithch/Repos/nus-cs2103/cs2103-website-base/book/modeling/modelingASolution/index.md
2026-10-06T18:56:46.157Z - [36mverbose[39m: Rendering page: /Users/damithch/Repos/nus-cs2103/cs2103-website-base/book/modeling/introduction/what/index.md
2026-10-06T18:56:46.164Z - [36mverbose[39m: Rendering page: /Users/damithch/Repos/nus-cs2103/cs2103-website-base/book/modeling/introduction/umlModels/index.md
2026-10-06T18:56:46.170Z - [36mverbose[39m: Rendering page: /Users/damithch/Repos/nus-cs2103/cs2103-website-base/book/modeling/introduction/index.md
2026-10-06T18:56:46.179Z - [36mverbose[39m: Rendering page: /Users/damithch/Repos/nus-cs2103/cs2103-website-base/book/modeling/introduction/how/index.md
2026-10-06T18:56:46.558Z - [36mverbose[39m: Rendering page: /Users/damithch/Repos/nus-cs2103/cs2103-website-base/book/modeling/index.md
2026-10-06T18:56:46.601Z - [36mverbose[39m: Rendering page: /Users/damithch/Repos/nus-cs2103/cs2103-website-base/book/intellij/projectSetup/index.md
2026-10-06T18:56:46.607Z - [36mverbose[39m: Rendering page: /Users/damithch/Repos/nus-cs2103/cs2103-website-base/book/intellij/productivityShortcuts/index.md
2026-10-06T18:56:46.617Z - [36mverbose[39m: Rendering page: /Users/damithch/Repos/nus-cs2103/cs2103-website-base/book/intellij/refactoring/index.md
2026-10-06T18:56:46.706Z - [36mverbose[39m: Rendering page: /Users/damithch/Repos/nus-cs2103/cs2103-website-base/book/intellij/index.md
2026-10-06T18:56:46.714Z - [36mverbose[39m: Rendering page: /Users/damithch/Repos/nus-cs2103/cs2103-website-base/book/intellij/debuggingBasic/index.md
2026-10-06T18:56:46.719Z - [36mverbose[39m: Rendering page: /Users/damithch/Repos/nus-cs2103/cs2103-website-base/book/intellij/codeNavigation/index.md
2026-10-06T18:56:46.786Z - [36mverbose[39m: Rendering page: /Users/damithch/Repos/nus-cs2103/cs2103-website-base/book/integration/more/index.md
2026-10-06T18:56:46.792Z - [36mverbose[39m: Rendering page: /Users/damithch/Repos/nus-cs2103/cs2103-website-base/book/integration/more/review/index.md
2026-10-06T18:56:46.798Z - [36mverbose[39m: Rendering page: /Users/damithch/Repos/nus-cs2103/cs2103-website-base/book/integration/introduction/index.md
2026-10-06T18:56:46.890Z - [36mverbose[39m: Rendering page: /Users/damithch/Repos/nus-cs2103/cs2103-website-base/book/integration/introduction/what/index.md
2026-10-06T18:56:46.957Z - [36mverbose[39m: Rendering page: /Users/damithch/Repos/nus-cs2103/cs2103-website-base/book/integration/index.md
2026-10-06T18:56:46.968Z - [36mverbose[39m: Rendering page: /Users/damithch/Repos/nus-cs2103/cs2103-website-base/book/integration/buildAutomation/what/index.md
2026-10-06T18:56:47.022Z - [36mverbose[39m: Rendering page: /Users/damithch/Repos/nus-cs2103/cs2103-website-base/book/integration/buildAutomation/index.md
2026-10-06T18:56:47.047Z - [36mverbose[39m: Rendering page: /Users/damithch/Repos/nus-cs2103/cs2103-website-base/book/integration/approaches/topDownVsBottomUp/index.md
2026-10-06T18:56:47.053Z - [36mverbose[39m: Rendering page: /Users/damithch/Repos/nus-cs2103/cs2103-website-base/book/integration/buildAutomation/continuousIntegrationDeployment/index.md
2026-10-06T18:56:47.096Z - [36mverbose[39m: Rendering page: /Users/damithch/Repos/nus-cs2103/cs2103-website-base/book/integration/approaches/lateVsEarly/index.md
2026-10-06T18:56:47.138Z - [36mverbose[39m: Rendering page: /Users/damithch/Repos/nus-cs2103/cs2103-website-base/book/integration/approaches/index.md
2026-10-06T18:56:47.163Z - [36mverbose[39m: Rendering page: /Users/damithch/Repos/nus-cs2103/cs2103-website-base/book/index.md
2026-10-06T18:56:47.169Z - [36mverbose[39m: Rendering page: /Users/damithch/Repos/nus-cs2103/cs2103-website-base/book/integration/approaches/bigBangVsIncremental/index.md
2026-10-06T18:56:47.234Z - [36mverbose[39m: Rendering page: /Users/damithch/Repos/nus-cs2103/cs2103-website-base/book/ides/introduction/index.md
2026-10-06T18:56:47.241Z - [36mverbose[39m: Rendering page: /Users/damithch/Repos/nus-cs2103/cs2103-website-base/book/ides/introduction/what/index.md
2026-10-06T18:56:47.246Z - [36mverbose[39m: Rendering page: /Users/damithch/Repos/nus-cs2103/cs2103-website-base/book/ides/index.md
2026-10-06T18:56:47.290Z - [36mverbose[39m: Rendering page: /Users/damithch/Repos/nus-cs2103/cs2103-website-base/book/ides/debugging/what/index.md
2026-10-06T18:56:47.295Z - [36mverbose[39m: Rendering page: /Users/damithch/Repos/nus-cs2103/cs2103-website-base/book/ides/debugging/index.md
2026-10-06T18:56:47.303Z - [36mverbose[39m: Rendering page: /Users/damithch/Repos/nus-cs2103/cs2103-website-base/book/gitAndGithub/trail/workingWithRemotes/index.md
2026-10-06T18:56:47.320Z - [36mverbose[39m: Rendering page: /Users/damithch/Repos/nus-cs2103/cs2103-website-base/book/gitAndGithub/trail/usingRevisionHistory/index.md
2026-10-06T18:56:47.362Z - [36mverbose[39m: Rendering page: /Users/damithch/Repos/nus-cs2103/cs2103-website-base/book/gitAndGithub/trail/syncingBranches/index.md
2026-10-06T18:56:47.367Z - [36mverbose[39m: Rendering page: /Users/damithch/Repos/nus-cs2103/cs2103-website-base/book/gitAndGithub/trail/remoteBranches/index.md
2026-10-06T18:56:47.372Z - [36mverbose[39m: Rendering page: /Users/damithch/Repos/nus-cs2103/cs2103-website-base/book/gitAndGithub/trail/recordingFolderHistory/index.md
2026-10-06T18:56:47.389Z - [36mverbose[39m: Rendering page: /Users/damithch/Repos/nus-cs2103/cs2103-website-base/book/gitAndGithub/trail/managingProjects/index.md
2026-10-06T18:56:47.431Z - [36mverbose[39m: Rendering page: /Users/damithch/Repos/nus-cs2103/cs2103-website-base/book/gitAndGithub/trail/index.md
2026-10-06T18:56:47.438Z - [36mverbose[39m: Rendering page: /Users/damithch/Repos/nus-cs2103/cs2103-website-base/book/gitAndGithub/trail/fineTuningHistory/index.md
2026-10-06T18:56:47.457Z - [36mverbose[39m: Rendering page: /Users/damithch/Repos/nus-cs2103/cs2103-website-base/book/gitAndGithub/trail/branchingLocally/index.md
2026-10-06T18:56:47.465Z - [36mverbose[39m: Rendering page: /Users/damithch/Repos/nus-cs2103/cs2103-website-base/book/gitAndGithub/trail/backingUpOnCloud/index.md
2026-10-06T18:56:47.510Z - [36mverbose[39m: Rendering page: /Users/damithch/Repos/nus-cs2103/cs2103-website-base/book/gitAndGithub/reviewPRs/index.md
2026-10-06T18:56:47.517Z - [36mverbose[39m: Rendering page: /Users/damithch/Repos/nus-cs2103/cs2103-website-base/book/gitAndGithub/mergeConflicts/index.md
2026-10-06T18:56:47.522Z - [36mverbose[39m: Rendering page: /Users/damithch/Repos/nus-cs2103/cs2103-website-base/book/gitAndGithub/managePRs/index.md
2026-10-06T18:56:47.527Z - [36mverbose[39m: Rendering page: /Users/damithch/Repos/nus-cs2103/cs2103-website-base/book/gitAndGithub/index.md
2026-10-06T18:56:47.586Z - [36mverbose[39m: Rendering page: /Users/damithch/Repos/nus-cs2103/cs2103-website-base/book/gitAndGithub/forkingWorkflow/index.md
2026-10-06T18:56:47.594Z - [36mverbose[39m: Rendering page: /Users/damithch/Repos/nus-cs2103/cs2103-website-base/book/gitAndGithub/createPRs/index.md
2026-10-06T18:56:47.598Z - [36mverbose[39m: Rendering page: /Users/damithch/Repos/nus-cs2103/cs2103-website-base/book/gatheringRequirements/validation/index.md
2026-10-06T18:56:47.603Z - [36mverbose[39m: Rendering page: /Users/damithch/Repos/nus-cs2103/cs2103-website-base/book/gatheringRequirements/userSurveys/index.md
2026-10-06T18:56:47.668Z - [36mverbose[39m: Rendering page: /Users/damithch/Repos/nus-cs2103/cs2103-website-base/book/gatheringRequirements/prototyping/index.md
2026-10-06T18:56:47.675Z - [36mverbose[39m: Rendering page: /Users/damithch/Repos/nus-cs2103/cs2103-website-base/book/gatheringRequirements/productSurveys/index.md
2026-10-06T18:56:47.680Z - [36mverbose[39m: Rendering page: /Users/damithch/Repos/nus-cs2103/cs2103-website-base/book/gatheringRequirements/interviews/index.md
2026-10-06T18:56:47.685Z - [36mverbose[39m: Rendering page: /Users/damithch/Repos/nus-cs2103/cs2103-website-base/book/gatheringRequirements/observation/index.md
2026-10-06T18:56:47.792Z - [36mverbose[39m: Rendering page: /Users/damithch/Repos/nus-cs2103/cs2103-website-base/book/gatheringRequirements/index.md
2026-10-06T18:56:47.803Z - [36mverbose[39m: Rendering page: /Users/damithch/Repos/nus-cs2103/cs2103-website-base/book/gatheringRequirements/focusGroups/index.md
2026-10-06T18:56:47.808Z - [36mverbose[39m: Rendering page: /Users/damithch/Repos/nus-cs2103/cs2103-website-base/book/errorHandling/logging/what/index.md
2026-10-06T18:56:47.841Z - [36mverbose[39m: Rendering page: /Users/damithch/Repos/nus-cs2103/cs2103-website-base/book/gatheringRequirements/brainstorming/index.md
2026-10-06T18:56:47.891Z - [36mverbose[39m: Rendering page: /Users/damithch/Repos/nus-cs2103/cs2103-website-base/book/errorHandling/logging/index.md
2026-10-06T18:56:47.901Z - [36mverbose[39m: Rendering page: /Users/damithch/Repos/nus-cs2103/cs2103-website-base/book/errorHandling/logging/how/index.md
2026-10-06T18:56:48.116Z - [36mverbose[39m: Rendering page: /Users/damithch/Repos/nus-cs2103/cs2103-website-base/book/errorHandling/introduction/index.md
2026-10-06T18:56:48.136Z - [36mverbose[39m: Rendering page: /Users/damithch/Repos/nus-cs2103/cs2103-website-base/book/errorHandling/introduction/what/index.md
2026-10-06T18:56:48.142Z - [36mverbose[39m: Rendering page: /Users/damithch/Repos/nus-cs2103/cs2103-website-base/book/errorHandling/index.md
2026-10-06T18:56:48.225Z - [36mverbose[39m: Rendering page: /Users/damithch/Repos/nus-cs2103/cs2103-website-base/book/errorHandling/exceptions/when/index.md
2026-10-06T18:56:48.231Z - [36mverbose[39m: Rendering page: /Users/damithch/Repos/nus-cs2103/cs2103-website-base/book/errorHandling/exceptions/what/index.md
2026-10-06T18:56:48.253Z - [36mverbose[39m: Rendering page: /Users/damithch/Repos/nus-cs2103/cs2103-website-base/book/errorHandling/exceptions/index.md
2026-10-06T18:56:48.260Z - [36mverbose[39m: Rendering page: /Users/damithch/Repos/nus-cs2103/cs2103-website-base/book/errorHandling/exceptions/how/index.md
2026-10-06T18:56:48.316Z - [36mverbose[39m: Rendering page: /Users/damithch/Repos/nus-cs2103/cs2103-website-base/book/errorHandling/designByContract/index.md
2026-10-06T18:56:48.322Z - [36mverbose[39m: Rendering page: /Users/damithch/Repos/nus-cs2103/cs2103-website-base/book/errorHandling/designByContract/what/index.md
2026-10-06T18:56:48.328Z - [36mverbose[39m: Rendering page: /Users/damithch/Repos/nus-cs2103/cs2103-website-base/book/errorHandling/defensiveProgramming/when/index.md
2026-10-06T18:56:48.388Z - [36mverbose[39m: Rendering page: /Users/damithch/Repos/nus-cs2103/cs2103-website-base/book/errorHandling/defensiveProgramming/what/index.md
2026-10-06T18:56:48.562Z - [36mverbose[39m: Rendering page: /Users/damithch/Repos/nus-cs2103/cs2103-website-base/book/errorHandling/defensiveProgramming/referentialIntegrity/index.md
2026-10-06T18:56:48.574Z - [36mverbose[39m: Rendering page: /Users/damithch/Repos/nus-cs2103/cs2103-website-base/book/errorHandling/defensiveProgramming/index.md
2026-10-06T18:56:48.590Z - [36mverbose[39m: Rendering page: /Users/damithch/Repos/nus-cs2103/cs2103-website-base/book/errorHandling/defensiveProgramming/compulsoryAssociations/index.md
2026-10-06T18:56:48.600Z - [36mverbose[39m: Rendering page: /Users/damithch/Repos/nus-cs2103/cs2103-website-base/book/errorHandling/defensiveProgramming/1to1Associations/index.md
2026-10-06T18:56:48.697Z - [36mverbose[39m: Rendering page: /Users/damithch/Repos/nus-cs2103/cs2103-website-base/book/errorHandling/assertions/when/index.md
2026-10-06T18:56:48.703Z - [36mverbose[39m: Rendering page: /Users/damithch/Repos/nus-cs2103/cs2103-website-base/book/errorHandling/assertions/what/index.md
2026-10-06T18:56:48.709Z - [36mverbose[39m: Rendering page: /Users/damithch/Repos/nus-cs2103/cs2103-website-base/book/errorHandling/assertions/index.md
2026-10-06T18:56:48.730Z - [36mverbose[39m: Rendering page: /Users/damithch/Repos/nus-cs2103/cs2103-website-base/book/errorHandling/assertions/how/index.md
2026-10-06T18:56:48.780Z - [36mverbose[39m: Rendering page: /Users/damithch/Repos/nus-cs2103/cs2103-website-base/book/documentation/tools/markdown/index.md
2026-10-06T18:56:48.786Z - [36mverbose[39m: Rendering page: /Users/damithch/Repos/nus-cs2103/cs2103-website-base/book/documentation/tools/markdown/how/index.md
2026-10-06T18:56:48.791Z - [36mverbose[39m: Rendering page: /Users/damithch/Repos/nus-cs2103/cs2103-website-base/book/documentation/tools/markdown/what/index.md
2026-10-06T18:56:48.798Z - [36mverbose[39m: Rendering page: /Users/damithch/Repos/nus-cs2103/cs2103-website-base/book/documentation/tools/javaDoc/what/index.md
2026-10-06T18:56:48.896Z - [36mverbose[39m: Rendering page: /Users/damithch/Repos/nus-cs2103/cs2103-website-base/book/documentation/tools/javaDoc/index.md
2026-10-06T18:56:48.904Z - [36mverbose[39m: Rendering page: /Users/damithch/Repos/nus-cs2103/cs2103-website-base/book/documentation/tools/index.md
2026-10-06T18:56:48.911Z - [36mverbose[39m: Rendering page: /Users/damithch/Repos/nus-cs2103/cs2103-website-base/book/documentation/tools/javaDoc/how/index.md
2026-10-06T18:56:48.932Z - [36mverbose[39m: Rendering page: /Users/damithch/Repos/nus-cs2103/cs2103-website-base/book/documentation/tools/asciiDoc/what/index.md
2026-10-06T18:56:48.979Z - [36mverbose[39m: Rendering page: /Users/damithch/Repos/nus-cs2103/cs2103-website-base/book/documentation/tools/asciiDoc/index.md
2026-10-06T18:56:49.079Z - [36mverbose[39m: Rendering page: /Users/damithch/Repos/nus-cs2103/cs2103-website-base/book/documentation/introduction/index.md
2026-10-06T18:56:49.129Z - [36mverbose[39m: Rendering page: /Users/damithch/Repos/nus-cs2103/cs2103-website-base/book/documentation/introduction/what/index.md
2026-10-06T18:56:49.135Z - [36mverbose[39m: Rendering page: /Users/damithch/Repos/nus-cs2103/cs2103-website-base/book/documentation/index.md
2026-10-06T18:56:49.164Z - [36mverbose[39m: Rendering page: /Users/damithch/Repos/nus-cs2103/cs2103-website-base/book/documentation/guidelines/index.md
2026-10-06T18:56:49.234Z - [36mverbose[39m: Rendering page: /Users/damithch/Repos/nus-cs2103/cs2103-website-base/book/documentation/guidelines/goTopDown/what/index.md
2026-10-06T18:56:49.240Z - [36mverbose[39m: Rendering page: /Users/damithch/Repos/nus-cs2103/cs2103-website-base/book/documentation/guidelines/goTopDown/why/index.md
2026-10-06T18:56:49.245Z - [36mverbose[39m: Rendering page: /Users/damithch/Repos/nus-cs2103/cs2103-website-base/book/documentation/guidelines/goTopDown/index.md
2026-10-06T18:56:49.252Z - [36mverbose[39m: Rendering page: /Users/damithch/Repos/nus-cs2103/cs2103-website-base/book/documentation/guidelines/goTopDown/how/index.md
2026-10-06T18:56:49.332Z - [36mverbose[39m: Rendering page: /Users/damithch/Repos/nus-cs2103/cs2103-website-base/book/documentation/guidelines/documentMinimally/index.md
2026-10-06T18:56:49.338Z - [36mverbose[39m: Rendering page: /Users/damithch/Repos/nus-cs2103/cs2103-website-base/book/documentation/guidelines/documentMinimally/how/index.md
2026-10-06T18:56:49.345Z - [36mverbose[39m: Rendering page: /Users/damithch/Repos/nus-cs2103/cs2103-website-base/book/documentation/guidelines/documentMinimally/what/index.md
2026-10-06T18:56:49.350Z - [36mverbose[39m: Rendering page: /Users/damithch/Repos/nus-cs2103/cs2103-website-base/book/documentation/guidelines/aimForComprehensibility/what/index.md
2026-10-06T18:56:49.447Z - [36mverbose[39m: Rendering page: /Users/damithch/Repos/nus-cs2103/cs2103-website-base/book/documentation/guidelines/aimForComprehensibility/index.md
2026-10-06T18:56:49.453Z - [36mverbose[39m: Rendering page: /Users/damithch/Repos/nus-cs2103/cs2103-website-base/book/designPatterns/singleton/what/index.md
2026-10-06T18:56:49.461Z - [36mverbose[39m: Rendering page: /Users/damithch/Repos/nus-cs2103/cs2103-website-base/book/documentation/guidelines/aimForComprehensibility/how/index.md
2026-10-06T18:56:49.483Z - [36mverbose[39m: Rendering page: /Users/damithch/Repos/nus-cs2103/cs2103-website-base/book/designPatterns/singleton/index.md
2026-10-06T18:56:49.566Z - [36mverbose[39m: Rendering page: /Users/damithch/Repos/nus-cs2103/cs2103-website-base/book/designPatterns/singleton/implementation/index.md
2026-10-06T18:56:49.571Z - [36mverbose[39m: Rendering page: /Users/damithch/Repos/nus-cs2103/cs2103-website-base/book/designPatterns/observer/what/index.md
2026-10-06T18:56:49.579Z - [36mverbose[39m: Rendering page: /Users/damithch/Repos/nus-cs2103/cs2103-website-base/book/designPatterns/singleton/evaluation/index.md
2026-10-06T18:56:49.586Z - [36mverbose[39m: Rendering page: /Users/damithch/Repos/nus-cs2103/cs2103-website-base/book/designPatterns/observer/index.md
2026-10-06T18:56:49.650Z - [36mverbose[39m: Rendering page: /Users/damithch/Repos/nus-cs2103/cs2103-website-base/book/designPatterns/more/vsPrinciples/index.md
2026-10-06T18:56:49.656Z - [36mverbose[39m: Rendering page: /Users/damithch/Repos/nus-cs2103/cs2103-website-base/book/designPatterns/more/usingDesignPatterns/index.md
2026-10-06T18:56:49.661Z - [36mverbose[39m: Rendering page: /Users/damithch/Repos/nus-cs2103/cs2103-website-base/book/designPatterns/more/otherTypesOfPatterns/index.md
2026-10-06T18:56:49.701Z - [36mverbose[39m: Rendering page: /Users/damithch/Repos/nus-cs2103/cs2103-website-base/book/designPatterns/more/otherDesignPatterns/index.md
2026-10-06T18:56:49.724Z - [36mverbose[39m: Rendering page: /Users/damithch/Repos/nus-cs2103/cs2103-website-base/book/designPatterns/more/index.md
2026-10-06T18:56:49.766Z - [36mverbose[39m: Rendering page: /Users/damithch/Repos/nus-cs2103/cs2103-website-base/book/designPatterns/more/combiningDesignPatterns/index.md
2026-10-06T18:56:49.794Z - [36mverbose[39m: Rendering page: /Users/damithch/Repos/nus-cs2103/cs2103-website-base/book/designPatterns/modelViewController/index.md
2026-10-06T18:56:49.800Z - [36mverbose[39m: Rendering page: /Users/damithch/Repos/nus-cs2103/cs2103-website-base/book/designPatterns/modelViewController/what/index.md
2026-10-06T18:56:50.002Z - [36mverbose[39m: Rendering page: /Users/damithch/Repos/nus-cs2103/cs2103-website-base/book/designPatterns/introduction/what/index.md
2026-10-06T18:56:50.011Z - [36mverbose[39m: Rendering page: /Users/damithch/Repos/nus-cs2103/cs2103-website-base/book/designPatterns/introduction/index.md
2026-10-06T18:56:50.039Z - [36mverbose[39m: Rendering page: /Users/damithch/Repos/nus-cs2103/cs2103-website-base/book/designPatterns/introduction/format/index.md
2026-10-06T18:56:50.067Z - [36mverbose[39m: Rendering page: /Users/damithch/Repos/nus-cs2103/cs2103-website-base/book/designPatterns/index.md
2026-10-06T18:56:50.090Z - [36mverbose[39m: Rendering page: /Users/damithch/Repos/nus-cs2103/cs2103-website-base/book/designPatterns/facade/what/index.md
2026-10-06T18:56:50.113Z - [36mverbose[39m: Rendering page: /Users/damithch/Repos/nus-cs2103/cs2103-website-base/book/designPatterns/facade/index.md
2026-10-06T18:56:50.166Z - [36mverbose[39m: Rendering page: /Users/damithch/Repos/nus-cs2103/cs2103-website-base/book/designPatterns/command/what/index.md
2026-10-06T18:56:50.202Z - [36mverbose[39m: Rendering page: /Users/damithch/Repos/nus-cs2103/cs2103-website-base/book/designPatterns/command/index.md
2026-10-06T18:56:50.294Z - [36mverbose[39m: Rendering page: /Users/damithch/Repos/nus-cs2103/cs2103-website-base/book/designPatterns/abstractionOccurrence/what/index.md
2026-10-06T18:56:50.326Z - [36mverbose[39m: Rendering page: /Users/damithch/Repos/nus-cs2103/cs2103-website-base/book/designPatterns/abstractionOccurrence/index.md
2026-10-06T18:56:50.368Z - [36mverbose[39m: Rendering page: /Users/damithch/Repos/nus-cs2103/cs2103-website-base/book/designFundamentals/index.md
2026-10-06T18:56:50.428Z - [36mverbose[39m: Rendering page: /Users/damithch/Repos/nus-cs2103/cs2103-website-base/book/designFundamentals/coupling/what/index.md
2026-10-06T18:56:50.463Z - [36mverbose[39m: Rendering page: /Users/damithch/Repos/nus-cs2103/cs2103-website-base/book/designFundamentals/coupling/types/index.md
2026-10-06T18:56:50.481Z - [36mverbose[39m: Rendering page: /Users/damithch/Repos/nus-cs2103/cs2103-website-base/book/designFundamentals/coupling/index.md
2026-10-06T18:56:50.534Z - [36mverbose[39m: Rendering page: /Users/damithch/Repos/nus-cs2103/cs2103-website-base/book/designFundamentals/coupling/how/index.md
2026-10-06T18:56:50.543Z - [36mverbose[39m: Rendering page: /Users/damithch/Repos/nus-cs2103/cs2103-website-base/book/designFundamentals/cohesion/what/index.md
2026-10-06T18:56:50.568Z - [36mverbose[39m: Rendering page: /Users/damithch/Repos/nus-cs2103/cs2103-website-base/book/designFundamentals/cohesion/index.md
2026-10-06T18:56:50.575Z - [36mverbose[39m: Rendering page: /Users/damithch/Repos/nus-cs2103/cs2103-website-base/book/designFundamentals/cohesion/how/index.md
2026-10-06T18:56:50.645Z - [36mverbose[39m: Rendering page: /Users/damithch/Repos/nus-cs2103/cs2103-website-base/book/designFundamentals/abstraction/index.md
2026-10-06T18:56:50.651Z - [36mverbose[39m: Rendering page: /Users/damithch/Repos/nus-cs2103/cs2103-website-base/book/designFundamentals/abstraction/what/index.md
2026-10-06T18:56:50.659Z - [36mverbose[39m: Rendering page: /Users/damithch/Repos/nus-cs2103/cs2103-website-base/book/designApproaches/topDownBottomUp/what/index.md
2026-10-06T18:56:50.664Z - [36mverbose[39m: Rendering page: /Users/damithch/Repos/nus-cs2103/cs2103-website-base/book/designApproaches/topDownBottomUp/index.md
2026-10-06T18:56:50.741Z - [36mverbose[39m: Rendering page: /Users/damithch/Repos/nus-cs2103/cs2103-website-base/book/designApproaches/index.md
2026-10-06T18:56:50.766Z - [36mverbose[39m: Rendering page: /Users/damithch/Repos/nus-cs2103/cs2103-website-base/book/designApproaches/agileDesign/index.md
2026-10-06T18:56:50.788Z - [36mverbose[39m: Rendering page: /Users/damithch/Repos/nus-cs2103/cs2103-website-base/book/designApproaches/agileDesign/what/index.md
2026-10-06T18:56:50.839Z - [36mverbose[39m: Rendering page: /Users/damithch/Repos/nus-cs2103/cs2103-website-base/book/design/introduction/index.md
2026-10-06T18:56:50.845Z - [36mverbose[39m: Rendering page: /Users/damithch/Repos/nus-cs2103/cs2103-website-base/book/design/introduction/what/index.md
2026-10-06T18:56:50.850Z - [36mverbose[39m: Rendering page: /Users/damithch/Repos/nus-cs2103/cs2103-website-base/book/design/index.md
2026-10-06T18:56:50.858Z - [36mverbose[39m: Rendering page: /Users/damithch/Repos/nus-cs2103/cs2103-website-base/book/debugging/what/index.md
2026-10-06T18:56:51.035Z - [36mverbose[39m: Rendering page: /Users/damithch/Repos/nus-cs2103/cs2103-website-base/book/debugging/tools/index.md
2026-10-06T18:56:51.043Z - [36mverbose[39m: Rendering page: /Users/damithch/Repos/nus-cs2103/cs2103-website-base/book/debugging/index.md
2026-10-06T18:56:51.058Z - [36mverbose[39m: Rendering page: /Users/damithch/Repos/nus-cs2103/cs2103-website-base/book/debugging/how/index.md
2026-10-06T18:56:51.110Z - [36mverbose[39m: Rendering page: /Users/damithch/Repos/nus-cs2103/cs2103-website-base/book/debugging/fixing/index.md
2026-10-06T18:56:51.176Z - [36mverbose[39m: Rendering page: /Users/damithch/Repos/nus-cs2103/cs2103-website-base/book/cppToJava/usefulClasses/wrapperClasses/index.md
2026-10-06T18:56:51.193Z - [36mverbose[39m: Rendering page: /Users/damithch/Repos/nus-cs2103/cs2103-website-base/book/debugging/advanced/index.md
2026-10-06T18:56:51.239Z - [36mverbose[39m: Rendering page: /Users/damithch/Repos/nus-cs2103/cs2103-website-base/book/cppToJava/usefulClasses/stringClass/index.md
2026-10-06T18:56:51.440Z - [36mverbose[39m: Rendering page: /Users/damithch/Repos/nus-cs2103/cs2103-website-base/book/cppToJava/usefulClasses/scannerClass/index.md
2026-10-06T18:56:51.470Z - [36mverbose[39m: Rendering page: /Users/damithch/Repos/nus-cs2103/cs2103-website-base/book/cppToJava/usefulClasses/index.md
2026-10-06T18:56:51.518Z - [36mverbose[39m: Rendering page: /Users/damithch/Repos/nus-cs2103/cs2103-website-base/book/cppToJava/usefulClasses/arraysClass/index.md
2026-10-06T18:56:51.528Z - [36mverbose[39m: Rendering page: /Users/damithch/Repos/nus-cs2103/cs2103-website-base/book/cppToJava/usefulClasses/api/index.md
2026-10-06T18:56:51.607Z - [36mverbose[39m: Rendering page: /Users/damithch/Repos/nus-cs2103/cs2103-website-base/book/cppToJava/objects/usingObjects/index.md
2026-10-06T18:56:51.713Z - [36mverbose[39m: Rendering page: /Users/damithch/Repos/nus-cs2103/cs2103-website-base/book/cppToJava/objects/instanceMembers/index.md
2026-10-06T18:56:51.721Z - [36mverbose[39m: Rendering page: /Users/damithch/Repos/nus-cs2103/cs2103-website-base/book/cppToJava/objects/passingObjects/index.md
2026-10-06T18:56:51.733Z - [36mverbose[39m: Rendering page: /Users/damithch/Repos/nus-cs2103/cs2103-website-base/book/cppToJava/objects/index.md
2026-10-06T18:56:51.750Z - [36mverbose[39m: Rendering page: /Users/damithch/Repos/nus-cs2103/cs2103-website-base/book/cppToJava/objects/garbageCollection/index.md
2026-10-06T18:56:51.856Z - [36mverbose[39m: Rendering page: /Users/damithch/Repos/nus-cs2103/cs2103-website-base/book/cppToJava/misc/varargs/index.md
2026-10-06T18:56:51.863Z - [36mverbose[39m: Rendering page: /Users/damithch/Repos/nus-cs2103/cs2103-website-base/book/cppToJava/misc/streams/index.md
2026-10-06T18:56:51.871Z - [36mverbose[39m: Rendering page: /Users/damithch/Repos/nus-cs2103/cs2103-website-base/book/cppToJava/misc/packages/index.md
2026-10-06T18:56:51.878Z - [36mverbose[39m: Rendering page: /Users/damithch/Repos/nus-cs2103/cs2103-website-base/book/cppToJava/misc/javaFX/part02/index.md
2026-10-06T18:56:52.086Z - [36mverbose[39m: Rendering page: /Users/damithch/Repos/nus-cs2103/cs2103-website-base/book/cppToJava/misc/javaFX/index.md
2026-10-06T18:56:52.091Z - [36mverbose[39m: Rendering page: /Users/damithch/Repos/nus-cs2103/cs2103-website-base/book/cppToJava/misc/javaFX/part01/index.md
2026-10-06T18:56:52.101Z - [36mverbose[39m: Rendering page: /Users/damithch/Repos/nus-cs2103/cs2103-website-base/book/cppToJava/misc/index.md
2026-10-06T18:56:52.153Z - [36mverbose[39m: Rendering page: /Users/damithch/Repos/nus-cs2103/cs2103-website-base/book/cppToJava/misc/jar/index.md
2026-10-06T18:56:52.232Z - [36mverbose[39m: Rendering page: /Users/damithch/Repos/nus-cs2103/cs2103-website-base/book/cppToJava/misc/fileAccess/index.md
2026-10-06T18:56:52.241Z - [36mverbose[39m: Rendering page: /Users/damithch/Repos/nus-cs2103/cs2103-website-base/book/cppToJava/misc/enums/index.md
2026-10-06T18:56:52.251Z - [36mverbose[39m: Rendering page: /Users/damithch/Repos/nus-cs2103/cs2103-website-base/book/cppToJava/misc/constants/index.md
2026-10-06T18:56:52.257Z - [36mverbose[39m: Rendering page: /Users/damithch/Repos/nus-cs2103/cs2103-website-base/book/cppToJava/misc/casting/index.md
2026-10-06T18:56:52.352Z - [36mverbose[39m: Rendering page: /Users/damithch/Repos/nus-cs2103/cs2103-website-base/book/cppToJava/misc/accessModifiers/index.md
2026-10-06T18:56:52.358Z - [36mverbose[39m: Rendering page: /Users/damithch/Repos/nus-cs2103/cs2103-website-base/book/cppToJava/junit/intermediate/index.md
2026-10-06T18:56:52.363Z - [36mverbose[39m: Rendering page: /Users/damithch/Repos/nus-cs2103/cs2103-website-base/book/cppToJava/junit/index.md
2026-10-06T18:56:52.373Z - [36mverbose[39m: Rendering page: /Users/damithch/Repos/nus-cs2103/cs2103-website-base/book/cppToJava/junit/basic/index.md
2026-10-06T18:56:52.440Z - [36mverbose[39m: Rendering page: /Users/damithch/Repos/nus-cs2103/cs2103-website-base/book/cppToJava/javaWorld/what/index.md
2026-10-06T18:56:52.446Z - [36mverbose[39m: Rendering page: /Users/damithch/Repos/nus-cs2103/cs2103-website-base/book/cppToJava/javaWorld/how/index.md
2026-10-06T18:56:52.451Z - [36mverbose[39m: Rendering page: /Users/damithch/Repos/nus-cs2103/cs2103-website-base/book/cppToJava/javaWorld/index.md
2026-10-06T18:56:52.542Z - [36mverbose[39m: Rendering page: /Users/damithch/Repos/nus-cs2103/cs2103-website-base/book/cppToJava/javaWorld/editions/index.md
2026-10-06T18:56:52.874Z - [36mverbose[39m: Rendering page: /Users/damithch/Repos/nus-cs2103/cs2103-website-base/book/cppToJava/inheritance/polymorphism/index.md
2026-10-06T18:56:52.887Z - [36mverbose[39m: Rendering page: /Users/damithch/Repos/nus-cs2103/cs2103-website-base/book/cppToJava/inheritance/objectClass/index.md
2026-10-06T18:56:52.897Z - [36mverbose[39m: Rendering page: /Users/damithch/Repos/nus-cs2103/cs2103-website-base/book/cppToJava/inheritance/index.md
2026-10-06T18:56:52.928Z - [36mverbose[39m: Rendering page: /Users/damithch/Repos/nus-cs2103/cs2103-website-base/book/cppToJava/inheritance/interfaces/index.md
2026-10-06T18:56:54.677Z - [36mverbose[39m: Rendering page: /Users/damithch/Repos/nus-cs2103/cs2103-website-base/book/cppToJava/inheritance/basic/index.md
2026-10-06T18:56:54.689Z - [36mverbose[39m: Rendering page: /Users/damithch/Repos/nus-cs2103/cs2103-website-base/book/cppToJava/gettingStarted/running/index.md
2026-10-06T18:56:54.702Z - [36mverbose[39m: Rendering page: /Users/damithch/Repos/nus-cs2103/cs2103-website-base/book/cppToJava/inheritance/abstractClassesAndMethods/index.md
2026-10-06T18:56:54.715Z - [36mverbose[39m: Rendering page: /Users/damithch/Repos/nus-cs2103/cs2103-website-base/book/cppToJava/index.md
2026-10-06T18:56:54.967Z - [36mverbose[39m: Rendering page: /Users/damithch/Repos/nus-cs2103/cs2103-website-base/book/cppToJava/gettingStarted/installation/index.md
2026-10-06T18:56:54.974Z - [36mverbose[39m: Rendering page: /Users/damithch/Repos/nus-cs2103/cs2103-website-base/book/cppToJava/gettingStarted/index.md
2026-10-06T18:56:54.984Z - [36mverbose[39m: Rendering page: /Users/damithch/Repos/nus-cs2103/cs2103-website-base/book/cppToJava/gettingStarted/helloWorld/index.md
2026-10-06T18:56:54.990Z - [36mverbose[39m: Rendering page: /Users/damithch/Repos/nus-cs2103/cs2103-website-base/book/cppToJava/gettingStarted/compiling/index.md
2026-10-06T18:56:55.107Z - [36mverbose[39m: Rendering page: /Users/damithch/Repos/nus-cs2103/cs2103-website-base/book/cppToJava/generics/what/index.md
2026-10-06T18:56:55.114Z - [36mverbose[39m: Rendering page: /Users/damithch/Repos/nus-cs2103/cs2103-website-base/book/cppToJava/generics/index.md
2026-10-06T18:56:55.127Z - [36mverbose[39m: Rendering page: /Users/damithch/Repos/nus-cs2103/cs2103-website-base/book/cppToJava/exceptions/what/index.md
2026-10-06T18:56:55.133Z - [36mverbose[39m: Rendering page: /Users/damithch/Repos/nus-cs2103/cs2103-website-base/book/cppToJava/generics/how/index.md
2026-10-06T18:56:55.275Z - [36mverbose[39m: Rendering page: /Users/damithch/Repos/nus-cs2103/cs2103-website-base/book/cppToJava/exceptions/index.md
2026-10-06T18:56:55.288Z - [36mverbose[39m: Rendering page: /Users/damithch/Repos/nus-cs2103/cs2103-website-base/book/cppToJava/exceptions/how/index.md
2026-10-06T18:56:55.297Z - [36mverbose[39m: Rendering page: /Users/damithch/Repos/nus-cs2103/cs2103-website-base/book/cppToJava/dataTypes/variables/index.md
2026-10-06T18:56:55.303Z - [36mverbose[39m: Rendering page: /Users/damithch/Repos/nus-cs2103/cs2103-website-base/book/cppToJava/dataTypes/primitiveTypes/index.md
2026-10-06T18:56:55.501Z - [36mverbose[39m: Rendering page: /Users/damithch/Repos/nus-cs2103/cs2103-website-base/book/cppToJava/dataTypes/index.md
2026-10-06T18:56:55.515Z - [36mverbose[39m: Rendering page: /Users/damithch/Repos/nus-cs2103/cs2103-website-base/book/cppToJava/dataTypes/operators/index.md
2026-10-06T18:56:55.522Z - [36mverbose[39m: Rendering page: /Users/damithch/Repos/nus-cs2103/cs2103-website-base/book/cppToJava/controlFlow/methods/index.md
2026-10-06T18:56:55.533Z - [36mverbose[39m: Rendering page: /Users/damithch/Repos/nus-cs2103/cs2103-website-base/book/cppToJava/dataTypes/arrays/index.md
2026-10-06T18:56:55.762Z - [36mverbose[39m: Rendering page: /Users/damithch/Repos/nus-cs2103/cs2103-website-base/book/cppToJava/controlFlow/index.md
2026-10-06T18:56:55.790Z - [36mverbose[39m: Rendering page: /Users/damithch/Repos/nus-cs2103/cs2103-website-base/book/cppToJava/controlFlow/loops/index.md
2026-10-06T18:56:55.802Z - [36mverbose[39m: Rendering page: /Users/damithch/Repos/nus-cs2103/cs2103-website-base/book/cppToJava/collections/what/index.md
2026-10-06T18:56:55.807Z - [36mverbose[39m: Rendering page: /Users/damithch/Repos/nus-cs2103/cs2103-website-base/book/cppToJava/controlFlow/branching/index.md
2026-10-06T18:56:56.030Z - [36mverbose[39m: Rendering page: /Users/damithch/Repos/nus-cs2103/cs2103-website-base/book/cppToJava/collections/index.md
2026-10-06T18:56:56.042Z - [36mverbose[39m: Rendering page: /Users/damithch/Repos/nus-cs2103/cs2103-website-base/book/cppToJava/collections/hashMapClass/index.md
2026-10-06T18:56:56.052Z - [36mverbose[39m: Rendering page: /Users/damithch/Repos/nus-cs2103/cs2103-website-base/book/cppToJava/classes/index.md
2026-10-06T18:56:56.098Z - [36mverbose[39m: Rendering page: /Users/damithch/Repos/nus-cs2103/cs2103-website-base/book/cppToJava/collections/arrayListClass/index.md
2026-10-06T18:56:56.196Z - [36mverbose[39m: Rendering page: /Users/damithch/Repos/nus-cs2103/cs2103-website-base/book/cppToJava/classes/gettersAndSetters/index.md
2026-10-06T18:56:56.204Z - [36mverbose[39m: Rendering page: /Users/damithch/Repos/nus-cs2103/cs2103-website-base/book/cppToJava/classes/definingClasses/index.md
2026-10-06T18:56:56.216Z - [36mverbose[39m: Rendering page: /Users/damithch/Repos/nus-cs2103/cs2103-website-base/book/cppToJava/classes/classLevelMembers/index.md
2026-10-06T18:56:56.224Z - [36mverbose[39m: Rendering page: /Users/damithch/Repos/nus-cs2103/cs2103-website-base/book/cppToJava/about/index.md
2026-10-06T18:56:56.308Z - [36mverbose[39m: Rendering page: /Users/damithch/Repos/nus-cs2103/cs2103-website-base/book/codeQuality/nameWell/introduction/index.md
2026-10-06T18:56:56.330Z - [36mverbose[39m: Rendering page: /Users/damithch/Repos/nus-cs2103/cs2103-website-base/book/codeQuality/nameWell/intermediate/useNameExplain/index.md
2026-10-06T18:56:56.336Z - [36mverbose[39m: Rendering page: /Users/damithch/Repos/nus-cs2103/cs2103-website-base/book/codeQuality/nameWell/intermediate/index.md
2026-10-06T18:56:56.345Z - [36mverbose[39m: Rendering page: /Users/damithch/Repos/nus-cs2103/cs2103-website-base/book/codeQuality/nameWell/intermediate/notTooLongNorShort/index.md
2026-10-06T18:56:56.400Z - [36mverbose[39m: Rendering page: /Users/damithch/Repos/nus-cs2103/cs2103-website-base/book/codeQuality/nameWell/intermediate/avoidMisleadingNames/index.md
2026-10-06T18:56:56.484Z - [36mverbose[39m: Rendering page: /Users/damithch/Repos/nus-cs2103/cs2103-website-base/book/codeQuality/nameWell/index.md
2026-10-06T18:56:56.494Z - [36mverbose[39m: Rendering page: /Users/damithch/Repos/nus-cs2103/cs2103-website-base/book/codeQuality/nameWell/basic/nounsAndVerbsAsNames/index.md
2026-10-06T18:56:56.502Z - [36mverbose[39m: Rendering page: /Users/damithch/Repos/nus-cs2103/cs2103-website-base/book/codeQuality/nameWell/basic/index.md
2026-10-06T18:56:56.522Z - [36mverbose[39m: Rendering page: /Users/damithch/Repos/nus-cs2103/cs2103-website-base/book/codeQuality/nameWell/basic/useStandardWords/index.md
2026-10-06T18:56:56.591Z - [36mverbose[39m: Rendering page: /Users/damithch/Repos/nus-cs2103/cs2103-website-base/book/codeQuality/maximizeReadability/introduction/index.md
2026-10-06T18:56:56.599Z - [36mverbose[39m: Rendering page: /Users/damithch/Repos/nus-cs2103/cs2103-website-base/book/codeQuality/maximizeReadability/intermediate/structureCodeLogically/index.md
2026-10-06T18:56:56.654Z - [36mverbose[39m: Rendering page: /Users/damithch/Repos/nus-cs2103/cs2103-website-base/book/codeQuality/maximizeReadability/intermediate/practiceKISSing/index.md
2026-10-06T18:56:56.662Z - [36mverbose[39m: Rendering page: /Users/damithch/Repos/nus-cs2103/cs2103-website-base/book/codeQuality/maximizeReadability/intermediate/slapHard/index.md
2026-10-06T18:56:56.680Z - [36mverbose[39m: Rendering page: /Users/damithch/Repos/nus-cs2103/cs2103-website-base/book/codeQuality/maximizeReadability/intermediate/index.md
2026-10-06T18:56:56.843Z - [36mverbose[39m: Rendering page: /Users/damithch/Repos/nus-cs2103/cs2103-website-base/book/codeQuality/maximizeReadability/intermediate/dontTripReader/index.md
2026-10-06T18:56:56.849Z - [36mverbose[39m: Rendering page: /Users/damithch/Repos/nus-cs2103/cs2103-website-base/book/codeQuality/maximizeReadability/intermediate/avoidPrematureOptimizations/index.md
2026-10-06T18:56:56.854Z - [36mverbose[39m: Rendering page: /Users/damithch/Repos/nus-cs2103/cs2103-website-base/book/codeQuality/maximizeReadability/index.md
2026-10-06T18:56:56.951Z - [36mverbose[39m: Rendering page: /Users/damithch/Repos/nus-cs2103/cs2103-website-base/book/codeQuality/maximizeReadability/basic/makeCodeObvious/index.md
2026-10-06T18:56:56.969Z - [36mverbose[39m: Rendering page: /Users/damithch/Repos/nus-cs2103/cs2103-website-base/book/codeQuality/maximizeReadability/basic/index.md
2026-10-06T18:56:57.003Z - [36mverbose[39m: Rendering page: /Users/damithch/Repos/nus-cs2103/cs2103-website-base/book/codeQuality/maximizeReadability/basic/avoidMagicNumbers/index.md
2026-10-06T18:56:57.031Z - [36mverbose[39m: Rendering page: /Users/damithch/Repos/nus-cs2103/cs2103-website-base/book/codeQuality/maximizeReadability/basic/avoidLongMethods/index.md
2026-10-06T18:56:57.036Z - [36mverbose[39m: Rendering page: /Users/damithch/Repos/nus-cs2103/cs2103-website-base/book/codeQuality/maximizeReadability/basic/avoidDeepNesting/index.md
2026-10-06T18:56:57.065Z - [36mverbose[39m: Rendering page: /Users/damithch/Repos/nus-cs2103/cs2103-website-base/book/codeQuality/maximizeReadability/basic/avoidComplicatedExpressions/index.md
2026-10-06T18:56:57.127Z - [36mverbose[39m: Rendering page: /Users/damithch/Repos/nus-cs2103/cs2103-website-base/book/codeQuality/maximizeReadability/advanced/index.md
2026-10-06T18:56:57.133Z - [36mverbose[39m: Rendering page: /Users/damithch/Repos/nus-cs2103/cs2103-website-base/book/codeQuality/maximizeReadability/advanced/makeHappyPathProminent/index.md
2026-10-06T18:56:57.142Z - [36mverbose[39m: Rendering page: /Users/damithch/Repos/nus-cs2103/cs2103-website-base/book/codeQuality/introduction/index.md
2026-10-06T18:56:57.477Z - [36mverbose[39m: Rendering page: /Users/damithch/Repos/nus-cs2103/cs2103-website-base/book/codeQuality/introduction/basic/index.md
2026-10-06T18:56:57.545Z - [36mverbose[39m: Rendering page: /Users/damithch/Repos/nus-cs2103/cs2103-website-base/book/codeQuality/index.md
2026-10-06T18:56:57.581Z - [36mverbose[39m: Rendering page: /Users/damithch/Repos/nus-cs2103/cs2103-website-base/book/codeQuality/followStandard/introduction/index.md
2026-10-06T18:56:57.587Z - [36mverbose[39m: Rendering page: /Users/damithch/Repos/nus-cs2103/cs2103-website-base/book/codeQuality/followStandard/intermediate/index.md
2026-10-06T18:56:57.593Z - [36mverbose[39m: Rendering page: /Users/damithch/Repos/nus-cs2103/cs2103-website-base/book/codeQuality/followStandard/index.md
2026-10-06T18:56:57.678Z - [36mverbose[39m: Rendering page: /Users/damithch/Repos/nus-cs2103/cs2103-website-base/book/codeQuality/followStandard/basic/index.md
2026-10-06T18:56:57.685Z - [36mverbose[39m: Rendering page: /Users/damithch/Repos/nus-cs2103/cs2103-website-base/book/codeQuality/commentMinimally/introduction/index.md
2026-10-06T18:56:57.738Z - [36mverbose[39m: Rendering page: /Users/damithch/Repos/nus-cs2103/cs2103-website-base/book/codeQuality/commentMinimally/intermediate/index.md
2026-10-06T18:56:57.747Z - [36mverbose[39m: Rendering page: /Users/damithch/Repos/nus-cs2103/cs2103-website-base/book/codeQuality/commentMinimally/intermediate/explainWhatWhyNotHow/index.md
2026-10-06T18:56:57.803Z - [36mverbose[39m: Rendering page: /Users/damithch/Repos/nus-cs2103/cs2103-website-base/book/codeQuality/commentMinimally/index.md
2026-10-06T18:56:57.844Z - [36mverbose[39m: Rendering page: /Users/damithch/Repos/nus-cs2103/cs2103-website-base/book/codeQuality/commentMinimally/basic/index.md
2026-10-06T18:56:57.851Z - [36mverbose[39m: Rendering page: /Users/damithch/Repos/nus-cs2103/cs2103-website-base/book/codeQuality/commentMinimally/basic/dontRepeatObvious/index.md
2026-10-06T18:56:57.857Z - [36mverbose[39m: Rendering page: /Users/damithch/Repos/nus-cs2103/cs2103-website-base/book/codeQuality/commentMinimally/basic/writeToReader/index.md
2026-10-06T18:56:57.863Z - [36mverbose[39m: Rendering page: /Users/damithch/Repos/nus-cs2103/cs2103-website-base/book/codeQuality/avoidShortcuts/introduction/index.md
2026-10-06T18:56:57.981Z - [36mverbose[39m: Rendering page: /Users/damithch/Repos/nus-cs2103/cs2103-website-base/book/codeQuality/avoidShortcuts/intermediate/minimiseVariableScope/index.md
2026-10-06T18:56:57.986Z - [36mverbose[39m: Rendering page: /Users/damithch/Repos/nus-cs2103/cs2103-website-base/book/codeQuality/avoidShortcuts/intermediate/index.md
2026-10-06T18:56:57.995Z - [36mverbose[39m: Rendering page: /Users/damithch/Repos/nus-cs2103/cs2103-website-base/book/codeQuality/avoidShortcuts/index.md
2026-10-06T18:56:58.004Z - [36mverbose[39m: Rendering page: /Users/damithch/Repos/nus-cs2103/cs2103-website-base/book/codeQuality/avoidShortcuts/intermediate/minimiseCodeDuplication/index.md
2026-10-06T18:56:58.099Z - [36mverbose[39m: Rendering page: /Users/damithch/Repos/nus-cs2103/cs2103-website-base/book/codeQuality/avoidShortcuts/basic/index.md
2026-10-06T18:56:58.109Z - [36mverbose[39m: Rendering page: /Users/damithch/Repos/nus-cs2103/cs2103-website-base/book/codeQuality/avoidShortcuts/basic/dontRecycleVarsOrParams/index.md
2026-10-06T18:56:58.115Z - [36mverbose[39m: Rendering page: /Users/damithch/Repos/nus-cs2103/cs2103-website-base/book/codeQuality/avoidShortcuts/basic/useDefaultBranch/index.md
2026-10-06T18:56:58.121Z - [36mverbose[39m: Rendering page: /Users/damithch/Repos/nus-cs2103/cs2103-website-base/book/codeQuality/avoidShortcuts/basic/deleteDeadCode/index.md
2026-10-06T18:56:58.230Z - [36mverbose[39m: Rendering page: /Users/damithch/Repos/nus-cs2103/cs2103-website-base/book/codeQuality/avoidShortcuts/basic/avoidEmptyCatchBlocks/index.md
2026-10-06T18:56:58.235Z - [36mverbose[39m: Rendering page: /Users/damithch/Repos/nus-cs2103/cs2103-website-base/book/architecture/introduction/what/index.md
2026-10-06T18:56:58.242Z - [36mverbose[39m: Rendering page: /Users/damithch/Repos/nus-cs2103/cs2103-website-base/book/architecture/introduction/index.md
2026-10-06T18:56:58.253Z - [36mverbose[39m: Rendering page: /Users/damithch/Repos/nus-cs2103/cs2103-website-base/book/architecture/introduction/why/index.md
2026-10-06T18:56:58.497Z - [36mverbose[39m: Rendering page: /Users/damithch/Repos/nus-cs2103/cs2103-website-base/book/architecture/introduction/components/index.md
2026-10-06T18:56:58.506Z - [36mverbose[39m: Rendering page: /Users/damithch/Repos/nus-cs2103/cs2103-website-base/book/architecture/architectureDiagrams/views/index.md
2026-10-06T18:56:58.512Z - [36mverbose[39m: Rendering page: /Users/damithch/Repos/nus-cs2103/cs2103-website-base/book/architecture/index.md
2026-10-06T18:56:58.535Z - [36mverbose[39m: Rendering page: /Users/damithch/Repos/nus-cs2103/cs2103-website-base/book/architecture/architectureDiagrams/reading/index.md
2026-10-06T18:56:58.646Z - [36mverbose[39m: Rendering page: /Users/damithch/Repos/nus-cs2103/cs2103-website-base/book/architecture/architectureDiagrams/index.md
2026-10-06T18:56:58.655Z - [36mverbose[39m: Rendering page: /Users/damithch/Repos/nus-cs2103/cs2103-website-base/book/architecture/architectureDiagrams/drawing/index.md
2026-10-06T18:56:58.662Z - [36mverbose[39m: Rendering page: /Users/damithch/Repos/nus-cs2103/cs2103-website-base/book/architecture/architecturalStyles/serviceOriented/what/index.md
2026-10-06T18:56:58.669Z - [36mverbose[39m: Rendering page: /Users/damithch/Repos/nus-cs2103/cs2103-website-base/book/architecture/architecturalStyles/serviceOriented/index.md
2026-10-06T18:56:58.757Z - [36mverbose[39m: Rendering page: /Users/damithch/Repos/nus-cs2103/cs2103-website-base/book/architecture/architecturalStyles/more/usingStyles/index.md
2026-10-06T18:56:58.763Z - [36mverbose[39m: Rendering page: /Users/damithch/Repos/nus-cs2103/cs2103-website-base/book/architecture/architecturalStyles/more/moreStyles/index.md
2026-10-06T18:56:58.769Z - [36mverbose[39m: Rendering page: /Users/damithch/Repos/nus-cs2103/cs2103-website-base/book/architecture/architecturalStyles/more/index.md
2026-10-06T18:56:58.778Z - [36mverbose[39m: Rendering page: /Users/damithch/Repos/nus-cs2103/cs2103-website-base/book/architecture/architecturalStyles/monolith/what/index.md
2026-10-06T18:56:58.851Z - [36mverbose[39m: Rendering page: /Users/damithch/Repos/nus-cs2103/cs2103-website-base/book/architecture/architecturalStyles/monolith/index.md
2026-10-06T18:56:58.859Z - [36mverbose[39m: Rendering page: /Users/damithch/Repos/nus-cs2103/cs2103-website-base/book/architecture/architecturalStyles/layered/what/index.md
2026-10-06T18:56:58.865Z - [36mverbose[39m: Rendering page: /Users/damithch/Repos/nus-cs2103/cs2103-website-base/book/architecture/architecturalStyles/layered/index.md
2026-10-06T18:56:58.994Z - [36mverbose[39m: Rendering page: /Users/damithch/Repos/nus-cs2103/cs2103-website-base/book/architecture/architecturalStyles/introduction/what/index.md
2026-10-06T18:56:58.999Z - [36mverbose[39m: Rendering page: /Users/damithch/Repos/nus-cs2103/cs2103-website-base/book/architecture/architecturalStyles/introduction/index.md
2026-10-06T18:56:59.006Z - [36mverbose[39m: Rendering page: /Users/damithch/Repos/nus-cs2103/cs2103-website-base/book/architecture/architecturalStyles/eventDriven/what/index.md
2026-10-06T18:56:59.012Z - [36mverbose[39m: Rendering page: /Users/damithch/Repos/nus-cs2103/cs2103-website-base/book/architecture/architecturalStyles/index.md
2026-10-06T18:56:59.196Z - [36mverbose[39m: Rendering page: /Users/damithch/Repos/nus-cs2103/cs2103-website-base/book/architecture/architecturalStyles/eventDriven/index.md
2026-10-06T18:56:59.202Z - [36mverbose[39m: Rendering page: /Users/damithch/Repos/nus-cs2103/cs2103-website-base/book/architecture/architecturalStyles/clientServer/what/index.md
2026-10-06T18:56:59.208Z - [36mverbose[39m: Rendering page: /Users/damithch/Repos/nus-cs2103/cs2103-website-base/book/architecture/architecturalStyles/clientServer/index.md
2026-10-06T18:56:59.661Z - [36mverbose[39m: Rendering page: /Users/damithch/Repos/nus-cs2103/cs2103-website-base/book/combined/exercises.md
2026-10-06T18:56:59.673Z - [36mverbose[39m: Rendering page: /Users/damithch/Repos/nus-cs2103/cs2103-website-base/se-book-adapted/git-trail/index.md
2026-10-06T18:56:59.679Z - [36mverbose[39m: Rendering page: /Users/damithch/Repos/nus-cs2103/cs2103-website-base/se-book-adapted/common/exercises.md
2026-10-06T18:56:59.688Z - [36mverbose[39m: Rendering page: /Users/damithch/Repos/nus-cs2103/cs2103-website-base/se-book-adapted/common/definitions.md
2026-10-06T18:57:00.208Z - [36mverbose[39m: Rendering page: /Users/damithch/Repos/nus-cs2103/cs2103-website-base/se-book-adapted/chapters-printable/uml-printable.md
2026-10-06T18:57:00.236Z - [36mverbose[39m: Rendering page: /Users/damithch/Repos/nus-cs2103/cs2103-website-base/se-book-adapted/chapters-printable/teamwork-printable.md
2026-10-06T18:57:00.241Z - [36mverbose[39m: Rendering page: /Users/damithch/Repos/nus-cs2103/cs2103-website-base/se-book-adapted/chapters-printable/testing-printable.md
2026-10-06T18:57:00.262Z - [36mverbose[39m: Rendering page: /Users/damithch/Repos/nus-cs2103/cs2103-website-base/se-book-adapted/chapters-printable/testCaseDesign-printable.md
2026-10-06T18:57:00.546Z - [36mverbose[39m: Rendering page: /Users/damithch/Repos/nus-cs2103/cs2103-website-base/se-book-adapted/chapters-printable/specifyingRequirements-printable.md
2026-10-06T18:57:00.564Z - [36mverbose[39m: Rendering page: /Users/damithch/Repos/nus-cs2103/cs2103-website-base/se-book-adapted/chapters-printable/softwareEngineering-printable.md
2026-10-06T18:57:00.570Z - [36mverbose[39m: Rendering page: /Users/damithch/Repos/nus-cs2103/cs2103-website-base/se-book-adapted/chapters-printable/security-printable.md
2026-10-06T18:57:00.626Z - [36mverbose[39m: Rendering page: /Users/damithch/Repos/nus-cs2103/cs2103-website-base/se-book-adapted/chapters-printable/reuse-printable.md
2026-10-06T18:57:00.776Z - [36mverbose[39m: Rendering page: /Users/damithch/Repos/nus-cs2103/cs2103-website-base/se-book-adapted/chapters-printable/requirements-printable.md
2026-10-06T18:57:00.789Z - [36mverbose[39m: Rendering page: /Users/damithch/Repos/nus-cs2103/cs2103-website-base/se-book-adapted/chapters-printable/qualityAssurance-printable.md
2026-10-06T18:57:00.796Z - [36mverbose[39m: Rendering page: /Users/damithch/Repos/nus-cs2103/cs2103-website-base/se-book-adapted/chapters-printable/refactoring-printable.md
2026-10-06T18:57:00.852Z - [36mverbose[39m: Rendering page: /Users/damithch/Repos/nus-cs2103/cs2103-website-base/se-book-adapted/chapters-printable/projectPlanning-printable.md
2026-10-06T18:57:01.422Z - [36mverbose[39m: Rendering page: /Users/damithch/Repos/nus-cs2103/cs2103-website-base/se-book-adapted/chapters-printable/processModels-printable.md
2026-10-06T18:57:01.458Z - [36mverbose[39m: Rendering page: /Users/damithch/Repos/nus-cs2103/cs2103-website-base/se-book-adapted/chapters-printable/principles-printable.md
2026-10-06T18:57:01.472Z - [36mverbose[39m: Rendering page: /Users/damithch/Repos/nus-cs2103/cs2103-website-base/se-book-adapted/chapters-printable/oop-printable.md
2026-10-06T18:57:01.497Z - [36mverbose[39m: Rendering page: /Users/damithch/Repos/nus-cs2103/cs2103-website-base/se-book-adapted/chapters-printable/modeling-printable.md
2026-10-06T18:57:01.556Z - [36mverbose[39m: Rendering page: /Users/damithch/Repos/nus-cs2103/cs2103-website-base/se-book-adapted/chapters-printable/intellij-printable.md
2026-10-06T18:57:01.708Z - [36mverbose[39m: Rendering page: /Users/damithch/Repos/nus-cs2103/cs2103-website-base/se-book-adapted/chapters-printable/integration-printable.md
2026-10-06T18:57:01.714Z - [36mverbose[39m: Rendering page: /Users/damithch/Repos/nus-cs2103/cs2103-website-base/se-book-adapted/chapters-printable/ides-printable.md
2026-10-06T18:57:01.719Z - [36mverbose[39m: Rendering page: /Users/damithch/Repos/nus-cs2103/cs2103-website-base/se-book-adapted/chapters-printable/gatheringRequirements-printable.md
2026-10-06T18:57:01.892Z - [36mverbose[39m: Rendering page: /Users/damithch/Repos/nus-cs2103/cs2103-website-base/se-book-adapted/chapters-printable/errorHandling-printable.md
2026-10-06T18:57:01.907Z - [36mverbose[39m: Rendering page: /Users/damithch/Repos/nus-cs2103/cs2103-website-base/se-book-adapted/chapters-printable/documentation-printable.md
2026-10-06T18:57:01.944Z - [36mverbose[39m: Rendering page: /Users/damithch/Repos/nus-cs2103/cs2103-website-base/se-book-adapted/chapters-printable/designFundamentals-printable.md
2026-10-06T18:57:01.953Z - [36mverbose[39m: Rendering page: /Users/damithch/Repos/nus-cs2103/cs2103-website-base/se-book-adapted/chapters-printable/designPatterns-printable.md
2026-10-06T18:57:01.965Z - [36mverbose[39m: Rendering page: /Users/damithch/Repos/nus-cs2103/cs2103-website-base/se-book-adapted/chapters-printable/designApproaches-printable.md
2026-10-06T18:57:02.748Z - [36mverbose[39m: Rendering page: /Users/damithch/Repos/nus-cs2103/cs2103-website-base/se-book-adapted/chapters-printable/design-printable.md
2026-10-06T18:57:02.936Z - [36mverbose[39m: Rendering page: /Users/damithch/Repos/nus-cs2103/cs2103-website-base/se-book-adapted/chapters-printable/debugging-printable.md
2026-10-06T18:57:02.951Z - [36mverbose[39m: Rendering page: /Users/damithch/Repos/nus-cs2103/cs2103-website-base/se-book-adapted/chapters-printable/cppToJava-printable.md
2026-10-06T18:57:03.120Z - [36mverbose[39m: Rendering page: /Users/damithch/Repos/nus-cs2103/cs2103-website-base/se-book-adapted/chapters-printable/codeQuality-printable.md
2026-10-06T18:57:03.885Z - [36mverbose[39m: Rendering page: /Users/damithch/Repos/nus-cs2103/cs2103-website-base/se-book-adapted/chapters-printable/architecture-printable.md
2026-10-06T18:57:04.166Z - [36mverbose[39m: Rendering page: /Users/damithch/Repos/nus-cs2103/cs2103-website-base/se-book-adapted/chapters/uml.md
2026-10-06T18:57:04.223Z - [36mverbose[39m: Rendering page: /Users/damithch/Repos/nus-cs2103/cs2103-website-base/se-book-adapted/chapters/testing.md
2026-10-06T18:57:04.284Z - [36mverbose[39m: Rendering page: /Users/damithch/Repos/nus-cs2103/cs2103-website-base/se-book-adapted/chapters/testCaseDesign.md
2026-10-06T18:57:04.603Z - [36mverbose[39m: Rendering page: /Users/damithch/Repos/nus-cs2103/cs2103-website-base/se-book-adapted/chapters/test.md
2026-10-06T18:57:04.639Z - [36mverbose[39m: Rendering page: /Users/damithch/Repos/nus-cs2103/cs2103-website-base/se-book-adapted/chapters/teamwork.md
2026-10-06T18:57:04.647Z - [36mverbose[39m: Rendering page: /Users/damithch/Repos/nus-cs2103/cs2103-website-base/se-book-adapted/chapters/specifyingRequirements.md
2026-10-06T18:57:04.804Z - [36mverbose[39m: Rendering page: /Users/damithch/Repos/nus-cs2103/cs2103-website-base/se-book-adapted/chapters/softwareEngineering.md
2026-10-06T18:57:04.970Z - [36mverbose[39m: Rendering page: /Users/damithch/Repos/nus-cs2103/cs2103-website-base/se-book-adapted/chapters/security.md
2026-10-06T18:57:05.076Z - [36mverbose[39m: Rendering page: /Users/damithch/Repos/nus-cs2103/cs2103-website-base/se-book-adapted/chapters/reuse.md
2026-10-06T18:57:05.098Z - [36mverbose[39m: Rendering page: /Users/damithch/Repos/nus-cs2103/cs2103-website-base/se-book-adapted/chapters/requirements.md
2026-10-06T18:57:05.120Z - [36mverbose[39m: Rendering page: /Users/damithch/Repos/nus-cs2103/cs2103-website-base/se-book-adapted/chapters/refactoring.md
2026-10-06T18:57:05.580Z - [36mverbose[39m: Rendering page: /Users/damithch/Repos/nus-cs2103/cs2103-website-base/se-book-adapted/chapters/qualityAssurance.md
2026-10-06T18:57:05.591Z - [36mverbose[39m: Rendering page: /Users/damithch/Repos/nus-cs2103/cs2103-website-base/se-book-adapted/chapters/projectPlanning.md
2026-10-06T18:57:05.605Z - [36mverbose[39m: Rendering page: /Users/damithch/Repos/nus-cs2103/cs2103-website-base/se-book-adapted/chapters/processModels.md
2026-10-06T18:57:05.965Z - [36mverbose[39m: Rendering page: /Users/damithch/Repos/nus-cs2103/cs2103-website-base/se-book-adapted/chapters/principles.md
2026-10-06T18:57:06.397Z - [36mverbose[39m: Rendering page: /Users/damithch/Repos/nus-cs2103/cs2103-website-base/se-book-adapted/chapters/oop.md
2026-10-06T18:57:06.585Z - [36mverbose[39m: Rendering page: /Users/damithch/Repos/nus-cs2103/cs2103-website-base/se-book-adapted/chapters/modeling.md
2026-10-06T18:57:06.670Z - [36mverbose[39m: Rendering page: /Users/damithch/Repos/nus-cs2103/cs2103-website-base/se-book-adapted/chapters/intellij.md
2026-10-06T18:57:06.679Z - [36mverbose[39m: Rendering page: /Users/damithch/Repos/nus-cs2103/cs2103-website-base/se-book-adapted/chapters/integration.md
2026-10-06T18:57:07.148Z - [36mverbose[39m: Rendering page: /Users/damithch/Repos/nus-cs2103/cs2103-website-base/se-book-adapted/chapters/gatheringRequirements.md
2026-10-06T18:57:07.160Z - [36mverbose[39m: Rendering page: /Users/damithch/Repos/nus-cs2103/cs2103-website-base/se-book-adapted/chapters/ides.md
2026-10-06T18:57:07.421Z - [36mverbose[39m: Rendering page: /Users/damithch/Repos/nus-cs2103/cs2103-website-base/se-book-adapted/chapters/documentation.md
2026-10-06T18:57:07.433Z - [36mverbose[39m: Rendering page: /Users/damithch/Repos/nus-cs2103/cs2103-website-base/se-book-adapted/chapters/errorHandling.md
2026-10-06T18:57:07.515Z - [36mverbose[39m: Rendering page: /Users/damithch/Repos/nus-cs2103/cs2103-website-base/se-book-adapted/chapters/designFundamentals.md
2026-10-06T18:57:07.527Z - [36mverbose[39m: Rendering page: /Users/damithch/Repos/nus-cs2103/cs2103-website-base/se-book-adapted/chapters/designPatterns.md
2026-10-06T18:57:07.554Z - [36mverbose[39m: Rendering page: /Users/damithch/Repos/nus-cs2103/cs2103-website-base/se-book-adapted/chapters/designApproaches.md
2026-10-06T18:57:07.660Z - [36mverbose[39m: Rendering page: /Users/damithch/Repos/nus-cs2103/cs2103-website-base/se-book-adapted/chapters/design.md
2026-10-06T18:57:09.327Z - [36mverbose[39m: Rendering page: /Users/damithch/Repos/nus-cs2103/cs2103-website-base/se-book-adapted/chapters/debugging.md
2026-10-06T18:57:09.837Z - [36mverbose[39m: Rendering page: /Users/damithch/Repos/nus-cs2103/cs2103-website-base/se-book-adapted/chapters/cppToJava.md
2026-10-06T18:57:10.019Z - [36mverbose[39m: Rendering page: /Users/damithch/Repos/nus-cs2103/cs2103-website-base/se-book-adapted/chapters/codeQuality.md
2026-10-06T18:57:10.059Z - [36mverbose[39m: Rendering page: /Users/damithch/Repos/nus-cs2103/cs2103-website-base/se-book-adapted/chapters/architecture.md
2026-10-06T18:57:10.088Z - [36mverbose[39m: Rendering page: /Users/damithch/Repos/nus-cs2103/cs2103-website-base/se-book-adapted/index.md
2026-10-06T18:57:10.345Z - [36mverbose[39m: Rendering page: /Users/damithch/Repos/nus-cs2103/cs2103-website-base/book/about/acknowledgements.md
2026-10-06T18:57:10.350Z - [36mverbose[39m: Rendering page: /Users/damithch/Repos/nus-cs2103/cs2103-website-base/schedule/week9/tutorial.md
2026-10-06T18:57:10.359Z - [36mverbose[39m: Rendering page: /Users/damithch/Repos/nus-cs2103/cs2103-website-base/schedule/week8/tutorial.md
2026-10-06T18:57:10.376Z - [36mverbose[39m: Rendering page: /Users/damithch/Repos/nus-cs2103/cs2103-website-base/schedule/week7/tutorial.md
2026-10-06T18:57:11.891Z - [36mverbose[39m: Rendering page: /Users/damithch/Repos/nus-cs2103/cs2103-website-base/schedule/week6/tutorial.md
2026-10-06T18:57:11.901Z - [36mverbose[39m: Rendering page: /Users/damithch/Repos/nus-cs2103/cs2103-website-base/schedule/week5/tutorial.md
2026-10-06T18:57:11.932Z - [36mverbose[39m: Rendering page: /Users/damithch/Repos/nus-cs2103/cs2103-website-base/schedule/week4/tutorial.md
2026-10-06T18:57:11.943Z - [36mverbose[39m: Rendering page: /Users/damithch/Repos/nus-cs2103/cs2103-website-base/schedule/week3/tutorial.md
2026-10-06T18:57:12.062Z - [36mverbose[39m: Rendering page: /Users/damithch/Repos/nus-cs2103/cs2103-website-base/schedule/week2/tutorial.md
2026-10-06T18:57:12.068Z - [36mverbose[39m: Rendering page: /Users/damithch/Repos/nus-cs2103/cs2103-website-base/schedule/week13/tutorial.md
2026-10-06T18:57:12.074Z - [36mverbose[39m: Rendering page: /Users/damithch/Repos/nus-cs2103/cs2103-website-base/schedule/week12/tutorial.md
2026-10-06T18:57:12.079Z - [36mverbose[39m: Rendering page: /Users/damithch/Repos/nus-cs2103/cs2103-website-base/schedule/week11/tutorial.md
2026-10-06T18:57:13.647Z - [36mverbose[39m: Rendering page: /Users/damithch/Repos/nus-cs2103/cs2103-website-base/schedule/week10/tutorial.md
2026-10-06T18:57:13.660Z - [36mverbose[39m: Rendering page: /Users/damithch/Repos/nus-cs2103/cs2103-website-base/schedule/week9/topics.md
2026-10-06T18:57:13.710Z - [36mverbose[39m: Rendering page: /Users/damithch/Repos/nus-cs2103/cs2103-website-base/schedule/week1/tutorial.md
2026-10-06T18:57:13.716Z - [36mverbose[39m: Rendering page: /Users/damithch/Repos/nus-cs2103/cs2103-website-base/schedule/week8/topics.md
2026-10-06T18:57:16.028Z - [36mverbose[39m: Rendering page: /Users/damithch/Repos/nus-cs2103/cs2103-website-base/schedule/week7/topics.md
2026-10-06T18:57:16.068Z - [36mverbose[39m: Rendering page: /Users/damithch/Repos/nus-cs2103/cs2103-website-base/schedule/week5/topics.md
2026-10-06T18:57:16.135Z - [36mverbose[39m: Rendering page: /Users/damithch/Repos/nus-cs2103/cs2103-website-base/schedule/week6/topics.md
2026-10-06T18:57:16.172Z - [36mverbose[39m: Rendering page: /Users/damithch/Repos/nus-cs2103/cs2103-website-base/schedule/week4/topics.md
2026-10-06T18:57:16.926Z - [36mverbose[39m: Rendering page: /Users/damithch/Repos/nus-cs2103/cs2103-website-base/schedule/week3/topics.md
2026-10-06T18:57:16.962Z - [36mverbose[39m: Rendering page: /Users/damithch/Repos/nus-cs2103/cs2103-website-base/schedule/week13/topics.md
2026-10-06T18:57:16.969Z - [36mverbose[39m: Rendering page: /Users/damithch/Repos/nus-cs2103/cs2103-website-base/schedule/week12/topics.md
2026-10-06T18:57:16.980Z - [36mverbose[39m: Rendering page: /Users/damithch/Repos/nus-cs2103/cs2103-website-base/schedule/week2/topics.md
2026-10-06T18:57:20.191Z - [36mverbose[39m: Rendering page: /Users/damithch/Repos/nus-cs2103/cs2103-website-base/schedule/week10/topics.md
2026-10-06T18:57:20.230Z - [36mverbose[39m: Rendering page: /Users/damithch/Repos/nus-cs2103/cs2103-website-base/schedule/week11/topics.md
2026-10-06T18:57:20.285Z - [36mverbose[39m: Rendering page: /Users/damithch/Repos/nus-cs2103/cs2103-website-base/schedule/week1/topics.md
2026-10-06T18:57:20.372Z - [36mverbose[39m: Rendering page: /Users/damithch/Repos/nus-cs2103/cs2103-website-base/schedule/week9/project.md
2026-10-06T18:57:25.032Z - [36mverbose[39m: Rendering page: /Users/damithch/Repos/nus-cs2103/cs2103-website-base/schedule/week7/project.md
2026-10-06T18:57:25.054Z - [36mverbose[39m: Rendering page: /Users/damithch/Repos/nus-cs2103/cs2103-website-base/schedule/week8/project.md
2026-10-06T18:57:25.076Z - [36mverbose[39m: Rendering page: /Users/damithch/Repos/nus-cs2103/cs2103-website-base/schedule/week6/project.md
2026-10-06T18:57:25.102Z - [36mverbose[39m: Rendering page: /Users/damithch/Repos/nus-cs2103/cs2103-website-base/schedule/week5/project.md
2026-10-06T18:57:29.296Z - [36mverbose[39m: Rendering page: /Users/damithch/Repos/nus-cs2103/cs2103-website-base/schedule/week13/project.md
2026-10-06T18:57:29.302Z - [36mverbose[39m: Rendering page: /Users/damithch/Repos/nus-cs2103/cs2103-website-base/schedule/week3/project.md
2026-10-06T18:57:29.327Z - [36mverbose[39m: Rendering page: /Users/damithch/Repos/nus-cs2103/cs2103-website-base/schedule/week2/project.md
2026-10-06T18:57:29.362Z - [36mverbose[39m: Rendering page: /Users/damithch/Repos/nus-cs2103/cs2103-website-base/schedule/week4/project.md
2026-10-06T18:57:34.077Z - [34mdebug[39m: /bin/sh: line 1: 30808 Abort trap: 6           java -jar "/opt/homebrew/lib/node_modules/markbind-cli/node_modules/@markbind/core/src/plugins/default/plantuml.jar" -nometadata -pipe > "/private/tmp/cs2103-overview-teachers.3WfgAB/admin/duplicates-cluster-one-level.png"

2026-10-06T18:57:34.077Z - [34mdebug[39m: /bin/sh: line 1: 30809 Abort trap: 6           java -jar "/opt/homebrew/lib/node_modules/markbind-cli/node_modules/@markbind/core/src/plugins/default/plantuml.jar" -nometadata -pipe > "/private/tmp/cs2103-overview-teachers.3WfgAB/admin/duplicates-cluster-multi-level.png"

2026-10-06T18:57:34.080Z - [36mverbose[39m: Rendering page: /Users/damithch/Repos/nus-cs2103/cs2103-website-base/schedule/week1/project.md
2026-10-06T18:57:34.086Z - [36mverbose[39m: Rendering page: /Users/damithch/Repos/nus-cs2103/cs2103-website-base/schedule/week10/project.md
2026-10-06T18:57:34.099Z - [36mverbose[39m: Rendering page: /Users/damithch/Repos/nus-cs2103/cs2103-website-base/schedule/week11/project.md
2026-10-06T18:57:34.120Z - [36mverbose[39m: Rendering page: /Users/damithch/Repos/nus-cs2103/cs2103-website-base/schedule/week12/project.md
2026-10-06T18:57:35.091Z - [36mverbose[39m: Rendering page: /Users/damithch/Repos/nus-cs2103/cs2103-website-base/schedule/week9/index.md
2026-10-06T18:57:35.099Z - [36mverbose[39m: Rendering page: /Users/damithch/Repos/nus-cs2103/cs2103-website-base/schedule/week8/index.md
2026-10-06T18:57:35.105Z - [36mverbose[39m: Rendering page: /Users/damithch/Repos/nus-cs2103/cs2103-website-base/schedule/week7/index.md
2026-10-06T18:57:35.115Z - [36mverbose[39m: Rendering page: /Users/damithch/Repos/nus-cs2103/cs2103-website-base/schedule/week6/index.md
2026-10-06T18:57:36.085Z - [36mverbose[39m: Rendering page: /Users/damithch/Repos/nus-cs2103/cs2103-website-base/schedule/week5/index.md
2026-10-06T18:57:36.092Z - [36mverbose[39m: Rendering page: /Users/damithch/Repos/nus-cs2103/cs2103-website-base/schedule/week4/index.md
2026-10-06T18:57:36.101Z - [36mverbose[39m: Rendering page: /Users/damithch/Repos/nus-cs2103/cs2103-website-base/schedule/week3/index.md
2026-10-06T18:57:36.112Z - [36mverbose[39m: Rendering page: /Users/damithch/Repos/nus-cs2103/cs2103-website-base/schedule/week2/index.md
2026-10-06T18:57:36.215Z - [32minfo[39m: Website generation started at 2:57:36 AM
2026-10-06T18:57:36.642Z - [33mwarn[39m: ENOENT: no such file or directory, open '/Users/damithch/Repos/nus-cs2103/cs2103-website-base/_site/book/_markbind/variables.md'
2026-10-06T18:57:36.644Z - [33mwarn[39m: ENOENT: no such file or directory, open '/Users/damithch/Repos/nus-cs2103/cs2103-website-base/_site/_markbind/variables.md'
2026-10-06T18:57:36.677Z - [32minfo[39m: Building assets...
2026-10-06T18:57:37.014Z - [36mverbose[39m: Rendering page: /Users/damithch/Repos/nus-cs2103/cs2103-website-base/schedule/week12/index.md
2026-10-06T18:57:37.024Z - [36mverbose[39m: Rendering page: /Users/damithch/Repos/nus-cs2103/cs2103-website-base/schedule/week13/index.md
2026-10-06T18:57:37.038Z - [36mverbose[39m: Rendering page: /Users/damithch/Repos/nus-cs2103/cs2103-website-base/schedule/week11/index.md
2026-10-06T18:57:37.048Z - [36mverbose[39m: Rendering page: /Users/damithch/Repos/nus-cs2103/cs2103-website-base/schedule/week10/index.md
2026-10-06T18:57:37.446Z - [36mverbose[39m: Rendering page: /Users/damithch/Repos/nus-cs2103/cs2103-website-base/schedule/week1/index.md
2026-10-06T18:57:37.462Z - [36mverbose[39m: Rendering page: /Users/damithch/Repos/nus-cs2103/cs2103-website-base/schedule/week9/admin.md
2026-10-06T18:57:37.468Z - [36mverbose[39m: Rendering page: /Users/damithch/Repos/nus-cs2103/cs2103-website-base/schedule/week8/admin.md
2026-10-06T18:57:37.478Z - [36mverbose[39m: Rendering page: /Users/damithch/Repos/nus-cs2103/cs2103-website-base/schedule/week7/admin.md
2026-10-06T18:57:37.570Z - [32minfo[39m: Assets built
2026-10-06T18:57:37.570Z - [32minfo[39m: Generating pages...
2026-10-06T18:57:38.125Z - [36mverbose[39m: Rendering page: /Users/damithch/Repos/nus-cs2103/cs2103-website-base/admin/CP3108A-option.md
2026-10-06T18:57:38.143Z - [36mverbose[39m: Rendering page: /Users/damithch/Repos/nus-cs2103/cs2103-website-base/admin/appendixA-principles.md
2026-10-06T18:57:38.153Z - [36mverbose[39m: Rendering page: /Users/damithch/Repos/nus-cs2103/cs2103-website-base/admin/appendixB-policies.md
2026-10-06T18:57:38.172Z - [36mverbose[39m: Rendering page: /Users/damithch/Repos/nus-cs2103/cs2103-website-base/admin/acknowledgements.md
2026-10-06T18:57:39.245Z - [36mverbose[39m: Rendering page: /Users/damithch/Repos/nus-cs2103/cs2103-website-base/schedule/week6/admin.md
2026-10-06T18:57:39.263Z - [36mverbose[39m: Rendering page: /Users/damithch/Repos/nus-cs2103/cs2103-website-base/schedule/week5/admin.md
2026-10-06T18:57:39.274Z - [36mverbose[39m: Rendering page: /Users/damithch/Repos/nus-cs2103/cs2103-website-base/schedule/week4/admin.md
2026-10-06T18:57:39.282Z - [36mverbose[39m: Rendering page: /Users/damithch/Repos/nus-cs2103/cs2103-website-base/schedule/week3/admin.md
2026-10-06T18:57:40.270Z - [34mdebug[39m: /bin/sh: line 1: 30856 Abort trap: 6           java -jar "/opt/homebrew/lib/node_modules/markbind-cli/node_modules/@markbind/core/src/plugins/default/plantuml.jar" -nometadata -pipe > "/private/tmp/cs2103-overview-teachers-clean.M6RMCR/02efa8074d6808ed35a398656ab974b5.png"

2026-10-06T18:57:40.270Z - [34mdebug[39m: /bin/sh: line 1: 30858 Abort trap: 6           java -jar "/opt/homebrew/lib/node_modules/markbind-cli/node_modules/@markbind/core/src/plugins/default/plantuml.jar" -nometadata -pipe > "/private/tmp/cs2103-overview-teachers-clean.M6RMCR/5692e4a38374748c0777a01dc7adb0ed.png"

2026-10-06T18:57:40.270Z - [34mdebug[39m: /bin/sh: line 1: 30860 Abort trap: 6           java -jar "/opt/homebrew/lib/node_modules/markbind-cli/node_modules/@markbind/core/src/plugins/default/plantuml.jar" -nometadata -pipe > "/private/tmp/cs2103-overview-teachers-clean.M6RMCR/book/architecture/introduction/what/images/architecture.png"

2026-10-06T18:57:40.270Z - [34mdebug[39m: /bin/sh: line 1: 30862 Abort trap: 6           java -jar "/opt/homebrew/lib/node_modules/markbind-cli/node_modules/@markbind/core/src/plugins/default/plantuml.jar" -nometadata -pipe > "/private/tmp/cs2103-overview-teachers-clean.M6RMCR/book/architecture/architectureDiagrams/views/images/twoViews.png"

2026-10-06T18:57:40.270Z - [34mdebug[39m: /bin/sh: line 1: 30864 Abort trap: 6           java -jar "/opt/homebrew/lib/node_modules/markbind-cli/node_modules/@markbind/core/src/plugins/default/plantuml.jar" -nometadata -pipe > "/private/tmp/cs2103-overview-teachers-clean.M6RMCR/book/architecture/architecturalStyles/monolith/what/images/monolithVsModularMonolith.png"

2026-10-06T18:57:40.270Z - [34mdebug[39m: /bin/sh: line 1: 30867 Abort trap: 6           java -jar "/opt/homebrew/lib/node_modules/markbind-cli/node_modules/@markbind/core/src/plugins/default/plantuml.jar" -nometadata -pipe > "/private/tmp/cs2103-overview-teachers-clean.M6RMCR/book/architecture/architecturalStyles/clientServer/what/images/clientServerViews.png"

2026-10-06T18:57:40.270Z - [34mdebug[39m: /bin/sh: line 1: 30869 Abort trap: 6           java -jar "/opt/homebrew/lib/node_modules/markbind-cli/node_modules/@markbind/core/src/plugins/default/plantuml.jar" -nometadata -pipe > "/private/tmp/cs2103-overview-teachers-clean.M6RMCR/book/architecture/architecturalStyles/serviceOriented/what/images/composingServices.png"

2026-10-06T18:57:40.270Z - [34mdebug[39m: /bin/sh: line 1: 30871 Abort trap: 6           java -jar "/opt/homebrew/lib/node_modules/markbind-cli/node_modules/@markbind/core/src/plugins/default/plantuml.jar" -nometadata -pipe > "/private/tmp/cs2103-overview-teachers-clean.M6RMCR/book/architecture/architecturalStyles/serviceOriented/what/images/monolithVsMicroservices.png"

2026-10-06T18:57:40.270Z - [34mdebug[39m: /bin/sh: line 1: 30874 Abort trap: 6           java -jar "/opt/homebrew/lib/node_modules/markbind-cli/node_modules/@markbind/core/src/plugins/default/plantuml.jar" -nometadata -pipe > "/private/tmp/cs2103-overview-teachers-clean.M6RMCR/book/designPatterns/singleton/what/images/singleton.png"

2026-10-06T18:57:40.850Z - [36mverbose[39m: Rendering page: /Users/damithch/Repos/nus-cs2103/cs2103-website-base/schedule/week2/admin.md
2026-10-06T18:57:40.869Z - [36mverbose[39m: Rendering page: /Users/damithch/Repos/nus-cs2103/cs2103-website-base/schedule/week13/admin.md
2026-10-06T18:57:40.879Z - [36mverbose[39m: Rendering page: /Users/damithch/Repos/nus-cs2103/cs2103-website-base/schedule/week12/admin.md
2026-10-06T18:57:40.891Z - [36mverbose[39m: Rendering page: /Users/damithch/Repos/nus-cs2103/cs2103-website-base/schedule/week11/admin.md
2026-10-06T18:57:41.405Z - [34mdebug[39m: /bin/sh: line 1: 30872 Abort trap: 6           java -jar "/opt/homebrew/lib/node_modules/markbind-cli/node_modules/@markbind/core/src/plugins/default/plantuml.jar" -nometadata -pipe > "/private/tmp/cs2103-overview-teachers-clean.M6RMCR/book/architecture/architecturalStyles/more/usingStyles/images/architectureProgression.png"

2026-10-06T18:57:41.406Z - [34mdebug[39m: /bin/sh: line 1: 30880 Abort trap: 6           java -jar "/opt/homebrew/lib/node_modules/markbind-cli/node_modules/@markbind/core/src/plugins/default/plantuml.jar" -nometadata -pipe > "/private/tmp/cs2103-overview-teachers-clean.M6RMCR/bd8098b2469d2837ed88d34009addf28.png"

2026-10-06T18:57:41.406Z - [34mdebug[39m: /bin/sh: line 1: 30881 Abort trap: 6           java -jar "/opt/homebrew/lib/node_modules/markbind-cli/node_modules/@markbind/core/src/plugins/default/plantuml.jar" -nometadata -pipe > "/private/tmp/cs2103-overview-teachers-clean.M6RMCR/c19b33a34d429a1c3c7daf265c9d7e12.png"

2026-10-06T18:57:41.406Z - [34mdebug[39m: /bin/sh: line 1: 30886 Abort trap: 6           java -jar "/opt/homebrew/lib/node_modules/markbind-cli/node_modules/@markbind/core/src/plugins/default/plantuml.jar" -nometadata -pipe > "/private/tmp/cs2103-overview-teachers-clean.M6RMCR/book/uml/classDiagrams/associationsAsAttributes/what/images/cd-BookAuthor1.png"

2026-10-06T18:57:41.406Z - [34mdebug[39m: /bin/sh: line 1: 30885 Abort trap: 6           java -jar "/opt/homebrew/lib/node_modules/markbind-cli/node_modules/@markbind/core/src/plugins/default/plantuml.jar" -nometadata -pipe > "/private/tmp/cs2103-overview-teachers-clean.M6RMCR/book/uml/classDiagrams/associationsAsAttributes/what/images/cd-BookAuthor2.png"

2026-10-06T18:57:41.406Z - [34mdebug[39m: /bin/sh: line 1: 30887 Abort trap: 6           java -jar "/opt/homebrew/lib/node_modules/markbind-cli/node_modules/@markbind/core/src/plugins/default/plantuml.jar" -nometadata -pipe > "/private/tmp/cs2103-overview-teachers-clean.M6RMCR/book/uml/classDiagrams/associationsAsAttributes/what/images/cd-BookAuthor3.png"

2026-10-06T18:57:41.406Z - [34mdebug[39m: /bin/sh: line 1: 30889 Abort trap: 6           java -jar "/opt/homebrew/lib/node_modules/markbind-cli/node_modules/@markbind/core/src/plugins/default/plantuml.jar" -nometadata -pipe > "/private/tmp/cs2103-overview-teachers-clean.M6RMCR/book/uml/classDiagrams/classInheritance/what/images/cd-inheritance-and-generics.png"

2026-10-06T18:57:41.406Z - [34mdebug[39m: /bin/sh: line 1: 30893 Abort trap: 6           java -jar "/opt/homebrew/lib/node_modules/markbind-cli/node_modules/@markbind/core/src/plugins/default/plantuml.jar" -nometadata -pipe > "/private/tmp/cs2103-overview-teachers-clean.M6RMCR/book/uml/classDiagrams/dependencies/what/images/incorrectDependencyWithAssociation.png"

2026-10-06T18:57:41.497Z - [34mdebug[39m: /bin/sh: line 1: 30894 Abort trap: 6           java -jar "/opt/homebrew/lib/node_modules/markbind-cli/node_modules/@markbind/core/src/plugins/default/plantuml.jar" -nometadata -pipe > "/private/tmp/cs2103-overview-teachers-clean.M6RMCR/book/uml/classDiagrams/dependencies/what/images/incorrectDependencyWithInheritance.png"

2026-10-06T18:57:41.626Z - [34mdebug[39m: /bin/sh: line 1: 30895 Abort trap: 6           java -jar "/opt/homebrew/lib/node_modules/markbind-cli/node_modules/@markbind/core/src/plugins/default/plantuml.jar" -nometadata -pipe > "/private/tmp/cs2103-overview-teachers-clean.M6RMCR/book/uml/classDiagrams/dependencies/what/images/correctDependencyWithAssociation.png"

2026-10-06T18:57:41.793Z - [34mdebug[39m: /bin/sh: line 1: 30897 Abort trap: 6           java -jar "/opt/homebrew/lib/node_modules/markbind-cli/node_modules/@markbind/core/src/plugins/default/plantuml.jar" -nometadata -pipe > "/private/tmp/cs2103-overview-teachers-clean.M6RMCR/280e50c63f08262dcbd5aefbd99f7081.png"

2026-10-06T18:57:41.916Z - [34mdebug[39m: /bin/sh: line 1: 30899 Abort trap: 6           java -jar "/opt/homebrew/lib/node_modules/markbind-cli/node_modules/@markbind/core/src/plugins/default/plantuml.jar" -nometadata -pipe > "/private/tmp/cs2103-overview-teachers-clean.M6RMCR/bdcc6c306f8f0813fdb8e1be062edcb4.png"

2026-10-06T18:57:42.048Z - [34mdebug[39m: /bin/sh: line 1: 30902 Abort trap: 6           java -jar "/opt/homebrew/lib/node_modules/markbind-cli/node_modules/@markbind/core/src/plugins/default/plantuml.jar" -nometadata -pipe > "/private/tmp/cs2103-overview-teachers-clean.M6RMCR/fe10d1b78a5657f279433e2da147b51b.png"

2026-10-06T18:57:42.171Z - [34mdebug[39m: /bin/sh: line 1: 30903 Abort trap: 6           java -jar "/opt/homebrew/lib/node_modules/markbind-cli/node_modules/@markbind/core/src/plugins/default/plantuml.jar" -nometadata -pipe > "/private/tmp/cs2103-overview-teachers-clean.M6RMCR/c07659f0ec05d55f1e9b5771aedf362d.png"

2026-10-06T18:57:42.313Z - [34mdebug[39m: /bin/sh: line 1: 30906 Abort trap: 6           java -jar "/opt/homebrew/lib/node_modules/markbind-cli/node_modules/@markbind/core/src/plugins/default/plantuml.jar" -nometadata -pipe > "/private/tmp/cs2103-overview-teachers-clean.M6RMCR/book/uml/sequenceDiagrams/staticMethods/images/personClass.png"

2026-10-06T18:57:42.466Z - [34mdebug[39m: /bin/sh: line 1: 30907 Abort trap: 6           java -jar "/opt/homebrew/lib/node_modules/markbind-cli/node_modules/@markbind/core/src/plugins/default/plantuml.jar" -nometadata -pipe > "/private/tmp/cs2103-overview-teachers-clean.M6RMCR/book/uml/sequenceDiagrams/staticMethods/images/staticMethodCall.png"

2026-10-06T18:57:42.508Z - [36mverbose[39m: Rendering page: /Users/damithch/Repos/nus-cs2103/cs2103-website-base/index.md
2026-10-06T18:57:42.520Z - [36mverbose[39m: Rendering page: /Users/damithch/Repos/nus-cs2103/cs2103-website-base/book/uml/stereotypes/index.md
2026-10-06T18:57:42.532Z - [36mverbose[39m: Rendering page: /Users/damithch/Repos/nus-cs2103/cs2103-website-base/book/uml/stereotypes/what/index.md
2026-10-06T18:57:42.538Z - [36mverbose[39m: Rendering page: /Users/damithch/Repos/nus-cs2103/cs2103-website-base/se-book-adapted/print.md
2026-10-06T18:57:42.826Z - [36mverbose[39m: Rendering page: /Users/damithch/Repos/nus-cs2103/cs2103-website-base/book/uml/sequenceDiagrams/selfInvocation/index.md
2026-10-06T18:57:42.834Z - [36mverbose[39m: Rendering page: /Users/damithch/Repos/nus-cs2103/cs2103-website-base/book/uml/sequenceDiagrams/staticMethods/index.md
2026-10-06T18:57:42.842Z - [36mverbose[39m: Rendering page: /Users/damithch/Repos/nus-cs2103/cs2103-website-base/book/uml/sequenceDiagrams/referenceFrames/index.md
2026-10-06T18:57:42.847Z - [36mverbose[39m: Rendering page: /Users/damithch/Repos/nus-cs2103/cs2103-website-base/book/uml/sequenceDiagrams/parallelPaths/index.md
2026-10-06T18:57:42.906Z - [36mverbose[39m: Rendering page: /Users/damithch/Repos/nus-cs2103/cs2103-website-base/book/uml/sequenceDiagrams/objectDeletion/index.md
2026-10-06T18:57:42.913Z - [36mverbose[39m: Rendering page: /Users/damithch/Repos/nus-cs2103/cs2103-website-base/book/uml/sequenceDiagrams/optionalPaths/index.md
2026-10-06T18:57:42.919Z - [36mverbose[39m: Rendering page: /Users/damithch/Repos/nus-cs2103/cs2103-website-base/book/uml/sequenceDiagrams/objectCreation/index.md
2026-10-06T18:57:42.926Z - [36mverbose[39m: Rendering page: /Users/damithch/Repos/nus-cs2103/cs2103-website-base/book/uml/sequenceDiagrams/minimalNotation/index.md
2026-10-06T18:57:43.010Z - [36mverbose[39m: Rendering page: /Users/damithch/Repos/nus-cs2103/cs2103-website-base/book/uml/sequenceDiagrams/loops/index.md
2026-10-06T18:57:43.031Z - [36mverbose[39m: Rendering page: /Users/damithch/Repos/nus-cs2103/cs2103-website-base/book/uml/sequenceDiagrams/introduction/index.md
2026-10-06T18:57:43.038Z - [36mverbose[39m: Rendering page: /Users/damithch/Repos/nus-cs2103/cs2103-website-base/book/uml/sequenceDiagrams/index.md
2026-10-06T18:57:43.080Z - [36mverbose[39m: Rendering page: /Users/damithch/Repos/nus-cs2103/cs2103-website-base/book/uml/sequenceDiagrams/basic/index.md
2026-10-06T18:57:43.099Z - [36mverbose[39m: Rendering page: /Users/damithch/Repos/nus-cs2103/cs2103-website-base/book/uml/sequenceDiagrams/alternativePaths/index.md
2026-10-06T18:57:43.129Z - [36mverbose[39m: Rendering page: /Users/damithch/Repos/nus-cs2103/cs2103-website-base/book/uml/objectDiagrams/objects/index.md
2026-10-06T18:57:43.137Z - [36mverbose[39m: Rendering page: /Users/damithch/Repos/nus-cs2103/cs2103-website-base/book/uml/objectDiagrams/introduction/index.md
2026-10-06T18:57:43.166Z - [36mverbose[39m: Rendering page: /Users/damithch/Repos/nus-cs2103/cs2103-website-base/book/uml/objectDiagrams/index.md
2026-10-06T18:57:43.189Z - [36mverbose[39m: Rendering page: /Users/damithch/Repos/nus-cs2103/cs2103-website-base/book/uml/objectDiagrams/associations/index.md
2026-10-06T18:57:43.206Z - [36mverbose[39m: Rendering page: /Users/damithch/Repos/nus-cs2103/cs2103-website-base/book/uml/notes/notes/index.md
2026-10-06T18:57:43.214Z - [36mverbose[39m: Rendering page: /Users/damithch/Repos/nus-cs2103/cs2103-website-base/book/uml/notes/index.md
2026-10-06T18:57:43.657Z - [34mdebug[39m: /bin/sh: line 1: 30931 Abort trap: 6           java -jar "/opt/homebrew/lib/node_modules/markbind-cli/node_modules/@markbind/core/src/plugins/default/plantuml.jar" -nometadata -pipe > "/private/tmp/cs2103-overview-teachers-clean.M6RMCR/book/uml/miscellaneous/objectVsClassDiagrams/images/cd-ParentAndChild.png"

2026-10-06T18:57:43.657Z - [34mdebug[39m: /bin/sh: line 1: 30935 Abort trap: 6           java -jar "/opt/homebrew/lib/node_modules/markbind-cli/node_modules/@markbind/core/src/plugins/default/plantuml.jar" -nometadata -pipe > "/private/tmp/cs2103-overview-teachers-clean.M6RMCR/book/uml/miscellaneous/objectVsClassDiagrams/images/cd-StudentDegree.png"

2026-10-06T18:57:43.800Z - [34mdebug[39m: /bin/sh: line 1: 30936 Abort trap: 6           java -jar "/opt/homebrew/lib/node_modules/markbind-cli/node_modules/@markbind/core/src/plugins/default/plantuml.jar" -nometadata -pipe > "/private/tmp/cs2103-overview-teachers-clean.M6RMCR/book/uml/miscellaneous/objectVsClassDiagrams/images/od-StudentDegree.png"

2026-10-06T18:57:43.934Z - [34mdebug[39m: /bin/sh: line 1: 30933 Abort trap: 6           java -jar "/opt/homebrew/lib/node_modules/markbind-cli/node_modules/@markbind/core/src/plugins/default/plantuml.jar" -nometadata -pipe > "/private/tmp/cs2103-overview-teachers-clean.M6RMCR/book/uml/miscellaneous/objectVsClassDiagrams/images/od-ParentAndChild.png"

2026-10-06T18:57:44.066Z - [34mdebug[39m: /bin/sh: line 1: 30934 Abort trap: 6           java -jar "/opt/homebrew/lib/node_modules/markbind-cli/node_modules/@markbind/core/src/plugins/default/plantuml.jar" -nometadata -pipe > "/private/tmp/cs2103-overview-teachers-clean.M6RMCR/book/uml/miscellaneous/objectVsClassDiagrams/images/od-ChildOnly.png"

2026-10-06T18:57:44.198Z - [34mdebug[39m: /bin/sh: line 1: 30937 Abort trap: 6           java -jar "/opt/homebrew/lib/node_modules/markbind-cli/node_modules/@markbind/core/src/plugins/default/plantuml.jar" -nometadata -pipe > "/private/tmp/cs2103-overview-teachers-clean.M6RMCR/book/uml/miscellaneous/objectVsClassDiagrams/images/od-ParentOnly.png"

2026-10-06T18:57:44.263Z - [36mverbose[39m: Rendering page: /Users/damithch/Repos/nus-cs2103/cs2103-website-base/book/uml/miscellaneous/objectVsClassDiagrams/index.md
2026-10-06T18:57:44.270Z - [36mverbose[39m: Rendering page: /Users/damithch/Repos/nus-cs2103/cs2103-website-base/book/uml/notes/constraints/index.md
2026-10-06T18:57:44.277Z - [36mverbose[39m: Rendering page: /Users/damithch/Repos/nus-cs2103/cs2103-website-base/book/uml/miscellaneous/index.md
2026-10-06T18:57:44.283Z - [36mverbose[39m: Rendering page: /Users/damithch/Repos/nus-cs2103/cs2103-website-base/book/uml/index.md
2026-10-06T18:57:44.386Z - [36mverbose[39m: Rendering page: /Users/damithch/Repos/nus-cs2103/cs2103-website-base/book/uml/classDiagrams/introduction/what/index.md
2026-10-06T18:57:44.392Z - [36mverbose[39m: Rendering page: /Users/damithch/Repos/nus-cs2103/cs2103-website-base/book/uml/classDiagrams/introduction/index.md
2026-10-06T18:57:44.397Z - [36mverbose[39m: Rendering page: /Users/damithch/Repos/nus-cs2103/cs2103-website-base/book/uml/classDiagrams/interfaces/what/index.md
2026-10-06T18:57:44.402Z - [36mverbose[39m: Rendering page: /Users/damithch/Repos/nus-cs2103/cs2103-website-base/book/uml/classDiagrams/interfaces/index.md
2026-10-06T18:57:44.612Z - [36mverbose[39m: Rendering page: /Users/damithch/Repos/nus-cs2103/cs2103-website-base/book/uml/classDiagrams/enumerations/what/index.md
2026-10-06T18:57:44.620Z - [36mverbose[39m: Rendering page: /Users/damithch/Repos/nus-cs2103/cs2103-website-base/book/uml/classDiagrams/enumerations/index.md
2026-10-06T18:57:44.625Z - [36mverbose[39m: Rendering page: /Users/damithch/Repos/nus-cs2103/cs2103-website-base/book/uml/classDiagrams/index.md
2026-10-06T18:57:44.650Z - [36mverbose[39m: Rendering page: /Users/damithch/Repos/nus-cs2103/cs2103-website-base/book/uml/classDiagrams/dependencies/what/index.md
2026-10-06T18:57:44.728Z - [36mverbose[39m: Rendering page: /Users/damithch/Repos/nus-cs2103/cs2103-website-base/book/uml/classDiagrams/composition/what/index.md
2026-10-06T18:57:44.734Z - [36mverbose[39m: Rendering page: /Users/damithch/Repos/nus-cs2103/cs2103-website-base/book/uml/classDiagrams/dependencies/index.md
2026-10-06T18:57:44.741Z - [36mverbose[39m: Rendering page: /Users/damithch/Repos/nus-cs2103/cs2103-website-base/book/uml/classDiagrams/composition/index.md
2026-10-06T18:57:44.747Z - [36mverbose[39m: Rendering page: /Users/damithch/Repos/nus-cs2103/cs2103-website-base/book/uml/classDiagrams/combine/index.md
2026-10-06T18:57:44.864Z - [36mverbose[39m: Rendering page: /Users/damithch/Repos/nus-cs2103/cs2103-website-base/book/uml/classDiagrams/classLevelMembers/what/index.md
2026-10-06T18:57:44.870Z - [36mverbose[39m: Rendering page: /Users/damithch/Repos/nus-cs2103/cs2103-website-base/book/uml/classDiagrams/classes/what/index.md
2026-10-06T18:57:44.877Z - [36mverbose[39m: Rendering page: /Users/damithch/Repos/nus-cs2103/cs2103-website-base/book/uml/classDiagrams/combine/basic/index.md
2026-10-06T18:57:44.884Z - [36mverbose[39m: Rendering page: /Users/damithch/Repos/nus-cs2103/cs2103-website-base/book/uml/classDiagrams/classes/index.md
2026-10-06T18:57:44.969Z - [36mverbose[39m: Rendering page: /Users/damithch/Repos/nus-cs2103/cs2103-website-base/book/uml/classDiagrams/classInheritance/what/index.md
2026-10-06T18:57:44.977Z - [36mverbose[39m: Rendering page: /Users/damithch/Repos/nus-cs2103/cs2103-website-base/book/uml/classDiagrams/classLevelMembers/index.md
2026-10-06T18:57:44.983Z - [36mverbose[39m: Rendering page: /Users/damithch/Repos/nus-cs2103/cs2103-website-base/book/uml/classDiagrams/associationsAsAttributes/what/index.md
2026-10-06T18:57:44.992Z - [36mverbose[39m: Rendering page: /Users/damithch/Repos/nus-cs2103/cs2103-website-base/book/uml/classDiagrams/classInheritance/index.md
2026-10-06T18:57:45.111Z - [36mverbose[39m: Rendering page: /Users/damithch/Repos/nus-cs2103/cs2103-website-base/book/uml/classDiagrams/associations/what/index.md
2026-10-06T18:57:45.121Z - [36mverbose[39m: Rendering page: /Users/damithch/Repos/nus-cs2103/cs2103-website-base/book/uml/classDiagrams/associationsAsAttributes/index.md
2026-10-06T18:57:45.128Z - [36mverbose[39m: Rendering page: /Users/damithch/Repos/nus-cs2103/cs2103-website-base/book/uml/classDiagrams/associations/roles/index.md
2026-10-06T18:57:45.135Z - [36mverbose[39m: Rendering page: /Users/damithch/Repos/nus-cs2103/cs2103-website-base/book/uml/classDiagrams/associations/navigability/index.md
2026-10-06T18:57:45.245Z - [36mverbose[39m: Rendering page: /Users/damithch/Repos/nus-cs2103/cs2103-website-base/book/uml/classDiagrams/associations/labels/index.md
2026-10-06T18:57:45.250Z - [36mverbose[39m: Rendering page: /Users/damithch/Repos/nus-cs2103/cs2103-website-base/book/uml/classDiagrams/associations/multiplicity/index.md
2026-10-06T18:57:45.259Z - [36mverbose[39m: Rendering page: /Users/damithch/Repos/nus-cs2103/cs2103-website-base/book/uml/classDiagrams/associationClasses/what/index.md
2026-10-06T18:57:45.265Z - [36mverbose[39m: Rendering page: /Users/damithch/Repos/nus-cs2103/cs2103-website-base/book/uml/classDiagrams/associations/index.md
2026-10-06T18:57:45.336Z - [36mverbose[39m: Rendering page: /Users/damithch/Repos/nus-cs2103/cs2103-website-base/book/uml/classDiagrams/associationClasses/index.md
2026-10-06T18:57:45.342Z - [36mverbose[39m: Rendering page: /Users/damithch/Repos/nus-cs2103/cs2103-website-base/book/uml/classDiagrams/aggregation/what/index.md
2026-10-06T18:57:45.348Z - [36mverbose[39m: Rendering page: /Users/damithch/Repos/nus-cs2103/cs2103-website-base/book/uml/classDiagrams/aggregation/index.md
2026-10-06T18:57:45.356Z - [36mverbose[39m: Rendering page: /Users/damithch/Repos/nus-cs2103/cs2103-website-base/book/uml/classDiagrams/abstractClasses/what/index.md
2026-10-06T18:57:45.464Z - [36mverbose[39m: Rendering page: /Users/damithch/Repos/nus-cs2103/cs2103-website-base/book/uml/activityDiagrams/introduction/what/index.md
2026-10-06T18:57:45.470Z - [36mverbose[39m: Rendering page: /Users/damithch/Repos/nus-cs2103/cs2103-website-base/book/uml/classDiagrams/abstractClasses/index.md
2026-10-06T18:57:45.476Z - [36mverbose[39m: Rendering page: /Users/damithch/Repos/nus-cs2103/cs2103-website-base/book/uml/activityDiagrams/introduction/index.md
2026-10-06T18:57:45.481Z - [36mverbose[39m: Rendering page: /Users/damithch/Repos/nus-cs2103/cs2103-website-base/book/uml/activityDiagrams/index.md
2026-10-06T18:57:45.550Z - [36mverbose[39m: Rendering page: /Users/damithch/Repos/nus-cs2103/cs2103-website-base/book/uml/activityDiagrams/basicNotations/swimlanes/index.md
2026-10-06T18:57:45.558Z - [36mverbose[39m: Rendering page: /Users/damithch/Repos/nus-cs2103/cs2103-website-base/book/uml/activityDiagrams/basicNotations/rakes/index.md
2026-10-06T18:57:45.564Z - [36mverbose[39m: Rendering page: /Users/damithch/Repos/nus-cs2103/cs2103-website-base/book/uml/activityDiagrams/basicNotations/parallelPaths/index.md
2026-10-06T18:57:45.569Z - [36mverbose[39m: Rendering page: /Users/damithch/Repos/nus-cs2103/cs2103-website-base/book/uml/activityDiagrams/basicNotations/linearPaths/index.md
2026-10-06T18:57:45.684Z - [36mverbose[39m: Rendering page: /Users/damithch/Repos/nus-cs2103/cs2103-website-base/book/uml/activityDiagrams/basicNotations/index.md
2026-10-06T18:57:45.694Z - [36mverbose[39m: Rendering page: /Users/damithch/Repos/nus-cs2103/cs2103-website-base/book/uml/activityDiagrams/basicNotations/alternatePaths/index.md
2026-10-06T18:57:45.750Z - [36mverbose[39m: Rendering page: /Users/damithch/Repos/nus-cs2103/cs2103-website-base/book/testing/testingTypes/unitTesting/stubs/index.md
2026-10-06T18:57:45.759Z - [34mdebug[39m: /bin/sh: line 1: 30922 Abort trap: 6           java -jar "/opt/homebrew/lib/node_modules/markbind-cli/node_modules/@markbind/core/src/plugins/default/plantuml.jar" -nometadata -pipe > "/private/tmp/cs2103-overview-teachers.3WfgAB/admin/gradeBreakdown.png"

2026-10-06T18:57:45.761Z - [36mverbose[39m: Rendering page: /Users/damithch/Repos/nus-cs2103/cs2103-website-base/schedule/week1/admin.md
2026-10-06T18:57:45.758Z - [36mverbose[39m: Rendering page: /Users/damithch/Repos/nus-cs2103/cs2103-website-base/book/testing/testingTypes/unitTesting/what/index.md
2026-10-06T18:57:45.783Z - [36mverbose[39m: Rendering page: /Users/damithch/Repos/nus-cs2103/cs2103-website-base/book/testing/testingTypes/unitTesting/index.md
2026-10-06T18:57:45.794Z - [36mverbose[39m: Rendering page: /Users/damithch/Repos/nus-cs2103/cs2103-website-base/schedule/timeline.md
2026-10-06T18:57:45.824Z - [36mverbose[39m: Rendering page: /Users/damithch/Repos/nus-cs2103/cs2103-website-base/schedule/index.md
2026-10-06T18:57:45.844Z - [36mverbose[39m: Rendering page: /Users/damithch/Repos/nus-cs2103/cs2103-website-base/book/testing/testingTypes/systemTesting/what/index.md
2026-10-06T18:57:45.852Z - [36mverbose[39m: Rendering page: /Users/damithch/Repos/nus-cs2103/cs2103-website-base/book/testing/testingTypes/systemTesting/index.md
2026-10-06T18:57:45.871Z - [36mverbose[39m: Rendering page: /Users/damithch/Repos/nus-cs2103/cs2103-website-base/book/testing/testingTypes/regressionTesting/index.md
2026-10-06T18:57:45.876Z - [36mverbose[39m: Rendering page: /Users/damithch/Repos/nus-cs2103/cs2103-website-base/book/testing/testingTypes/regressionTesting/what/index.md
2026-10-06T18:57:46.056Z - [36mverbose[39m: Rendering page: /Users/damithch/Repos/nus-cs2103/cs2103-website-base/book/testing/testingTypes/integrationTesting/index.md
2026-10-06T18:57:46.063Z - [36mverbose[39m: Rendering page: /Users/damithch/Repos/nus-cs2103/cs2103-website-base/book/testing/testingTypes/integrationTesting/what/index.md
2026-10-06T18:57:46.069Z - [36mverbose[39m: Rendering page: /Users/damithch/Repos/nus-cs2103/cs2103-website-base/book/testing/testingTypes/integrationTesting/how/index.md
2026-10-06T18:57:46.079Z - [36mverbose[39m: Rendering page: /Users/damithch/Repos/nus-cs2103/cs2103-website-base/schedule/week10/admin.md
2026-10-06T18:57:46.093Z - [36mverbose[39m: Rendering page: /Users/damithch/Repos/nus-cs2103/cs2103-website-base/book/testing/testingTypes/index.md
2026-10-06T18:57:46.098Z - [36mverbose[39m: Rendering page: /Users/damithch/Repos/nus-cs2103/cs2103-website-base/projectDuke/print.md
2026-10-06T18:57:46.182Z - [36mverbose[39m: Rendering page: /Users/damithch/Repos/nus-cs2103/cs2103-website-base/book/testing/testingTypes/exploratoryVsScriptedTesting/what/index.md
2026-10-06T18:57:46.188Z - [36mverbose[39m: Rendering page: /Users/damithch/Repos/nus-cs2103/cs2103-website-base/book/testing/testingTypes/exploratoryVsScriptedTesting/when/index.md
2026-10-06T18:57:46.195Z - [36mverbose[39m: Rendering page: /Users/damithch/Repos/nus-cs2103/cs2103-website-base/book/testing/testingTypes/exploratoryVsScriptedTesting/index.md
2026-10-06T18:57:46.261Z - [36mverbose[39m: Rendering page: /Users/damithch/Repos/nus-cs2103/cs2103-website-base/book/testing/testingTypes/dogfooding/what/index.md
2026-10-06T18:57:46.272Z - [36mverbose[39m: Rendering page: /Users/damithch/Repos/nus-cs2103/cs2103-website-base/book/testing/testingTypes/dogfooding/index.md
2026-10-06T18:57:46.280Z - [36mverbose[39m: Rendering page: /Users/damithch/Repos/nus-cs2103/cs2103-website-base/book/testing/testingTypes/developerTesting/why/index.md
2026-10-06T18:57:46.314Z - [36mverbose[39m: Rendering page: /Users/damithch/Repos/nus-cs2103/cs2103-website-base/book/testing/testingTypes/developerTesting/what/index.md
2026-10-06T18:57:46.350Z - [36mverbose[39m: Rendering page: /Users/damithch/Repos/nus-cs2103/cs2103-website-base/book/testing/testingTypes/developerTesting/index.md
2026-10-06T18:57:46.398Z - [36mverbose[39m: Rendering page: /Users/damithch/Repos/nus-cs2103/cs2103-website-base/book/testing/testingTypes/alphaBetaTesting/index.md
2026-10-06T18:57:46.406Z - [36mverbose[39m: Rendering page: /Users/damithch/Repos/nus-cs2103/cs2103-website-base/book/testing/testingTypes/alphaBetaTesting/what/index.md
2026-10-06T18:57:46.435Z - [36mverbose[39m: Rendering page: /Users/damithch/Repos/nus-cs2103/cs2103-website-base/book/testing/testingTypes/acceptanceTesting/index.md
2026-10-06T18:57:46.397Z - [36mverbose[39m: Rendering page: /Users/damithch/Repos/nus-cs2103/cs2103-website-base/projectDuke/text.md
2026-10-06T18:57:46.446Z - [36mverbose[39m: Rendering page: /Users/damithch/Repos/nus-cs2103/cs2103-website-base/projectDuke/path.md
2026-10-06T18:57:46.442Z - [36mverbose[39m: Rendering page: /Users/damithch/Repos/nus-cs2103/cs2103-website-base/book/testing/testingTypes/acceptanceTesting/what/index.md
2026-10-06T18:57:46.521Z - [36mverbose[39m: Rendering page: /Users/damithch/Repos/nus-cs2103/cs2103-website-base/book/testing/testingTypes/acceptanceTesting/acceptanceVsSystemTesting/index.md
2026-10-06T18:57:46.532Z - [36mverbose[39m: Rendering page: /Users/damithch/Repos/nus-cs2103/cs2103-website-base/book/testing/testCoverage/what/index.md
2026-10-06T18:57:46.542Z - [36mverbose[39m: Rendering page: /Users/damithch/Repos/nus-cs2103/cs2103-website-base/book/testing/testCoverage/index.md
2026-10-06T18:57:46.559Z - [36mverbose[39m: Rendering page: /Users/damithch/Repos/nus-cs2103/cs2103-website-base/book/testing/testCoverage/how/index.md
2026-10-06T18:57:46.644Z - [36mverbose[39m: Rendering page: /Users/damithch/Repos/nus-cs2103/cs2103-website-base/book/testing/testAutomation/what/index.md
2026-10-06T18:57:46.650Z - [36mverbose[39m: Rendering page: /Users/damithch/Repos/nus-cs2103/cs2103-website-base/book/testing/testAutomation/tools/index.md
2026-10-06T18:57:46.656Z - [36mverbose[39m: Rendering page: /Users/damithch/Repos/nus-cs2103/cs2103-website-base/book/testing/testAutomation/usingTestDrivers/index.md
2026-10-06T18:57:46.662Z - [36mverbose[39m: Rendering page: /Users/damithch/Repos/nus-cs2103/cs2103-website-base/book/testing/testAutomation/testingTextUis/index.md
2026-10-06T18:57:46.678Z - [36mverbose[39m: Rendering page: /Users/damithch/Repos/nus-cs2103/cs2103-website-base/projectDuke/index.md
2026-10-06T18:57:46.787Z - [36mverbose[39m: Rendering page: /Users/damithch/Repos/nus-cs2103/cs2103-website-base/book/testing/testAutomation/index.md
2026-10-06T18:57:46.797Z - [36mverbose[39m: Rendering page: /Users/damithch/Repos/nus-cs2103/cs2103-website-base/book/testing/testAutomation/testingGuis/index.md
2026-10-06T18:57:46.803Z - [36mverbose[39m: Rendering page: /Users/damithch/Repos/nus-cs2103/cs2103-website-base/book/testing/tdd/what/index.md
2026-10-06T18:57:46.811Z - [36mverbose[39m: Rendering page: /Users/damithch/Repos/nus-cs2103/cs2103-website-base/book/testing/tdd/index.md
2026-10-06T18:57:46.828Z - [36mverbose[39m: Rendering page: /Users/damithch/Repos/nus-cs2103/cs2103-website-base/admin/weeklySchedule.md
2026-10-06T18:57:46.836Z - [36mverbose[39m: Rendering page: /Users/damithch/Repos/nus-cs2103/cs2103-website-base/projectDuke/cs3227.md
2026-10-06T18:57:46.878Z - [36mverbose[39m: Rendering page: /Users/damithch/Repos/nus-cs2103/cs2103-website-base/admin/usingThisWebsite.md
2026-10-06T18:57:46.896Z - [36mverbose[39m: Rendering page: /Users/damithch/Repos/nus-cs2103/cs2103-website-base/book/testing/introduction/what/index.md
2026-10-06T18:57:46.903Z - [36mverbose[39m: Rendering page: /Users/damithch/Repos/nus-cs2103/cs2103-website-base/book/testing/tdd/how/index.md
2026-10-06T18:57:46.909Z - [36mverbose[39m: Rendering page: /Users/damithch/Repos/nus-cs2103/cs2103-website-base/book/testing/introduction/index.md
2026-10-06T18:57:46.915Z - [36mverbose[39m: Rendering page: /Users/damithch/Repos/nus-cs2103/cs2103-website-base/book/testing/introduction/testability/index.md
2026-10-06T18:57:46.938Z - [36mverbose[39m: Rendering page: /Users/damithch/Repos/nus-cs2103/cs2103-website-base/admin/uml-reference-sheet.md
2026-10-06T18:57:47.435Z - [36mverbose[39m: Rendering page: /Users/damithch/Repos/nus-cs2103/cs2103-website-base/book/testing/index.md
2026-10-06T18:57:47.472Z - [36mverbose[39m: Rendering page: /Users/damithch/Repos/nus-cs2103/cs2103-website-base/book/testing/dependencyInjection/what/index.md
2026-10-06T18:57:47.479Z - [36mverbose[39m: Rendering page: /Users/damithch/Repos/nus-cs2103/cs2103-website-base/book/testing/dependencyInjection/index.md
2026-10-06T18:57:47.546Z - [36mverbose[39m: Rendering page: /Users/damithch/Repos/nus-cs2103/cs2103-website-base/book/testing/dependencyInjection/how/index.md
2026-10-06T18:57:47.615Z - [36mverbose[39m: Rendering page: /Users/damithch/Repos/nus-cs2103/cs2103-website-base/book/testCaseDesign/summary/index.md
2026-10-06T18:57:47.623Z - [36mverbose[39m: Rendering page: /Users/damithch/Repos/nus-cs2103/cs2103-website-base/book/testCaseDesign/summary/exercises/index.md
2026-10-06T18:57:47.631Z - [36mverbose[39m: Rendering page: /Users/damithch/Repos/nus-cs2103/cs2103-website-base/book/testCaseDesign/summary/recap/index.md
2026-10-06T18:57:47.702Z - [36mverbose[39m: Rendering page: /Users/damithch/Repos/nus-cs2103/cs2103-website-base/book/testCaseDesign/more/testingUseCases/index.md
2026-10-06T18:57:47.710Z - [36mverbose[39m: Rendering page: /Users/damithch/Repos/nus-cs2103/cs2103-website-base/book/testCaseDesign/more/index.md
2026-10-06T18:57:47.717Z - [36mverbose[39m: Rendering page: /Users/damithch/Repos/nus-cs2103/cs2103-website-base/book/testCaseDesign/introduction/positiveVsNegative/index.md
2026-10-06T18:57:47.721Z - [36mverbose[39m: Rendering page: /Users/damithch/Repos/nus-cs2103/cs2103-website-base/book/testCaseDesign/introduction/what/index.md
2026-10-06T18:57:48.005Z - [36mverbose[39m: Rendering page: /Users/damithch/Repos/nus-cs2103/cs2103-website-base/book/testCaseDesign/introduction/index.md
2026-10-06T18:57:48.013Z - [36mverbose[39m: Rendering page: /Users/damithch/Repos/nus-cs2103/cs2103-website-base/book/testCaseDesign/introduction/blackVsGlass/index.md
2026-10-06T18:57:48.036Z - [36mverbose[39m: Rendering page: /Users/damithch/Repos/nus-cs2103/cs2103-website-base/book/testCaseDesign/index.md
2026-10-06T18:57:48.062Z - [36mverbose[39m: Rendering page: /Users/damithch/Repos/nus-cs2103/cs2103-website-base/book/testCaseDesign/equivalencePartitions/what/index.md
2026-10-06T18:57:48.109Z - [36mverbose[39m: Rendering page: /Users/damithch/Repos/nus-cs2103/cs2103-website-base/book/testCaseDesign/equivalencePartitions/intermediate/index.md
2026-10-06T18:57:48.151Z - [36mverbose[39m: Rendering page: /Users/damithch/Repos/nus-cs2103/cs2103-website-base/book/testCaseDesign/equivalencePartitions/index.md
2026-10-06T18:57:48.263Z - [36mverbose[39m: Rendering page: /Users/damithch/Repos/nus-cs2103/cs2103-website-base/book/testCaseDesign/equivalencePartitions/basic/index.md
2026-10-06T18:57:48.271Z - [36mverbose[39m: Rendering page: /Users/damithch/Repos/nus-cs2103/cs2103-website-base/book/testCaseDesign/combiningTestInputs/why/index.md
2026-10-06T18:57:48.277Z - [36mverbose[39m: Rendering page: /Users/damithch/Repos/nus-cs2103/cs2103-website-base/book/testCaseDesign/combiningTestInputs/mix/index.md
2026-10-06T18:57:48.286Z - [36mverbose[39m: Rendering page: /Users/damithch/Repos/nus-cs2103/cs2103-website-base/book/testCaseDesign/combiningTestInputs/index.md
2026-10-06T18:57:48.379Z - [36mverbose[39m: Rendering page: /Users/damithch/Repos/nus-cs2103/cs2103-website-base/book/testCaseDesign/combiningTestInputs/heuristicValid/index.md
2026-10-06T18:57:48.388Z - [36mverbose[39m: Rendering page: /Users/damithch/Repos/nus-cs2103/cs2103-website-base/book/testCaseDesign/combiningTestInputs/heuristicInvalid/index.md
2026-10-06T18:57:48.394Z - [36mverbose[39m: Rendering page: /Users/damithch/Repos/nus-cs2103/cs2103-website-base/book/testCaseDesign/boundaryValueAnalysis/what/index.md
2026-10-06T18:57:48.400Z - [36mverbose[39m: Rendering page: /Users/damithch/Repos/nus-cs2103/cs2103-website-base/book/testCaseDesign/combiningTestInputs/combinationStrategies/index.md
2026-10-06T18:57:48.492Z - [36mverbose[39m: Rendering page: /Users/damithch/Repos/nus-cs2103/cs2103-website-base/admin/tutors-info.md
2026-10-06T18:57:48.502Z - [36mverbose[39m: Rendering page: /Users/damithch/Repos/nus-cs2103/cs2103-website-base/book/testCaseDesign/boundaryValueAnalysis/index.md
2026-10-06T18:57:48.505Z - [36mverbose[39m: Rendering page: /Users/damithch/Repos/nus-cs2103/cs2103-website-base/admin/tutorials.md
2026-10-06T18:57:48.510Z - [36mverbose[39m: Rendering page: /Users/damithch/Repos/nus-cs2103/cs2103-website-base/book/teamwork/teamStructures/index.md
2026-10-06T18:57:48.515Z - [36mverbose[39m: Rendering page: /Users/damithch/Repos/nus-cs2103/cs2103-website-base/book/testCaseDesign/boundaryValueAnalysis/how/index.md
2026-10-06T18:57:48.520Z - [36mverbose[39m: Rendering page: /Users/damithch/Repos/nus-cs2103/cs2103-website-base/book/teamwork/index.md
2026-10-06T18:57:48.708Z - [36mverbose[39m: Rendering page: /Users/damithch/Repos/nus-cs2103/cs2103-website-base/book/specifyingRequirements/userStories/usage/index.md
2026-10-06T18:57:48.716Z - [36mverbose[39m: Rendering page: /Users/damithch/Repos/nus-cs2103/cs2103-website-base/book/specifyingRequirements/userStories/introduction/index.md
2026-10-06T18:57:48.745Z - [36mverbose[39m: Rendering page: /Users/damithch/Repos/nus-cs2103/cs2103-website-base/book/specifyingRequirements/userStories/index.md
2026-10-06T18:57:48.757Z - [36mverbose[39m: Rendering page: /Users/damithch/Repos/nus-cs2103/cs2103-website-base/book/specifyingRequirements/userStories/details/index.md
2026-10-06T18:57:48.790Z - [36mverbose[39m: Rendering page: /Users/damithch/Repos/nus-cs2103/cs2103-website-base/book/specifyingRequirements/useCases/usage/index.md
2026-10-06T18:57:48.900Z - [36mverbose[39m: Rendering page: /Users/damithch/Repos/nus-cs2103/cs2103-website-base/book/specifyingRequirements/useCases/introduction/index.md
2026-10-06T18:57:48.940Z - [36mverbose[39m: Rendering page: /Users/damithch/Repos/nus-cs2103/cs2103-website-base/book/specifyingRequirements/useCases/index.md
2026-10-06T18:57:48.973Z - [36mverbose[39m: Rendering page: /Users/damithch/Repos/nus-cs2103/cs2103-website-base/book/specifyingRequirements/useCases/identifying/index.md
2026-10-06T18:57:48.980Z - [36mverbose[39m: Rendering page: /Users/damithch/Repos/nus-cs2103/cs2103-website-base/book/specifyingRequirements/useCases/details/index.md
2026-10-06T18:57:49.028Z - [36mverbose[39m: Rendering page: /Users/damithch/Repos/nus-cs2103/cs2103-website-base/book/specifyingRequirements/supplementaryRequirements/index.md
2026-10-06T18:57:49.053Z - [36mverbose[39m: Rendering page: /Users/damithch/Repos/nus-cs2103/cs2103-website-base/book/specifyingRequirements/supplementaryRequirements/what/index.md
2026-10-06T18:57:49.061Z - [36mverbose[39m: Rendering page: /Users/damithch/Repos/nus-cs2103/cs2103-website-base/book/specifyingRequirements/requirementsDocument/index.md
2026-10-06T18:57:49.093Z - [36mverbose[39m: Rendering page: /Users/damithch/Repos/nus-cs2103/cs2103-website-base/book/specifyingRequirements/requirementsDocument/what/index.md
2026-10-06T18:57:49.324Z - [36mverbose[39m: Rendering page: /Users/damithch/Repos/nus-cs2103/cs2103-website-base/book/specifyingRequirements/prose/index.md
2026-10-06T18:57:49.332Z - [36mverbose[39m: Rendering page: /Users/damithch/Repos/nus-cs2103/cs2103-website-base/book/specifyingRequirements/prose/what/index.md
2026-10-06T18:57:49.357Z - [36mverbose[39m: Rendering page: /Users/damithch/Repos/nus-cs2103/cs2103-website-base/book/specifyingRequirements/index.md
2026-10-06T18:57:49.383Z - [36mverbose[39m: Rendering page: /Users/damithch/Repos/nus-cs2103/cs2103-website-base/book/specifyingRequirements/glossary/index.md
2026-10-06T18:57:49.388Z - [36mverbose[39m: Rendering page: /Users/damithch/Repos/nus-cs2103/cs2103-website-base/book/specifyingRequirements/glossary/what/index.md
2026-10-06T18:57:49.475Z - [36mverbose[39m: Rendering page: /Users/damithch/Repos/nus-cs2103/cs2103-website-base/book/specifyingRequirements/featureList/index.md
2026-10-06T18:57:49.481Z - [36mverbose[39m: Rendering page: /Users/damithch/Repos/nus-cs2103/cs2103-website-base/book/specifyingRequirements/featureList/what/index.md
2026-10-06T18:57:49.487Z - [36mverbose[39m: Rendering page: /Users/damithch/Repos/nus-cs2103/cs2103-website-base/book/softwareEngineering/introduction/prosAndCons/index.md
2026-10-06T18:57:49.492Z - [36mverbose[39m: Rendering page: /Users/damithch/Repos/nus-cs2103/cs2103-website-base/book/softwareEngineering/introduction/index.md
2026-10-06T18:57:49.576Z - [36mverbose[39m: Rendering page: /Users/damithch/Repos/nus-cs2103/cs2103-website-base/book/softwareEngineering/index.md
2026-10-06T18:57:49.582Z - [36mverbose[39m: Rendering page: /Users/damithch/Repos/nus-cs2103/cs2103-website-base/book/security/wrapUp/index.md
2026-10-06T18:57:49.590Z - [36mverbose[39m: Rendering page: /Users/damithch/Repos/nus-cs2103/cs2103-website-base/book/security/why/index.md
2026-10-06T18:57:49.620Z - [36mverbose[39m: Rendering page: /Users/damithch/Repos/nus-cs2103/cs2103-website-base/book/security/when/index.md
2026-10-06T18:57:49.633Z - [36mverbose[39m: Rendering page: /Users/damithch/Repos/nus-cs2103/cs2103-website-base/admin/tp-w9.md
2026-10-06T18:57:49.817Z - [36mverbose[39m: Rendering page: /Users/damithch/Repos/nus-cs2103/cs2103-website-base/book/security/what/index.md
2026-10-06T18:57:49.825Z - [36mverbose[39m: Rendering page: /Users/damithch/Repos/nus-cs2103/cs2103-website-base/book/security/index.md
2026-10-06T18:57:49.861Z - [36mverbose[39m: Rendering page: /Users/damithch/Repos/nus-cs2103/cs2103-website-base/book/security/how/index.md
2026-10-06T18:57:49.874Z - [36mverbose[39m: Rendering page: /Users/damithch/Repos/nus-cs2103/cs2103-website-base/book/security/ai/index.md
2026-10-06T18:57:49.932Z - [36mverbose[39m: Rendering page: /Users/damithch/Repos/nus-cs2103/cs2103-website-base/book/reuse/platforms/index.md
2026-10-06T18:57:49.937Z - [36mverbose[39m: Rendering page: /Users/damithch/Repos/nus-cs2103/cs2103-website-base/book/reuse/platforms/what/index.md
2026-10-06T18:57:49.943Z - [36mverbose[39m: Rendering page: /Users/damithch/Repos/nus-cs2103/cs2103-website-base/book/reuse/libraries/index.md
2026-10-06T18:57:49.948Z - [36mverbose[39m: Rendering page: /Users/damithch/Repos/nus-cs2103/cs2103-website-base/book/reuse/libraries/what/index.md
2026-10-06T18:57:50.015Z - [36mverbose[39m: Rendering page: /Users/damithch/Repos/nus-cs2103/cs2103-website-base/book/reuse/libraries/how/index.md
2026-10-06T18:57:50.020Z - [36mverbose[39m: Rendering page: /Users/damithch/Repos/nus-cs2103/cs2103-website-base/book/reuse/introduction/when/index.md
2026-10-06T18:57:50.026Z - [36mverbose[39m: Rendering page: /Users/damithch/Repos/nus-cs2103/cs2103-website-base/book/reuse/introduction/what/index.md
2026-10-06T18:57:50.032Z - [36mverbose[39m: Rendering page: /Users/damithch/Repos/nus-cs2103/cs2103-website-base/book/reuse/introduction/index.md
2026-10-06T18:57:50.180Z - [36mverbose[39m: Rendering page: /Users/damithch/Repos/nus-cs2103/cs2103-website-base/book/reuse/index.md
2026-10-06T18:57:50.196Z - [36mverbose[39m: Rendering page: /Users/damithch/Repos/nus-cs2103/cs2103-website-base/book/reuse/frameworks/what/index.md
2026-10-06T18:57:50.204Z - [36mverbose[39m: Rendering page: /Users/damithch/Repos/nus-cs2103/cs2103-website-base/book/reuse/frameworks/index.md
2026-10-06T18:57:50.210Z - [36mverbose[39m: Rendering page: /Users/damithch/Repos/nus-cs2103/cs2103-website-base/book/reuse/frameworks/frameworksVsLibraries/index.md
2026-10-06T18:57:50.297Z - [36mverbose[39m: Rendering page: /Users/damithch/Repos/nus-cs2103/cs2103-website-base/book/reuse/cloudComputing/services/index.md
2026-10-06T18:57:50.305Z - [36mverbose[39m: Rendering page: /Users/damithch/Repos/nus-cs2103/cs2103-website-base/book/reuse/cloudComputing/index.md
2026-10-06T18:57:50.311Z - [36mverbose[39m: Rendering page: /Users/damithch/Repos/nus-cs2103/cs2103-website-base/book/reuse/cloudComputing/what/index.md
2026-10-06T18:57:50.316Z - [36mverbose[39m: Rendering page: /Users/damithch/Repos/nus-cs2103/cs2103-website-base/book/reuse/apis/what/index.md
2026-10-06T18:57:50.381Z - [36mverbose[39m: Rendering page: /Users/damithch/Repos/nus-cs2103/cs2103-website-base/book/reuse/apis/index.md
2026-10-06T18:57:50.406Z - [36mverbose[39m: Rendering page: /Users/damithch/Repos/nus-cs2103/cs2103-website-base/book/reuse/apis/designingAPIs/index.md
2026-10-06T18:57:50.413Z - [36mverbose[39m: Rendering page: /Users/damithch/Repos/nus-cs2103/cs2103-website-base/book/requirements/quality/index.md
2026-10-06T18:57:50.483Z - [36mverbose[39m: Rendering page: /Users/damithch/Repos/nus-cs2103/cs2103-website-base/book/requirements/prioritizing/index.md
2026-10-06T18:57:50.542Z - [36mverbose[39m: Rendering page: /Users/damithch/Repos/nus-cs2103/cs2103-website-base/book/requirements/nonFunctionalRequirements/index.md
2026-10-06T18:57:50.561Z - [36mverbose[39m: Rendering page: /Users/damithch/Repos/nus-cs2103/cs2103-website-base/book/requirements/index.md
2026-10-06T18:57:50.570Z - [36mverbose[39m: Rendering page: /Users/damithch/Repos/nus-cs2103/cs2103-website-base/book/requirements/introduction/index.md
2026-10-06T18:57:50.596Z - [36mverbose[39m: Rendering page: /Users/damithch/Repos/nus-cs2103/cs2103-website-base/book/requirements/changing/index.md
2026-10-06T18:57:50.700Z - [36mverbose[39m: Rendering page: /Users/damithch/Repos/nus-cs2103/cs2103-website-base/book/refactoring/when/index.md
2026-10-06T18:57:50.706Z - [36mverbose[39m: Rendering page: /Users/damithch/Repos/nus-cs2103/cs2103-website-base/book/refactoring/index.md
2026-10-06T18:57:50.717Z - [36mverbose[39m: Rendering page: /Users/damithch/Repos/nus-cs2103/cs2103-website-base/book/refactoring/what/index.md
2026-10-06T18:57:50.762Z - [36mverbose[39m: Rendering page: /Users/damithch/Repos/nus-cs2103/cs2103-website-base/book/refactoring/how/index.md
2026-10-06T18:57:50.802Z - [36mverbose[39m: Rendering page: /Users/damithch/Repos/nus-cs2103/cs2103-website-base/book/qualityAssurance/staticAnalysis/index.md
2026-10-06T18:57:50.810Z - [36mverbose[39m: Rendering page: /Users/damithch/Repos/nus-cs2103/cs2103-website-base/book/qualityAssurance/staticAnalysis/what/index.md
2026-10-06T18:57:50.816Z - [36mverbose[39m: Rendering page: /Users/damithch/Repos/nus-cs2103/cs2103-website-base/book/qualityAssurance/introduction/what/index.md
2026-10-06T18:57:50.821Z - [36mverbose[39m: Rendering page: /Users/damithch/Repos/nus-cs2103/cs2103-website-base/book/qualityAssurance/introduction/validationVsVerification/index.md
2026-10-06T18:57:50.931Z - [36mverbose[39m: Rendering page: /Users/damithch/Repos/nus-cs2103/cs2103-website-base/book/qualityAssurance/introduction/index.md
2026-10-06T18:57:50.941Z - [36mverbose[39m: Rendering page: /Users/damithch/Repos/nus-cs2103/cs2103-website-base/book/qualityAssurance/index.md
2026-10-06T18:57:50.971Z - [36mverbose[39m: Rendering page: /Users/damithch/Repos/nus-cs2103/cs2103-website-base/book/qualityAssurance/formalVerification/index.md
2026-10-06T18:57:50.996Z - [36mverbose[39m: Rendering page: /Users/damithch/Repos/nus-cs2103/cs2103-website-base/book/qualityAssurance/formalVerification/what/index.md
2026-10-06T18:57:51.027Z - [36mverbose[39m: Rendering page: /Users/damithch/Repos/nus-cs2103/cs2103-website-base/book/qualityAssurance/codeReviews/index.md
2026-10-06T18:57:51.048Z - [36mverbose[39m: Rendering page: /Users/damithch/Repos/nus-cs2103/cs2103-website-base/book/qualityAssurance/codeReviews/what/index.md
2026-10-06T18:57:51.070Z - [36mverbose[39m: Rendering page: /Users/damithch/Repos/nus-cs2103/cs2103-website-base/book/projectPlanning/workBreakdownStructure/index.md
2026-10-06T18:57:51.092Z - [36mverbose[39m: Rendering page: /Users/damithch/Repos/nus-cs2103/cs2103-website-base/book/projectPlanning/pertCharts/index.md
2026-10-06T18:57:51.141Z - [36mverbose[39m: Rendering page: /Users/damithch/Repos/nus-cs2103/cs2103-website-base/book/projectPlanning/milestones/index.md
2026-10-06T18:57:51.151Z - [36mverbose[39m: Rendering page: /Users/damithch/Repos/nus-cs2103/cs2103-website-base/book/projectPlanning/issueTrackers/index.md
2026-10-06T18:57:51.185Z - [36mverbose[39m: Rendering page: /Users/damithch/Repos/nus-cs2103/cs2103-website-base/book/projectPlanning/index.md
2026-10-06T18:57:51.228Z - [36mverbose[39m: Rendering page: /Users/damithch/Repos/nus-cs2103/cs2103-website-base/book/projectPlanning/ganttCharts/index.md
2026-10-06T18:57:51.234Z - [36mverbose[39m: Rendering page: /Users/damithch/Repos/nus-cs2103/cs2103-website-base/book/projectPlanning/buffers/index.md
2026-10-06T18:57:51.291Z - [36mverbose[39m: Rendering page: /Users/damithch/Repos/nus-cs2103/cs2103-website-base/book/processModels/summary/recap/index.md
2026-10-06T18:57:51.312Z - [36mverbose[39m: Rendering page: /Users/damithch/Repos/nus-cs2103/cs2103-website-base/book/processModels/summary/index.md
2026-10-06T18:57:51.321Z - [36mverbose[39m: Rendering page: /Users/damithch/Repos/nus-cs2103/cs2103-website-base/book/processModels/more/index.md
2026-10-06T18:57:51.357Z - [36mverbose[39m: Rendering page: /Users/damithch/Repos/nus-cs2103/cs2103-website-base/book/processModels/more/continuousApproaches/index.md
2026-10-06T18:57:51.380Z - [36mverbose[39m: Rendering page: /Users/damithch/Repos/nus-cs2103/cs2103-website-base/book/processModels/more/cmmi/index.md
2026-10-06T18:57:51.387Z - [36mverbose[39m: Rendering page: /Users/damithch/Repos/nus-cs2103/cs2103-website-base/book/processModels/introduction/what/index.md
2026-10-06T18:57:51.395Z - [36mverbose[39m: Rendering page: /Users/damithch/Repos/nus-cs2103/cs2103-website-base/book/processModels/introduction/sequentialModels/index.md
2026-10-06T18:57:51.568Z - [36mverbose[39m: Rendering page: /Users/damithch/Repos/nus-cs2103/cs2103-website-base/book/processModels/introduction/iterativeModels/index.md
2026-10-06T18:57:51.574Z - [36mverbose[39m: Rendering page: /Users/damithch/Repos/nus-cs2103/cs2103-website-base/book/processModels/introduction/index.md
2026-10-06T18:57:51.584Z - [36mverbose[39m: Rendering page: /Users/damithch/Repos/nus-cs2103/cs2103-website-base/book/processModels/introduction/agileModels/index.md
2026-10-06T18:57:51.630Z - [36mverbose[39m: Rendering page: /Users/damithch/Repos/nus-cs2103/cs2103-website-base/book/processModels/index.md
2026-10-06T18:57:51.665Z - [36mverbose[39m: Rendering page: /Users/damithch/Repos/nus-cs2103/cs2103-website-base/book/processModels/exampleProcessModels/xp/index.md
2026-10-06T18:57:51.670Z - [36mverbose[39m: Rendering page: /Users/damithch/Repos/nus-cs2103/cs2103-website-base/book/processModels/exampleProcessModels/unifiedProcess/index.md
2026-10-06T18:57:51.712Z - [36mverbose[39m: Rendering page: /Users/damithch/Repos/nus-cs2103/cs2103-website-base/book/processModels/exampleProcessModels/scrum/index.md
2026-10-06T18:57:51.749Z - [36mverbose[39m: Rendering page: /Users/damithch/Repos/nus-cs2103/cs2103-website-base/book/processModels/exampleProcessModels/index.md
2026-10-06T18:57:51.776Z - [36mverbose[39m: Rendering page: /Users/damithch/Repos/nus-cs2103/cs2103-website-base/admin/tp-w8.md
2026-10-06T18:57:51.856Z - [36mverbose[39m: Rendering page: /Users/damithch/Repos/nus-cs2103/cs2103-website-base/book/processModels/exampleProcessModels/choosing/index.md
2026-10-06T18:57:51.862Z - [36mverbose[39m: Rendering page: /Users/damithch/Repos/nus-cs2103/cs2103-website-base/book/principles/yagniPrinciple/index.md
2026-10-06T18:57:51.868Z - [36mverbose[39m: Rendering page: /Users/damithch/Repos/nus-cs2103/cs2103-website-base/book/principles/solidPrinciples/index.md
2026-10-06T18:57:51.910Z - [36mverbose[39m: Rendering page: /Users/damithch/Repos/nus-cs2103/cs2103-website-base/book/principles/singleResponsibilityPrinciple/index.md
2026-10-06T18:57:52.017Z - [36mverbose[39m: Rendering page: /Users/damithch/Repos/nus-cs2103/cs2103-website-base/book/principles/separationOfConcernsPrinciple/index.md
2026-10-06T18:57:52.108Z - [36mverbose[39m: Rendering page: /Users/damithch/Repos/nus-cs2103/cs2103-website-base/book/principles/openClosedPrinciple/index.md
2026-10-06T18:57:52.174Z - [36mverbose[39m: Rendering page: /Users/damithch/Repos/nus-cs2103/cs2103-website-base/book/principles/liskovSubstitutionPrinciple/index.md
2026-10-06T18:57:52.205Z - [36mverbose[39m: Rendering page: /Users/damithch/Repos/nus-cs2103/cs2103-website-base/book/principles/review/index.md
2026-10-06T18:57:52.464Z - [36mverbose[39m: Rendering page: /Users/damithch/Repos/nus-cs2103/cs2103-website-base/admin/tp-w7.md
2026-10-06T18:57:52.487Z - [36mverbose[39m: Rendering page: /Users/damithch/Repos/nus-cs2103/cs2103-website-base/book/principles/lawOfDemeter/index.md
2026-10-06T18:57:52.495Z - [36mverbose[39m: Rendering page: /Users/damithch/Repos/nus-cs2103/cs2103-website-base/book/principles/interfaceSegregationPrinciple/index.md
2026-10-06T18:57:52.563Z - [36mverbose[39m: Rendering page: /Users/damithch/Repos/nus-cs2103/cs2103-website-base/book/principles/index.md
2026-10-06T18:57:52.614Z - [36mverbose[39m: Rendering page: /Users/damithch/Repos/nus-cs2103/cs2103-website-base/book/principles/dryPrinciple/index.md
2026-10-06T18:57:52.619Z - [36mverbose[39m: Rendering page: /Users/damithch/Repos/nus-cs2103/cs2103-website-base/book/principles/dependencyInversionPrinciple/index.md
2026-10-06T18:57:52.645Z - [36mverbose[39m: Rendering page: /Users/damithch/Repos/nus-cs2103/cs2103-website-base/book/principles/brooksLaw/index.md
2026-10-06T18:57:52.696Z - [36mverbose[39m: Rendering page: /Users/damithch/Repos/nus-cs2103/cs2103-website-base/book/oop/polymorphism/what/index.md
2026-10-06T18:57:52.742Z - [36mverbose[39m: Rendering page: /Users/damithch/Repos/nus-cs2103/cs2103-website-base/book/oop/polymorphism/index.md
2026-10-06T18:57:52.752Z - [36mverbose[39m: Rendering page: /Users/damithch/Repos/nus-cs2103/cs2103-website-base/book/oop/polymorphism/how/index.md
2026-10-06T18:57:52.820Z - [36mverbose[39m: Rendering page: /Users/damithch/Repos/nus-cs2103/cs2103-website-base/book/oop/objects/what/index.md
2026-10-06T18:57:52.847Z - [36mverbose[39m: Rendering page: /Users/damithch/Repos/nus-cs2103/cs2103-website-base/book/oop/objects/index.md
2026-10-06T18:57:52.876Z - [36mverbose[39m: Rendering page: /Users/damithch/Repos/nus-cs2103/cs2103-website-base/book/oop/objects/encapsulation/index.md
2026-10-06T18:57:52.895Z - [36mverbose[39m: Rendering page: /Users/damithch/Repos/nus-cs2103/cs2103-website-base/book/oop/objects/abstraction/index.md
2026-10-06T18:57:52.922Z - [36mverbose[39m: Rendering page: /Users/damithch/Repos/nus-cs2103/cs2103-website-base/book/oop/more/review/index.md
2026-10-06T18:57:52.985Z - [36mverbose[39m: Rendering page: /Users/damithch/Repos/nus-cs2103/cs2103-website-base/book/oop/more/miscellaneous/index.md
2026-10-06T18:57:53.013Z - [36mverbose[39m: Rendering page: /Users/damithch/Repos/nus-cs2103/cs2103-website-base/book/oop/more/index.md
2026-10-06T18:57:53.057Z - [36mverbose[39m: Rendering page: /Users/damithch/Repos/nus-cs2103/cs2103-website-base/book/oop/introduction/index.md
2026-10-06T18:57:53.064Z - [36mverbose[39m: Rendering page: /Users/damithch/Repos/nus-cs2103/cs2103-website-base/book/oop/introduction/what/index.md
2026-10-06T18:57:53.072Z - [36mverbose[39m: Rendering page: /Users/damithch/Repos/nus-cs2103/cs2103-website-base/book/oop/inheritance/what/index.md
2026-10-06T18:57:53.105Z - [36mverbose[39m: Rendering page: /Users/damithch/Repos/nus-cs2103/cs2103-website-base/book/oop/inheritance/substitutability/index.md
2026-10-06T18:57:53.148Z - [36mverbose[39m: Rendering page: /Users/damithch/Repos/nus-cs2103/cs2103-website-base/book/oop/inheritance/overriding/index.md
2026-10-06T18:57:53.270Z - [36mverbose[39m: Rendering page: /Users/damithch/Repos/nus-cs2103/cs2103-website-base/book/oop/inheritance/interfaces/index.md
2026-10-06T18:57:53.326Z - [36mverbose[39m: Rendering page: /Users/damithch/Repos/nus-cs2103/cs2103-website-base/book/oop/inheritance/overloading/index.md
2026-10-06T18:57:53.332Z - [36mverbose[39m: Rendering page: /Users/damithch/Repos/nus-cs2103/cs2103-website-base/book/oop/inheritance/index.md
2026-10-06T18:57:53.404Z - [36mverbose[39m: Rendering page: /Users/damithch/Repos/nus-cs2103/cs2103-website-base/admin/tp-w6.md
2026-10-06T18:57:53.424Z - [36mverbose[39m: Rendering page: /Users/damithch/Repos/nus-cs2103/cs2103-website-base/admin/tp-w5.md
2026-10-06T18:57:53.704Z - [36mverbose[39m: Rendering page: /Users/damithch/Repos/nus-cs2103/cs2103-website-base/book/oop/inheritance/dynamicAndStaticBinding/index.md
2026-10-06T18:57:53.712Z - [36mverbose[39m: Rendering page: /Users/damithch/Repos/nus-cs2103/cs2103-website-base/book/oop/inheritance/abstractClasses/index.md
2026-10-06T18:57:53.718Z - [36mverbose[39m: Rendering page: /Users/damithch/Repos/nus-cs2103/cs2103-website-base/book/oop/index.md
2026-10-06T18:57:53.809Z - [36mverbose[39m: Rendering page: /Users/damithch/Repos/nus-cs2103/cs2103-website-base/book/oop/classes/what/index.md
2026-10-06T18:57:53.835Z - [36mverbose[39m: Rendering page: /Users/damithch/Repos/nus-cs2103/cs2103-website-base/book/oop/classes/index.md
2026-10-06T18:57:53.857Z - [36mverbose[39m: Rendering page: /Users/damithch/Repos/nus-cs2103/cs2103-website-base/book/oop/classes/enumerations/index.md
2026-10-06T18:57:53.865Z - [36mverbose[39m: Rendering page: /Users/damithch/Repos/nus-cs2103/cs2103-website-base/book/oop/classes/classLevelMembers/index.md
2026-10-06T18:57:53.871Z - [36mverbose[39m: Rendering page: /Users/damithch/Repos/nus-cs2103/cs2103-website-base/book/oop/associations/what/index.md
2026-10-06T18:57:54.020Z - [36mverbose[39m: Rendering page: /Users/damithch/Repos/nus-cs2103/cs2103-website-base/book/oop/associations/navigability/index.md
2026-10-06T18:57:54.029Z - [36mverbose[39m: Rendering page: /Users/damithch/Repos/nus-cs2103/cs2103-website-base/book/oop/associations/multiplicity/index.md
2026-10-06T18:57:54.036Z - [36mverbose[39m: Rendering page: /Users/damithch/Repos/nus-cs2103/cs2103-website-base/book/oop/associations/index.md
2026-10-06T18:57:54.036Z - [36mverbose[39m: Rendering page: /Users/damithch/Repos/nus-cs2103/cs2103-website-base/admin/tp-w4.md
2026-10-06T18:57:54.051Z - [36mverbose[39m: Rendering page: /Users/damithch/Repos/nus-cs2103/cs2103-website-base/book/oop/associations/dependencies/index.md
2026-10-06T18:57:54.129Z - [36mverbose[39m: Rendering page: /Users/damithch/Repos/nus-cs2103/cs2103-website-base/book/oop/associations/composition/index.md
2026-10-06T18:57:54.136Z - [36mverbose[39m: Rendering page: /Users/damithch/Repos/nus-cs2103/cs2103-website-base/book/oop/associations/associationClasses/index.md
2026-10-06T18:57:54.144Z - [36mverbose[39m: Rendering page: /Users/damithch/Repos/nus-cs2103/cs2103-website-base/book/oop/associations/aggregation/index.md
2026-10-06T18:57:54.149Z - [36mverbose[39m: Rendering page: /Users/damithch/Repos/nus-cs2103/cs2103-website-base/book/modeling/modelingStructures/packageDiagrams/index.md
2026-10-06T18:57:54.256Z - [36mverbose[39m: Rendering page: /Users/damithch/Repos/nus-cs2103/cs2103-website-base/admin/tp-w3.md
2026-10-06T18:57:54.270Z - [36mverbose[39m: Rendering page: /Users/damithch/Repos/nus-cs2103/cs2103-website-base/admin/tp-w2.md
2026-10-06T18:57:54.448Z - [34mdebug[39m: /bin/sh: line 1: 30995 Abort trap: 6           java -jar "/opt/homebrew/lib/node_modules/markbind-cli/node_modules/@markbind/core/src/plugins/default/plantuml.jar" -nometadata -pipe > "/private/tmp/cs2103-overview-teachers-clean.M6RMCR/book/modeling/modelingStructures/classDiagramsIntermediate/images/snakes-board-piece.png"

2026-10-06T18:57:54.495Z - [36mverbose[39m: Rendering page: /Users/damithch/Repos/nus-cs2103/cs2103-website-base/book/modeling/modelingStructures/ooStructures/index.md
2026-10-06T18:57:54.501Z - [36mverbose[39m: Rendering page: /Users/damithch/Repos/nus-cs2103/cs2103-website-base/book/modeling/modelingStructures/objectOrientedDomainModels/index.md
2026-10-06T18:57:54.507Z - [36mverbose[39m: Rendering page: /Users/damithch/Repos/nus-cs2103/cs2103-website-base/book/modeling/modelingStructures/objectDiagrams/index.md
2026-10-06T18:57:54.513Z - [36mverbose[39m: Rendering page: /Users/damithch/Repos/nus-cs2103/cs2103-website-base/book/modeling/modelingStructures/index.md
2026-10-06T18:57:54.595Z - [36mverbose[39m: Rendering page: /Users/damithch/Repos/nus-cs2103/cs2103-website-base/book/modeling/modelingStructures/componentDiagrams/index.md
2026-10-06T18:57:54.601Z - [36mverbose[39m: Rendering page: /Users/damithch/Repos/nus-cs2103/cs2103-website-base/book/modeling/modelingStructures/customisingUml/index.md
2026-10-06T18:57:54.608Z - [36mverbose[39m: Rendering page: /Users/damithch/Repos/nus-cs2103/cs2103-website-base/book/modeling/modelingStructures/compositeStructureDiagrams/index.md
2026-10-06T18:57:54.613Z - [36mverbose[39m: Rendering page: /Users/damithch/Repos/nus-cs2103/cs2103-website-base/book/modeling/modelingStructures/deploymentDiagrams/index.md
2026-10-06T18:57:54.764Z - [36mverbose[39m: Rendering page: /Users/damithch/Repos/nus-cs2103/cs2103-website-base/book/modeling/modelingStructures/classDiagramsAdvanced/index.md
2026-10-06T18:57:54.771Z - [36mverbose[39m: Rendering page: /Users/damithch/Repos/nus-cs2103/cs2103-website-base/book/modeling/modelingStructures/classDiagramsIntermediate/index.md
2026-10-06T18:57:54.784Z - [36mverbose[39m: Rendering page: /Users/damithch/Repos/nus-cs2103/cs2103-website-base/book/modeling/modelingStructures/classDiagramsBasic/index.md
2026-10-06T18:57:54.793Z - [36mverbose[39m: Rendering page: /Users/damithch/Repos/nus-cs2103/cs2103-website-base/book/modeling/modelingStructures/addingMoreInfo/index.md
2026-10-06T18:57:54.872Z - [36mverbose[39m: Rendering page: /Users/damithch/Repos/nus-cs2103/cs2103-website-base/book/modeling/modelingBehaviors/useCaseDiagrams/index.md
2026-10-06T18:57:54.878Z - [36mverbose[39m: Rendering page: /Users/damithch/Repos/nus-cs2103/cs2103-website-base/book/modeling/modelingBehaviors/stateMachineDiagrams/index.md
2026-10-06T18:57:54.883Z - [36mverbose[39m: Rendering page: /Users/damithch/Repos/nus-cs2103/cs2103-website-base/book/modeling/modelingBehaviors/timingDiagrams/index.md
2026-10-06T18:57:54.891Z - [36mverbose[39m: Rendering page: /Users/damithch/Repos/nus-cs2103/cs2103-website-base/book/modeling/modelingBehaviors/sequenceDiagramsIntermediate/index.md
2026-10-06T18:57:55.048Z - [36mverbose[39m: Rendering page: /Users/damithch/Repos/nus-cs2103/cs2103-website-base/book/modeling/modelingBehaviors/interactionOverviewDiagrams/index.md
2026-10-06T18:57:55.054Z - [36mverbose[39m: Rendering page: /Users/damithch/Repos/nus-cs2103/cs2103-website-base/book/modeling/modelingBehaviors/sequenceDiagramsBasic/index.md
2026-10-06T18:57:55.063Z - [36mverbose[39m: Rendering page: /Users/damithch/Repos/nus-cs2103/cs2103-website-base/book/modeling/modelingBehaviors/sequenceDiagramsAdvanced/index.md
2026-10-06T18:57:55.068Z - [36mverbose[39m: Rendering page: /Users/damithch/Repos/nus-cs2103/cs2103-website-base/book/modeling/modelingBehaviors/index.md
2026-10-06T18:57:55.155Z - [36mverbose[39m: Rendering page: /Users/damithch/Repos/nus-cs2103/cs2103-website-base/book/modeling/modelingBehaviors/communicationDiagrams/index.md
2026-10-06T18:57:55.161Z - [36mverbose[39m: Rendering page: /Users/damithch/Repos/nus-cs2103/cs2103-website-base/book/modeling/modelingBehaviors/activityDiagramsIntermediate/index.md
2026-10-06T18:57:55.166Z - [36mverbose[39m: Rendering page: /Users/damithch/Repos/nus-cs2103/cs2103-website-base/book/modeling/modelingBehaviors/activityDiagrams/index.md
2026-10-06T18:57:55.174Z - [36mverbose[39m: Rendering page: /Users/damithch/Repos/nus-cs2103/cs2103-website-base/book/modeling/modelingASolution/introduction/index.md
2026-10-06T18:57:55.283Z - [36mverbose[39m: Rendering page: /Users/damithch/Repos/nus-cs2103/cs2103-website-base/book/modeling/modelingASolution/intermediate/index.md
2026-10-06T18:57:55.292Z - [36mverbose[39m: Rendering page: /Users/damithch/Repos/nus-cs2103/cs2103-website-base/book/modeling/modelingASolution/index.md
2026-10-06T18:57:55.301Z - [36mverbose[39m: Rendering page: /Users/damithch/Repos/nus-cs2103/cs2103-website-base/book/modeling/modelingASolution/basic/index.md
2026-10-06T18:57:55.326Z - [36mverbose[39m: Rendering page: /Users/damithch/Repos/nus-cs2103/cs2103-website-base/book/modeling/introduction/what/index.md
2026-10-06T18:57:56.034Z - [36mverbose[39m: Rendering page: /Users/damithch/Repos/nus-cs2103/cs2103-website-base/book/modeling/introduction/umlModels/index.md
2026-10-06T18:57:56.089Z - [36mverbose[39m: Rendering page: /Users/damithch/Repos/nus-cs2103/cs2103-website-base/book/modeling/introduction/how/index.md
2026-10-06T18:57:56.131Z - [36mverbose[39m: Rendering page: /Users/damithch/Repos/nus-cs2103/cs2103-website-base/book/modeling/index.md
2026-10-06T18:57:56.205Z - [36mverbose[39m: Rendering page: /Users/damithch/Repos/nus-cs2103/cs2103-website-base/book/modeling/introduction/index.md
2026-10-06T18:57:56.314Z - [36mverbose[39m: Rendering page: /Users/damithch/Repos/nus-cs2103/cs2103-website-base/book/intellij/refactoring/index.md
2026-10-06T18:57:56.319Z - [36mverbose[39m: Rendering page: /Users/damithch/Repos/nus-cs2103/cs2103-website-base/book/intellij/index.md
2026-10-06T18:57:56.327Z - [36mverbose[39m: Rendering page: /Users/damithch/Repos/nus-cs2103/cs2103-website-base/book/intellij/projectSetup/index.md
2026-10-06T18:57:56.332Z - [36mverbose[39m: Rendering page: /Users/damithch/Repos/nus-cs2103/cs2103-website-base/book/intellij/productivityShortcuts/index.md
2026-10-06T18:57:56.395Z - [36mverbose[39m: Rendering page: /Users/damithch/Repos/nus-cs2103/cs2103-website-base/book/intellij/debuggingBasic/index.md
2026-10-06T18:57:56.400Z - [36mverbose[39m: Rendering page: /Users/damithch/Repos/nus-cs2103/cs2103-website-base/book/intellij/codeNavigation/index.md
2026-10-06T18:57:56.467Z - [36mverbose[39m: Rendering page: /Users/damithch/Repos/nus-cs2103/cs2103-website-base/book/integration/more/index.md
2026-10-06T18:57:56.473Z - [36mverbose[39m: Rendering page: /Users/damithch/Repos/nus-cs2103/cs2103-website-base/book/integration/more/review/index.md
2026-10-06T18:57:56.481Z - [36mverbose[39m: Rendering page: /Users/damithch/Repos/nus-cs2103/cs2103-website-base/book/integration/introduction/index.md
2026-10-06T18:57:56.487Z - [36mverbose[39m: Rendering page: /Users/damithch/Repos/nus-cs2103/cs2103-website-base/book/integration/introduction/what/index.md
2026-10-06T18:57:56.615Z - [36mverbose[39m: Rendering page: /Users/damithch/Repos/nus-cs2103/cs2103-website-base/book/integration/index.md
2026-10-06T18:57:56.627Z - [36mverbose[39m: Rendering page: /Users/damithch/Repos/nus-cs2103/cs2103-website-base/book/integration/buildAutomation/what/index.md
2026-10-06T18:57:56.632Z - [36mverbose[39m: Rendering page: /Users/damithch/Repos/nus-cs2103/cs2103-website-base/book/integration/buildAutomation/index.md
2026-10-06T18:57:56.665Z - [36mverbose[39m: Rendering page: /Users/damithch/Repos/nus-cs2103/cs2103-website-base/book/integration/buildAutomation/continuousIntegrationDeployment/index.md
2026-10-06T18:57:56.720Z - [36mverbose[39m: Rendering page: /Users/damithch/Repos/nus-cs2103/cs2103-website-base/book/integration/approaches/topDownVsBottomUp/index.md
2026-10-06T18:57:56.745Z - [36mverbose[39m: Rendering page: /Users/damithch/Repos/nus-cs2103/cs2103-website-base/book/integration/approaches/lateVsEarly/index.md
2026-10-06T18:57:56.750Z - [36mverbose[39m: Rendering page: /Users/damithch/Repos/nus-cs2103/cs2103-website-base/book/integration/approaches/index.md
2026-10-06T18:57:56.778Z - [36mverbose[39m: Rendering page: /Users/damithch/Repos/nus-cs2103/cs2103-website-base/book/integration/approaches/bigBangVsIncremental/index.md
2026-10-06T18:57:56.801Z - [36mverbose[39m: Rendering page: /Users/damithch/Repos/nus-cs2103/cs2103-website-base/book/index.md
2026-10-06T18:57:56.869Z - [36mverbose[39m: Rendering page: /Users/damithch/Repos/nus-cs2103/cs2103-website-base/book/ides/index.md
2026-10-06T18:57:56.876Z - [36mverbose[39m: Rendering page: /Users/damithch/Repos/nus-cs2103/cs2103-website-base/book/ides/introduction/index.md
2026-10-06T18:57:56.882Z - [36mverbose[39m: Rendering page: /Users/damithch/Repos/nus-cs2103/cs2103-website-base/book/ides/introduction/what/index.md
2026-10-06T18:57:56.930Z - [36mverbose[39m: Rendering page: /Users/damithch/Repos/nus-cs2103/cs2103-website-base/book/ides/debugging/what/index.md
2026-10-06T18:57:56.936Z - [36mverbose[39m: Rendering page: /Users/damithch/Repos/nus-cs2103/cs2103-website-base/book/ides/debugging/index.md
2026-10-06T18:57:56.944Z - [36mverbose[39m: Rendering page: /Users/damithch/Repos/nus-cs2103/cs2103-website-base/book/gitAndGithub/trail/workingWithRemotes/index.md
2026-10-06T18:57:56.949Z - [36mverbose[39m: Rendering page: /Users/damithch/Repos/nus-cs2103/cs2103-website-base/book/gitAndGithub/trail/usingRevisionHistory/index.md
2026-10-06T18:57:57.009Z - [36mverbose[39m: Rendering page: /Users/damithch/Repos/nus-cs2103/cs2103-website-base/book/gitAndGithub/trail/syncingBranches/index.md
2026-10-06T18:57:57.016Z - [36mverbose[39m: Rendering page: /Users/damithch/Repos/nus-cs2103/cs2103-website-base/book/gitAndGithub/trail/remoteBranches/index.md
2026-10-06T18:57:57.022Z - [36mverbose[39m: Rendering page: /Users/damithch/Repos/nus-cs2103/cs2103-website-base/book/gitAndGithub/trail/managingProjects/index.md
2026-10-06T18:57:57.027Z - [36mverbose[39m: Rendering page: /Users/damithch/Repos/nus-cs2103/cs2103-website-base/book/gitAndGithub/trail/recordingFolderHistory/index.md
2026-10-06T18:57:57.054Z - [36mverbose[39m: Rendering page: /Users/damithch/Repos/nus-cs2103/cs2103-website-base/admin/tp-w13.md
2026-10-06T18:57:57.081Z - [36mverbose[39m: Rendering page: /Users/damithch/Repos/nus-cs2103/cs2103-website-base/book/gitAndGithub/trail/index.md
2026-10-06T18:57:57.090Z - [36mverbose[39m: Rendering page: /Users/damithch/Repos/nus-cs2103/cs2103-website-base/book/gitAndGithub/trail/fineTuningHistory/index.md
2026-10-06T18:57:57.109Z - [36mverbose[39m: Rendering page: /Users/damithch/Repos/nus-cs2103/cs2103-website-base/book/gitAndGithub/trail/branchingLocally/index.md
2026-10-06T18:57:57.114Z - [36mverbose[39m: Rendering page: /Users/damithch/Repos/nus-cs2103/cs2103-website-base/book/gitAndGithub/trail/backingUpOnCloud/index.md
2026-10-06T18:57:57.148Z - [36mverbose[39m: Rendering page: /Users/damithch/Repos/nus-cs2103/cs2103-website-base/book/gitAndGithub/reviewPRs/index.md
2026-10-06T18:57:57.166Z - [36mverbose[39m: Rendering page: /Users/damithch/Repos/nus-cs2103/cs2103-website-base/book/gitAndGithub/mergeConflicts/index.md
2026-10-06T18:57:57.187Z - [36mverbose[39m: Rendering page: /Users/damithch/Repos/nus-cs2103/cs2103-website-base/book/gitAndGithub/managePRs/index.md
2026-10-06T18:57:57.192Z - [36mverbose[39m: Rendering page: /Users/damithch/Repos/nus-cs2103/cs2103-website-base/book/gitAndGithub/index.md
2026-10-06T18:57:57.211Z - [36mverbose[39m: Rendering page: /Users/damithch/Repos/nus-cs2103/cs2103-website-base/book/gitAndGithub/forkingWorkflow/index.md
2026-10-06T18:57:57.245Z - [36mverbose[39m: Rendering page: /Users/damithch/Repos/nus-cs2103/cs2103-website-base/book/gitAndGithub/createPRs/index.md
2026-10-06T18:57:57.270Z - [36mverbose[39m: Rendering page: /Users/damithch/Repos/nus-cs2103/cs2103-website-base/book/gatheringRequirements/validation/index.md
2026-10-06T18:57:57.288Z - [36mverbose[39m: Rendering page: /Users/damithch/Repos/nus-cs2103/cs2103-website-base/book/gatheringRequirements/userSurveys/index.md
2026-10-06T18:57:57.293Z - [36mverbose[39m: Rendering page: /Users/damithch/Repos/nus-cs2103/cs2103-website-base/book/gatheringRequirements/prototyping/index.md
2026-10-06T18:57:57.331Z - [36mverbose[39m: Rendering page: /Users/damithch/Repos/nus-cs2103/cs2103-website-base/book/gatheringRequirements/productSurveys/index.md
2026-10-06T18:57:57.392Z - [36mverbose[39m: Rendering page: /Users/damithch/Repos/nus-cs2103/cs2103-website-base/book/gatheringRequirements/observation/index.md
2026-10-06T18:57:57.397Z - [36mverbose[39m: Rendering page: /Users/damithch/Repos/nus-cs2103/cs2103-website-base/book/gatheringRequirements/interviews/index.md
2026-10-06T18:57:57.417Z - [36mverbose[39m: Rendering page: /Users/damithch/Repos/nus-cs2103/cs2103-website-base/book/gatheringRequirements/index.md
2026-10-06T18:57:57.497Z - [36mverbose[39m: Rendering page: /Users/damithch/Repos/nus-cs2103/cs2103-website-base/book/gatheringRequirements/focusGroups/index.md
2026-10-06T18:57:57.503Z - [36mverbose[39m: Rendering page: /Users/damithch/Repos/nus-cs2103/cs2103-website-base/book/errorHandling/logging/index.md
2026-10-06T18:57:57.512Z - [36mverbose[39m: Rendering page: /Users/damithch/Repos/nus-cs2103/cs2103-website-base/book/gatheringRequirements/brainstorming/index.md
2026-10-06T18:57:57.518Z - [36mverbose[39m: Rendering page: /Users/damithch/Repos/nus-cs2103/cs2103-website-base/book/errorHandling/logging/what/index.md
2026-10-06T18:57:57.834Z - [36mverbose[39m: Rendering page: /Users/damithch/Repos/nus-cs2103/cs2103-website-base/book/errorHandling/logging/how/index.md
2026-10-06T18:57:57.841Z - [36mverbose[39m: Rendering page: /Users/damithch/Repos/nus-cs2103/cs2103-website-base/book/errorHandling/introduction/index.md
2026-10-06T18:57:57.846Z - [36mverbose[39m: Rendering page: /Users/damithch/Repos/nus-cs2103/cs2103-website-base/book/errorHandling/index.md
2026-10-06T18:57:57.873Z - [36mverbose[39m: Rendering page: /Users/damithch/Repos/nus-cs2103/cs2103-website-base/book/errorHandling/introduction/what/index.md
2026-10-06T18:57:57.960Z - [36mverbose[39m: Rendering page: /Users/damithch/Repos/nus-cs2103/cs2103-website-base/book/errorHandling/exceptions/when/index.md
2026-10-06T18:57:57.965Z - [36mverbose[39m: Rendering page: /Users/damithch/Repos/nus-cs2103/cs2103-website-base/book/errorHandling/exceptions/what/index.md
2026-10-06T18:57:57.970Z - [36mverbose[39m: Rendering page: /Users/damithch/Repos/nus-cs2103/cs2103-website-base/book/errorHandling/exceptions/index.md
2026-10-06T18:57:57.980Z - [36mverbose[39m: Rendering page: /Users/damithch/Repos/nus-cs2103/cs2103-website-base/book/errorHandling/exceptions/how/index.md
2026-10-06T18:57:58.054Z - [36mverbose[39m: Rendering page: /Users/damithch/Repos/nus-cs2103/cs2103-website-base/book/errorHandling/designByContract/index.md
2026-10-06T18:57:58.060Z - [36mverbose[39m: Rendering page: /Users/damithch/Repos/nus-cs2103/cs2103-website-base/book/errorHandling/defensiveProgramming/when/index.md
2026-10-06T18:57:58.066Z - [36mverbose[39m: Rendering page: /Users/damithch/Repos/nus-cs2103/cs2103-website-base/book/errorHandling/designByContract/what/index.md
2026-10-06T18:57:58.071Z - [36mverbose[39m: Rendering page: /Users/damithch/Repos/nus-cs2103/cs2103-website-base/book/errorHandling/defensiveProgramming/what/index.md
2026-10-06T18:57:58.304Z - [36mverbose[39m: Rendering page: /Users/damithch/Repos/nus-cs2103/cs2103-website-base/book/errorHandling/defensiveProgramming/referentialIntegrity/index.md
2026-10-06T18:57:58.315Z - [36mverbose[39m: Rendering page: /Users/damithch/Repos/nus-cs2103/cs2103-website-base/book/errorHandling/defensiveProgramming/index.md
2026-10-06T18:57:58.330Z - [36mverbose[39m: Rendering page: /Users/damithch/Repos/nus-cs2103/cs2103-website-base/book/errorHandling/defensiveProgramming/1to1Associations/index.md
2026-10-06T18:57:58.338Z - [36mverbose[39m: Rendering page: /Users/damithch/Repos/nus-cs2103/cs2103-website-base/book/errorHandling/defensiveProgramming/compulsoryAssociations/index.md
2026-10-06T18:57:58.439Z - [36mverbose[39m: Rendering page: /Users/damithch/Repos/nus-cs2103/cs2103-website-base/book/errorHandling/assertions/when/index.md
2026-10-06T18:57:58.445Z - [36mverbose[39m: Rendering page: /Users/damithch/Repos/nus-cs2103/cs2103-website-base/book/errorHandling/assertions/what/index.md
2026-10-06T18:57:58.452Z - [36mverbose[39m: Rendering page: /Users/damithch/Repos/nus-cs2103/cs2103-website-base/book/errorHandling/assertions/index.md
2026-10-06T18:57:58.460Z - [36mverbose[39m: Rendering page: /Users/damithch/Repos/nus-cs2103/cs2103-website-base/book/errorHandling/assertions/how/index.md
2026-10-06T18:57:58.526Z - [36mverbose[39m: Rendering page: /Users/damithch/Repos/nus-cs2103/cs2103-website-base/book/documentation/tools/markdown/index.md
2026-10-06T18:57:58.532Z - [36mverbose[39m: Rendering page: /Users/damithch/Repos/nus-cs2103/cs2103-website-base/book/documentation/tools/markdown/how/index.md
2026-10-06T18:57:58.538Z - [36mverbose[39m: Rendering page: /Users/damithch/Repos/nus-cs2103/cs2103-website-base/book/documentation/tools/markdown/what/index.md
2026-10-06T18:57:58.543Z - [36mverbose[39m: Rendering page: /Users/damithch/Repos/nus-cs2103/cs2103-website-base/book/documentation/tools/javaDoc/what/index.md
2026-10-06T18:57:58.650Z - [36mverbose[39m: Rendering page: /Users/damithch/Repos/nus-cs2103/cs2103-website-base/book/documentation/tools/javaDoc/index.md
2026-10-06T18:57:58.657Z - [36mverbose[39m: Rendering page: /Users/damithch/Repos/nus-cs2103/cs2103-website-base/book/documentation/tools/javaDoc/how/index.md
2026-10-06T18:57:58.663Z - [36mverbose[39m: Rendering page: /Users/damithch/Repos/nus-cs2103/cs2103-website-base/book/documentation/tools/index.md
2026-10-06T18:57:58.710Z - [36mverbose[39m: Rendering page: /Users/damithch/Repos/nus-cs2103/cs2103-website-base/book/documentation/tools/asciiDoc/what/index.md
2026-10-06T18:57:58.740Z - [36mverbose[39m: Rendering page: /Users/damithch/Repos/nus-cs2103/cs2103-website-base/book/documentation/tools/asciiDoc/index.md
2026-10-06T18:57:58.900Z - [36mverbose[39m: Rendering page: /Users/damithch/Repos/nus-cs2103/cs2103-website-base/book/documentation/introduction/index.md
2026-10-06T18:57:58.907Z - [36mverbose[39m: Rendering page: /Users/damithch/Repos/nus-cs2103/cs2103-website-base/book/documentation/introduction/what/index.md
2026-10-06T18:57:58.915Z - [36mverbose[39m: Rendering page: /Users/damithch/Repos/nus-cs2103/cs2103-website-base/book/documentation/index.md
2026-10-06T18:57:58.941Z - [36mverbose[39m: Rendering page: /Users/damithch/Repos/nus-cs2103/cs2103-website-base/book/documentation/guidelines/index.md
2026-10-06T18:57:59.014Z - [36mverbose[39m: Rendering page: /Users/damithch/Repos/nus-cs2103/cs2103-website-base/book/documentation/guidelines/goTopDown/why/index.md
2026-10-06T18:57:59.019Z - [36mverbose[39m: Rendering page: /Users/damithch/Repos/nus-cs2103/cs2103-website-base/book/documentation/guidelines/goTopDown/what/index.md
2026-10-06T18:57:59.024Z - [36mverbose[39m: Rendering page: /Users/damithch/Repos/nus-cs2103/cs2103-website-base/book/documentation/guidelines/goTopDown/index.md
2026-10-06T18:57:59.031Z - [36mverbose[39m: Rendering page: /Users/damithch/Repos/nus-cs2103/cs2103-website-base/book/documentation/guidelines/goTopDown/how/index.md
2026-10-06T18:57:59.117Z - [36mverbose[39m: Rendering page: /Users/damithch/Repos/nus-cs2103/cs2103-website-base/book/documentation/guidelines/documentMinimally/index.md
2026-10-06T18:57:59.125Z - [36mverbose[39m: Rendering page: /Users/damithch/Repos/nus-cs2103/cs2103-website-base/book/documentation/guidelines/documentMinimally/how/index.md
2026-10-06T18:57:59.131Z - [36mverbose[39m: Rendering page: /Users/damithch/Repos/nus-cs2103/cs2103-website-base/book/documentation/guidelines/documentMinimally/what/index.md
2026-10-06T18:57:59.176Z - [36mverbose[39m: Rendering page: /Users/damithch/Repos/nus-cs2103/cs2103-website-base/book/documentation/guidelines/aimForComprehensibility/what/index.md
2026-10-06T18:57:59.201Z - [36mverbose[39m: Rendering page: /Users/damithch/Repos/nus-cs2103/cs2103-website-base/book/documentation/guidelines/aimForComprehensibility/index.md
2026-10-06T18:57:59.243Z - [36mverbose[39m: Rendering page: /Users/damithch/Repos/nus-cs2103/cs2103-website-base/book/documentation/guidelines/aimForComprehensibility/how/index.md
2026-10-06T18:57:59.249Z - [36mverbose[39m: Rendering page: /Users/damithch/Repos/nus-cs2103/cs2103-website-base/book/designPatterns/singleton/what/index.md
2026-10-06T18:57:59.276Z - [36mverbose[39m: Rendering page: /Users/damithch/Repos/nus-cs2103/cs2103-website-base/book/designPatterns/singleton/index.md
2026-10-06T18:57:59.335Z - [36mverbose[39m: Rendering page: /Users/damithch/Repos/nus-cs2103/cs2103-website-base/book/designPatterns/singleton/implementation/index.md
2026-10-06T18:57:59.379Z - [36mverbose[39m: Rendering page: /Users/damithch/Repos/nus-cs2103/cs2103-website-base/book/designPatterns/observer/what/index.md
2026-10-06T18:57:59.387Z - [36mverbose[39m: Rendering page: /Users/damithch/Repos/nus-cs2103/cs2103-website-base/book/designPatterns/singleton/evaluation/index.md
2026-10-06T18:57:59.411Z - [36mverbose[39m: Rendering page: /Users/damithch/Repos/nus-cs2103/cs2103-website-base/book/designPatterns/observer/index.md
2026-10-06T18:57:59.471Z - [36mverbose[39m: Rendering page: /Users/damithch/Repos/nus-cs2103/cs2103-website-base/book/designPatterns/more/vsPrinciples/index.md
2026-10-06T18:57:59.478Z - [36mverbose[39m: Rendering page: /Users/damithch/Repos/nus-cs2103/cs2103-website-base/book/designPatterns/more/usingDesignPatterns/index.md
2026-10-06T18:57:59.483Z - [36mverbose[39m: Rendering page: /Users/damithch/Repos/nus-cs2103/cs2103-website-base/book/designPatterns/more/otherTypesOfPatterns/index.md
2026-10-06T18:57:59.529Z - [36mverbose[39m: Rendering page: /Users/damithch/Repos/nus-cs2103/cs2103-website-base/book/designPatterns/more/otherDesignPatterns/index.md
2026-10-06T18:57:59.568Z - [36mverbose[39m: Rendering page: /Users/damithch/Repos/nus-cs2103/cs2103-website-base/book/designPatterns/more/index.md
2026-10-06T18:57:59.618Z - [36mverbose[39m: Rendering page: /Users/damithch/Repos/nus-cs2103/cs2103-website-base/book/designPatterns/more/combiningDesignPatterns/index.md
2026-10-06T18:57:59.625Z - [36mverbose[39m: Rendering page: /Users/damithch/Repos/nus-cs2103/cs2103-website-base/book/designPatterns/modelViewController/what/index.md
2026-10-06T18:57:59.633Z - [36mverbose[39m: Rendering page: /Users/damithch/Repos/nus-cs2103/cs2103-website-base/book/designPatterns/modelViewController/index.md
2026-10-06T18:57:59.649Z - [36mverbose[39m: Rendering page: /Users/damithch/Repos/nus-cs2103/cs2103-website-base/admin/tp-w12.md
2026-10-06T18:57:59.688Z - [36mverbose[39m: Rendering page: /Users/damithch/Repos/nus-cs2103/cs2103-website-base/book/designPatterns/introduction/what/index.md
2026-10-06T18:57:59.876Z - [36mverbose[39m: Rendering page: /Users/damithch/Repos/nus-cs2103/cs2103-website-base/book/designPatterns/introduction/index.md
2026-10-06T18:57:59.884Z - [36mverbose[39m: Rendering page: /Users/damithch/Repos/nus-cs2103/cs2103-website-base/book/designPatterns/introduction/format/index.md
2026-10-06T18:57:59.909Z - [36mverbose[39m: Rendering page: /Users/damithch/Repos/nus-cs2103/cs2103-website-base/book/designPatterns/index.md
2026-10-06T18:57:59.972Z - [36mverbose[39m: Rendering page: /Users/damithch/Repos/nus-cs2103/cs2103-website-base/book/designPatterns/facade/what/index.md
2026-10-06T18:57:59.979Z - [36mverbose[39m: Rendering page: /Users/damithch/Repos/nus-cs2103/cs2103-website-base/book/designPatterns/facade/index.md
2026-10-06T18:58:00.007Z - [36mverbose[39m: Rendering page: /Users/damithch/Repos/nus-cs2103/cs2103-website-base/book/designPatterns/command/what/index.md
2026-10-06T18:58:00.073Z - [36mverbose[39m: Rendering page: /Users/damithch/Repos/nus-cs2103/cs2103-website-base/book/designPatterns/command/index.md
2026-10-06T18:58:00.161Z - [36mverbose[39m: Rendering page: /Users/damithch/Repos/nus-cs2103/cs2103-website-base/book/designPatterns/abstractionOccurrence/what/index.md
2026-10-06T18:58:00.169Z - [36mverbose[39m: Rendering page: /Users/damithch/Repos/nus-cs2103/cs2103-website-base/book/designPatterns/abstractionOccurrence/index.md
2026-10-06T18:58:00.215Z - [34mdebug[39m: /bin/sh: line 1: 31022 Abort trap: 6           java -jar "/opt/homebrew/lib/node_modules/markbind-cli/node_modules/@markbind/core/src/plugins/default/plantuml.jar" -nometadata -pipe > "/private/tmp/cs2103-overview-teachers.3WfgAB/admin/tpGanttChart-preIterations.png"

2026-10-06T18:58:00.215Z - [34mdebug[39m: /bin/sh: line 1: 31023 Abort trap: 6           java -jar "/opt/homebrew/lib/node_modules/markbind-cli/node_modules/@markbind/core/src/plugins/default/plantuml.jar" -nometadata -pipe > "/private/tmp/cs2103-overview-teachers.3WfgAB/admin/tpGanttChart-iterations.png"

2026-10-06T18:58:00.218Z - [36mverbose[39m: Rendering page: /Users/damithch/Repos/nus-cs2103/cs2103-website-base/book/designFundamentals/index.md
2026-10-06T18:58:00.216Z - [36mverbose[39m: Rendering page: /Users/damithch/Repos/nus-cs2103/cs2103-website-base/admin/tp-timeline.md
2026-10-06T18:58:00.227Z - [36mverbose[39m: Rendering page: /Users/damithch/Repos/nus-cs2103/cs2103-website-base/admin/tp-teams.md
2026-10-06T18:58:00.279Z - [36mverbose[39m: Rendering page: /Users/damithch/Repos/nus-cs2103/cs2103-website-base/book/designFundamentals/coupling/what/index.md
2026-10-06T18:58:00.308Z - [36mverbose[39m: Rendering page: /Users/damithch/Repos/nus-cs2103/cs2103-website-base/book/designFundamentals/coupling/types/index.md
2026-10-06T18:58:00.315Z - [36mverbose[39m: Rendering page: /Users/damithch/Repos/nus-cs2103/cs2103-website-base/admin/tp-w11.md
2026-10-06T18:58:00.328Z - [36mverbose[39m: Rendering page: /Users/damithch/Repos/nus-cs2103/cs2103-website-base/book/designFundamentals/coupling/index.md
2026-10-06T18:58:00.339Z - [36mverbose[39m: Rendering page: /Users/damithch/Repos/nus-cs2103/cs2103-website-base/admin/tp-w10.md
2026-10-06T18:58:00.363Z - [36mverbose[39m: Rendering page: /Users/damithch/Repos/nus-cs2103/cs2103-website-base/book/designFundamentals/coupling/how/index.md
2026-10-06T18:58:00.391Z - [36mverbose[39m: Rendering page: /Users/damithch/Repos/nus-cs2103/cs2103-website-base/book/designFundamentals/cohesion/what/index.md
2026-10-06T18:58:00.396Z - [36mverbose[39m: Rendering page: /Users/damithch/Repos/nus-cs2103/cs2103-website-base/book/designFundamentals/cohesion/index.md
2026-10-06T18:58:00.464Z - [36mverbose[39m: Rendering page: /Users/damithch/Repos/nus-cs2103/cs2103-website-base/book/designFundamentals/cohesion/how/index.md
2026-10-06T18:58:00.470Z - [36mverbose[39m: Rendering page: /Users/damithch/Repos/nus-cs2103/cs2103-website-base/book/designFundamentals/abstraction/index.md
2026-10-06T18:58:00.476Z - [36mverbose[39m: Rendering page: /Users/damithch/Repos/nus-cs2103/cs2103-website-base/book/designFundamentals/abstraction/what/index.md
2026-10-06T18:58:00.481Z - [36mverbose[39m: Rendering page: /Users/damithch/Repos/nus-cs2103/cs2103-website-base/book/designApproaches/topDownBottomUp/what/index.md
2026-10-06T18:58:00.550Z - [36mverbose[39m: Rendering page: /Users/damithch/Repos/nus-cs2103/cs2103-website-base/book/designApproaches/topDownBottomUp/index.md
2026-10-06T18:58:00.574Z - [36mverbose[39m: Rendering page: /Users/damithch/Repos/nus-cs2103/cs2103-website-base/book/designApproaches/index.md
2026-10-06T18:58:00.597Z - [36mverbose[39m: Rendering page: /Users/damithch/Repos/nus-cs2103/cs2103-website-base/book/designApproaches/agileDesign/index.md
2026-10-06T18:58:00.603Z - [36mverbose[39m: Rendering page: /Users/damithch/Repos/nus-cs2103/cs2103-website-base/book/designApproaches/agileDesign/what/index.md
2026-10-06T18:58:00.664Z - [36mverbose[39m: Rendering page: /Users/damithch/Repos/nus-cs2103/cs2103-website-base/book/design/introduction/index.md
2026-10-06T18:58:00.670Z - [36mverbose[39m: Rendering page: /Users/damithch/Repos/nus-cs2103/cs2103-website-base/book/design/introduction/what/index.md
2026-10-06T18:58:00.675Z - [36mverbose[39m: Rendering page: /Users/damithch/Repos/nus-cs2103/cs2103-website-base/book/design/index.md
2026-10-06T18:58:00.683Z - [36mverbose[39m: Rendering page: /Users/damithch/Repos/nus-cs2103/cs2103-website-base/book/debugging/what/index.md
2026-10-06T18:58:00.863Z - [36mverbose[39m: Rendering page: /Users/damithch/Repos/nus-cs2103/cs2103-website-base/book/debugging/index.md
2026-10-06T18:58:00.875Z - [36mverbose[39m: Rendering page: /Users/damithch/Repos/nus-cs2103/cs2103-website-base/book/debugging/tools/index.md
2026-10-06T18:58:00.885Z - [36mverbose[39m: Rendering page: /Users/damithch/Repos/nus-cs2103/cs2103-website-base/book/debugging/how/index.md
2026-10-06T18:58:00.892Z - [36mverbose[39m: Rendering page: /Users/damithch/Repos/nus-cs2103/cs2103-website-base/book/debugging/fixing/index.md
2026-10-06T18:58:01.042Z - [36mverbose[39m: Rendering page: /Users/damithch/Repos/nus-cs2103/cs2103-website-base/book/debugging/advanced/index.md
2026-10-06T18:58:01.047Z - [36mverbose[39m: Rendering page: /Users/damithch/Repos/nus-cs2103/cs2103-website-base/book/cppToJava/usefulClasses/wrapperClasses/index.md
2026-10-06T18:58:01.057Z - [36mverbose[39m: Rendering page: /Users/damithch/Repos/nus-cs2103/cs2103-website-base/book/cppToJava/usefulClasses/scannerClass/index.md
2026-10-06T18:58:01.064Z - [36mverbose[39m: Rendering page: /Users/damithch/Repos/nus-cs2103/cs2103-website-base/book/cppToJava/usefulClasses/stringClass/index.md
2026-10-06T18:58:01.281Z - [36mverbose[39m: Rendering page: /Users/damithch/Repos/nus-cs2103/cs2103-website-base/book/cppToJava/usefulClasses/index.md
2026-10-06T18:58:01.304Z - [36mverbose[39m: Rendering page: /Users/damithch/Repos/nus-cs2103/cs2103-website-base/book/cppToJava/usefulClasses/api/index.md
2026-10-06T18:58:01.310Z - [36mverbose[39m: Rendering page: /Users/damithch/Repos/nus-cs2103/cs2103-website-base/book/cppToJava/usefulClasses/arraysClass/index.md
2026-10-06T18:58:01.317Z - [36mverbose[39m: Rendering page: /Users/damithch/Repos/nus-cs2103/cs2103-website-base/book/cppToJava/objects/usingObjects/index.md
2026-10-06T18:58:01.502Z - [36mverbose[39m: Rendering page: /Users/damithch/Repos/nus-cs2103/cs2103-website-base/book/cppToJava/objects/passingObjects/index.md
2026-10-06T18:58:01.512Z - [36mverbose[39m: Rendering page: /Users/damithch/Repos/nus-cs2103/cs2103-website-base/book/cppToJava/objects/index.md
2026-10-06T18:58:01.529Z - [36mverbose[39m: Rendering page: /Users/damithch/Repos/nus-cs2103/cs2103-website-base/book/cppToJava/objects/garbageCollection/index.md
2026-10-06T18:58:01.534Z - [36mverbose[39m: Rendering page: /Users/damithch/Repos/nus-cs2103/cs2103-website-base/book/cppToJava/objects/instanceMembers/index.md
2026-10-06T18:58:01.650Z - [36mverbose[39m: Rendering page: /Users/damithch/Repos/nus-cs2103/cs2103-website-base/book/cppToJava/misc/varargs/index.md
2026-10-06T18:58:01.655Z - [36mverbose[39m: Rendering page: /Users/damithch/Repos/nus-cs2103/cs2103-website-base/book/cppToJava/misc/streams/index.md
2026-10-06T18:58:01.661Z - [36mverbose[39m: Rendering page: /Users/damithch/Repos/nus-cs2103/cs2103-website-base/book/cppToJava/misc/packages/index.md
2026-10-06T18:58:01.671Z - [36mverbose[39m: Rendering page: /Users/damithch/Repos/nus-cs2103/cs2103-website-base/book/cppToJava/misc/javaFX/part02/index.md
2026-10-06T18:58:01.904Z - [36mverbose[39m: Rendering page: /Users/damithch/Repos/nus-cs2103/cs2103-website-base/book/cppToJava/misc/javaFX/index.md
2026-10-06T18:58:01.909Z - [36mverbose[39m: Rendering page: /Users/damithch/Repos/nus-cs2103/cs2103-website-base/book/cppToJava/misc/javaFX/part01/index.md
2026-10-06T18:58:01.921Z - [36mverbose[39m: Rendering page: /Users/damithch/Repos/nus-cs2103/cs2103-website-base/book/cppToJava/misc/jar/index.md
2026-10-06T18:58:01.927Z - [36mverbose[39m: Rendering page: /Users/damithch/Repos/nus-cs2103/cs2103-website-base/book/cppToJava/misc/index.md
2026-10-06T18:58:02.055Z - [36mverbose[39m: Rendering page: /Users/damithch/Repos/nus-cs2103/cs2103-website-base/book/cppToJava/misc/fileAccess/index.md
2026-10-06T18:58:02.063Z - [36mverbose[39m: Rendering page: /Users/damithch/Repos/nus-cs2103/cs2103-website-base/book/cppToJava/misc/constants/index.md
2026-10-06T18:58:02.069Z - [36mverbose[39m: Rendering page: /Users/damithch/Repos/nus-cs2103/cs2103-website-base/book/cppToJava/misc/enums/index.md
2026-10-06T18:58:02.078Z - [36mverbose[39m: Rendering page: /Users/damithch/Repos/nus-cs2103/cs2103-website-base/book/cppToJava/misc/casting/index.md
2026-10-06T18:58:02.174Z - [36mverbose[39m: Rendering page: /Users/damithch/Repos/nus-cs2103/cs2103-website-base/book/cppToJava/misc/accessModifiers/index.md
2026-10-06T18:58:02.180Z - [36mverbose[39m: Rendering page: /Users/damithch/Repos/nus-cs2103/cs2103-website-base/book/cppToJava/junit/index.md
2026-10-06T18:58:02.187Z - [36mverbose[39m: Rendering page: /Users/damithch/Repos/nus-cs2103/cs2103-website-base/book/cppToJava/junit/intermediate/index.md
2026-10-06T18:58:02.193Z - [36mverbose[39m: Rendering page: /Users/damithch/Repos/nus-cs2103/cs2103-website-base/book/cppToJava/junit/basic/index.md
2026-10-06T18:58:02.264Z - [36mverbose[39m: Rendering page: /Users/damithch/Repos/nus-cs2103/cs2103-website-base/book/cppToJava/javaWorld/index.md
2026-10-06T18:58:02.270Z - [36mverbose[39m: Rendering page: /Users/damithch/Repos/nus-cs2103/cs2103-website-base/book/cppToJava/javaWorld/how/index.md
2026-10-06T18:58:02.276Z - [36mverbose[39m: Rendering page: /Users/damithch/Repos/nus-cs2103/cs2103-website-base/book/cppToJava/javaWorld/what/index.md
2026-10-06T18:58:02.285Z - [36mverbose[39m: Rendering page: /Users/damithch/Repos/nus-cs2103/cs2103-website-base/book/cppToJava/javaWorld/editions/index.md
2026-10-06T18:58:02.338Z - [36mverbose[39m: Rendering page: /Users/damithch/Repos/nus-cs2103/cs2103-website-base/admin/tp-supervision.md
2026-10-06T18:58:02.350Z - [36mverbose[39m: Rendering page: /Users/damithch/Repos/nus-cs2103/cs2103-website-base/admin/tp-ped.md
2026-10-06T18:58:02.378Z - [36mverbose[39m: Rendering page: /Users/damithch/Repos/nus-cs2103/cs2103-website-base/admin/tp-overview.md
2026-10-06T18:58:02.610Z - [36mverbose[39m: Rendering page: /Users/damithch/Repos/nus-cs2103/cs2103-website-base/admin/tp-pe.md
2026-10-06T18:58:02.711Z - [36mverbose[39m: Rendering page: /Users/damithch/Repos/nus-cs2103/cs2103-website-base/book/cppToJava/inheritance/polymorphism/index.md
2026-10-06T18:58:02.725Z - [36mverbose[39m: Rendering page: /Users/damithch/Repos/nus-cs2103/cs2103-website-base/book/cppToJava/inheritance/objectClass/index.md
2026-10-06T18:58:02.736Z - [36mverbose[39m: Rendering page: /Users/damithch/Repos/nus-cs2103/cs2103-website-base/book/cppToJava/inheritance/interfaces/index.md
2026-10-06T18:58:02.846Z - [36mverbose[39m: Rendering page: /Users/damithch/Repos/nus-cs2103/cs2103-website-base/book/cppToJava/inheritance/index.md
2026-10-06T18:58:03.113Z - [36mverbose[39m: Rendering page: /Users/damithch/Repos/nus-cs2103/cs2103-website-base/admin/tp-grading.md
2026-10-06T18:58:03.200Z - [36mverbose[39m: Rendering page: /Users/damithch/Repos/nus-cs2103/cs2103-website-base/admin/tp-expectations.md
2026-10-06T18:58:03.224Z - [36mverbose[39m: Rendering page: /Users/damithch/Repos/nus-cs2103/cs2103-website-base/admin/tp-deliverables.md
2026-10-06T18:58:03.240Z - [36mverbose[39m: Rendering page: /Users/damithch/Repos/nus-cs2103/cs2103-website-base/admin/tp-constraints.md
2026-10-06T18:58:04.060Z - [36mverbose[39m: Rendering page: /Users/damithch/Repos/nus-cs2103/cs2103-website-base/admin/tp-common-fragments.md
2026-10-06T18:58:04.076Z - [36mverbose[39m: Rendering page: /Users/damithch/Repos/nus-cs2103/cs2103-website-base/admin/tools.md
2026-10-06T18:58:04.113Z - [36mverbose[39m: Rendering page: /Users/damithch/Repos/nus-cs2103/cs2103-website-base/admin/textbooks.md
2026-10-06T18:58:04.166Z - [36mverbose[39m: Rendering page: /Users/damithch/Repos/nus-cs2103/cs2103-website-base/admin/teamList.md
2026-10-06T18:58:04.241Z - [36mverbose[39m: Rendering page: /Users/damithch/Repos/nus-cs2103/cs2103-website-base/admin/syllabus.md
2026-10-06T18:58:04.250Z - [36mverbose[39m: Rendering page: /Users/damithch/Repos/nus-cs2103/cs2103-website-base/admin/standardsAndConventions.md
2026-10-06T18:58:04.258Z - [36mverbose[39m: Rendering page: /Users/damithch/Repos/nus-cs2103/cs2103-website-base/admin/reposenseAuthorAnnotation.md
2026-10-06T18:58:04.515Z - [36mverbose[39m: Rendering page: /Users/damithch/Repos/nus-cs2103/cs2103-website-base/admin/peerEvaluations.md
2026-10-06T18:58:04.526Z - [36mverbose[39m: Rendering page: /Users/damithch/Repos/nus-cs2103/cs2103-website-base/admin/programmingLanguages.md
2026-10-06T18:58:04.535Z - [36mverbose[39m: Rendering page: /Users/damithch/Repos/nus-cs2103/cs2103-website-base/book/cppToJava/inheritance/basic/index.md
2026-10-06T18:58:04.535Z - [36mverbose[39m: Rendering page: /Users/damithch/Repos/nus-cs2103/cs2103-website-base/admin/participation.md
2026-10-06T18:58:04.544Z - [36mverbose[39m: Rendering page: /Users/damithch/Repos/nus-cs2103/cs2103-website-base/book/cppToJava/inheritance/abstractClassesAndMethods/index.md
2026-10-06T18:58:04.547Z - [36mverbose[39m: Rendering page: /Users/damithch/Repos/nus-cs2103/cs2103-website-base/admin/overview-for-teachers.md
2026-10-06T18:58:04.557Z - [36mverbose[39m: Rendering page: /Users/damithch/Repos/nus-cs2103/cs2103-website-base/book/cppToJava/index.md
2026-10-06T18:58:04.758Z - [36mverbose[39m: Rendering page: /Users/damithch/Repos/nus-cs2103/cs2103-website-base/book/cppToJava/gettingStarted/running/index.md
2026-10-06T18:58:04.789Z - [36mverbose[39m: Rendering page: /Users/damithch/Repos/nus-cs2103/cs2103-website-base/book/cppToJava/gettingStarted/index.md
2026-10-06T18:58:04.801Z - [36mverbose[39m: Rendering page: /Users/damithch/Repos/nus-cs2103/cs2103-website-base/book/cppToJava/gettingStarted/installation/index.md
2026-10-06T18:58:04.821Z - [36mverbose[39m: Rendering page: /Users/damithch/Repos/nus-cs2103/cs2103-website-base/book/cppToJava/gettingStarted/helloWorld/index.md
2026-10-06T18:58:04.901Z - [36mverbose[39m: Rendering page: /Users/damithch/Repos/nus-cs2103/cs2103-website-base/admin/mid-semester-survey-results.md
2026-10-06T18:58:04.924Z - [36mverbose[39m: Rendering page: /Users/damithch/Repos/nus-cs2103/cs2103-website-base/book/cppToJava/gettingStarted/compiling/index.md
2026-10-06T18:58:04.918Z - [36mverbose[39m: Rendering page: /Users/damithch/Repos/nus-cs2103/cs2103-website-base/admin/lectures.md
2026-10-06T18:58:04.927Z - [36mverbose[39m: Rendering page: /Users/damithch/Repos/nus-cs2103/cs2103-website-base/admin/ip-w7.md
2026-10-06T18:58:04.933Z - [36mverbose[39m: Rendering page: /Users/damithch/Repos/nus-cs2103/cs2103-website-base/book/cppToJava/generics/index.md
2026-10-06T18:58:04.943Z - [36mverbose[39m: Rendering page: /Users/damithch/Repos/nus-cs2103/cs2103-website-base/book/cppToJava/generics/what/index.md
2026-10-06T18:58:04.971Z - [36mverbose[39m: Rendering page: /Users/damithch/Repos/nus-cs2103/cs2103-website-base/book/cppToJava/generics/how/index.md
2026-10-06T18:58:05.085Z - [36mverbose[39m: Rendering page: /Users/damithch/Repos/nus-cs2103/cs2103-website-base/book/cppToJava/exceptions/what/index.md
2026-10-06T18:58:05.112Z - [36mverbose[39m: Rendering page: /Users/damithch/Repos/nus-cs2103/cs2103-website-base/book/cppToJava/exceptions/index.md
2026-10-06T18:58:05.126Z - [36mverbose[39m: Rendering page: /Users/damithch/Repos/nus-cs2103/cs2103-website-base/book/cppToJava/exceptions/how/index.md
2026-10-06T18:58:05.182Z - [36mverbose[39m: Rendering page: /Users/damithch/Repos/nus-cs2103/cs2103-website-base/book/cppToJava/dataTypes/variables/index.md
2026-10-06T18:58:05.276Z - [36mverbose[39m: Rendering page: /Users/damithch/Repos/nus-cs2103/cs2103-website-base/book/cppToJava/dataTypes/primitiveTypes/index.md
2026-10-06T18:58:05.325Z - [36mverbose[39m: Rendering page: /Users/damithch/Repos/nus-cs2103/cs2103-website-base/book/cppToJava/dataTypes/operators/index.md
2026-10-06T18:58:05.332Z - [36mverbose[39m: Rendering page: /Users/damithch/Repos/nus-cs2103/cs2103-website-base/book/cppToJava/dataTypes/index.md
2026-10-06T18:58:05.440Z - [36mverbose[39m: Rendering page: /Users/damithch/Repos/nus-cs2103/cs2103-website-base/book/cppToJava/dataTypes/arrays/index.md
2026-10-06T18:58:04.935Z - [36mverbose[39m: Rendering page: /Users/damithch/Repos/nus-cs2103/cs2103-website-base/admin/ip-w8.md
2026-10-06T18:58:05.576Z - [36mverbose[39m: Rendering page: /Users/damithch/Repos/nus-cs2103/cs2103-website-base/book/cppToJava/controlFlow/methods/index.md
2026-10-06T18:58:05.628Z - [36mverbose[39m: Rendering page: /Users/damithch/Repos/nus-cs2103/cs2103-website-base/book/cppToJava/controlFlow/loops/index.md
2026-10-06T18:58:05.644Z - [36mverbose[39m: Rendering page: /Users/damithch/Repos/nus-cs2103/cs2103-website-base/book/cppToJava/controlFlow/index.md
2026-10-06T18:58:05.781Z - [36mverbose[39m: Rendering page: /Users/damithch/Repos/nus-cs2103/cs2103-website-base/book/cppToJava/controlFlow/branching/index.md
2026-10-06T18:58:05.791Z - [36mverbose[39m: Rendering page: /Users/damithch/Repos/nus-cs2103/cs2103-website-base/book/cppToJava/collections/what/index.md
2026-10-06T18:58:05.796Z - [36mverbose[39m: Rendering page: /Users/damithch/Repos/nus-cs2103/cs2103-website-base/book/cppToJava/collections/index.md
2026-10-06T18:58:05.809Z - [36mverbose[39m: Rendering page: /Users/damithch/Repos/nus-cs2103/cs2103-website-base/book/cppToJava/collections/hashMapClass/index.md
2026-10-06T18:58:06.020Z - [36mverbose[39m: Rendering page: /Users/damithch/Repos/nus-cs2103/cs2103-website-base/book/cppToJava/collections/arrayListClass/index.md
2026-10-06T18:58:06.029Z - [36mverbose[39m: Rendering page: /Users/damithch/Repos/nus-cs2103/cs2103-website-base/book/cppToJava/classes/index.md
2026-10-06T18:58:06.084Z - [36mverbose[39m: Rendering page: /Users/damithch/Repos/nus-cs2103/cs2103-website-base/book/cppToJava/classes/gettersAndSetters/index.md
2026-10-06T18:58:06.091Z - [36mverbose[39m: Rendering page: /Users/damithch/Repos/nus-cs2103/cs2103-website-base/book/cppToJava/classes/definingClasses/index.md
2026-10-06T18:58:06.152Z - [36mverbose[39m: Rendering page: /Users/damithch/Repos/nus-cs2103/cs2103-website-base/book/cppToJava/classes/classLevelMembers/index.md
2026-10-06T18:58:06.162Z - [36mverbose[39m: Rendering page: /Users/damithch/Repos/nus-cs2103/cs2103-website-base/book/cppToJava/about/index.md
2026-10-06T18:58:06.184Z - [36mverbose[39m: Rendering page: /Users/damithch/Repos/nus-cs2103/cs2103-website-base/book/codeQuality/nameWell/introduction/index.md
2026-10-06T18:58:06.223Z - [36mverbose[39m: Rendering page: /Users/damithch/Repos/nus-cs2103/cs2103-website-base/book/codeQuality/nameWell/intermediate/useNameExplain/index.md
2026-10-06T18:58:06.231Z - [36mverbose[39m: Rendering page: /Users/damithch/Repos/nus-cs2103/cs2103-website-base/book/codeQuality/nameWell/intermediate/notTooLongNorShort/index.md
2026-10-06T18:58:06.286Z - [36mverbose[39m: Rendering page: /Users/damithch/Repos/nus-cs2103/cs2103-website-base/book/codeQuality/nameWell/intermediate/index.md
2026-10-06T18:58:06.359Z - [36mverbose[39m: Rendering page: /Users/damithch/Repos/nus-cs2103/cs2103-website-base/book/codeQuality/nameWell/intermediate/avoidMisleadingNames/index.md
2026-10-06T18:58:06.383Z - [36mverbose[39m: Rendering page: /Users/damithch/Repos/nus-cs2103/cs2103-website-base/book/codeQuality/nameWell/index.md
2026-10-06T18:58:06.432Z - [36mverbose[39m: Rendering page: /Users/damithch/Repos/nus-cs2103/cs2103-website-base/book/codeQuality/nameWell/basic/useStandardWords/index.md
2026-10-06T18:58:06.438Z - [36mverbose[39m: Rendering page: /Users/damithch/Repos/nus-cs2103/cs2103-website-base/book/codeQuality/nameWell/basic/nounsAndVerbsAsNames/index.md
2026-10-06T18:58:06.447Z - [36mverbose[39m: Rendering page: /Users/damithch/Repos/nus-cs2103/cs2103-website-base/book/codeQuality/nameWell/basic/index.md
2026-10-06T18:58:06.472Z - [36mverbose[39m: Rendering page: /Users/damithch/Repos/nus-cs2103/cs2103-website-base/book/codeQuality/maximizeReadability/introduction/index.md
2026-10-06T18:58:06.581Z - [36mverbose[39m: Rendering page: /Users/damithch/Repos/nus-cs2103/cs2103-website-base/book/codeQuality/maximizeReadability/intermediate/structureCodeLogically/index.md
2026-10-06T18:58:06.587Z - [36mverbose[39m: Rendering page: /Users/damithch/Repos/nus-cs2103/cs2103-website-base/book/codeQuality/maximizeReadability/intermediate/slapHard/index.md
2026-10-06T18:58:06.594Z - [36mverbose[39m: Rendering page: /Users/damithch/Repos/nus-cs2103/cs2103-website-base/book/codeQuality/maximizeReadability/intermediate/practiceKISSing/index.md
2026-10-06T18:58:06.601Z - [36mverbose[39m: Rendering page: /Users/damithch/Repos/nus-cs2103/cs2103-website-base/book/codeQuality/maximizeReadability/intermediate/index.md
2026-10-06T18:58:06.785Z - [36mverbose[39m: Rendering page: /Users/damithch/Repos/nus-cs2103/cs2103-website-base/book/codeQuality/maximizeReadability/intermediate/dontTripReader/index.md
2026-10-06T18:58:06.790Z - [36mverbose[39m: Rendering page: /Users/damithch/Repos/nus-cs2103/cs2103-website-base/book/codeQuality/maximizeReadability/intermediate/avoidPrematureOptimizations/index.md
2026-10-06T18:58:06.796Z - [36mverbose[39m: Rendering page: /Users/damithch/Repos/nus-cs2103/cs2103-website-base/book/codeQuality/maximizeReadability/index.md
2026-10-06T18:58:06.814Z - [36mverbose[39m: Rendering page: /Users/damithch/Repos/nus-cs2103/cs2103-website-base/book/codeQuality/maximizeReadability/basic/makeCodeObvious/index.md
2026-10-06T18:58:06.945Z - [36mverbose[39m: Rendering page: /Users/damithch/Repos/nus-cs2103/cs2103-website-base/book/codeQuality/maximizeReadability/basic/index.md
2026-10-06T18:58:06.956Z - [36mverbose[39m: Rendering page: /Users/damithch/Repos/nus-cs2103/cs2103-website-base/book/codeQuality/maximizeReadability/basic/avoidLongMethods/index.md
2026-10-06T18:58:06.961Z - [36mverbose[39m: Rendering page: /Users/damithch/Repos/nus-cs2103/cs2103-website-base/book/codeQuality/maximizeReadability/basic/avoidMagicNumbers/index.md
2026-10-06T18:58:06.990Z - [36mverbose[39m: Rendering page: /Users/damithch/Repos/nus-cs2103/cs2103-website-base/book/codeQuality/maximizeReadability/basic/avoidDeepNesting/index.md
2026-10-06T18:58:07.065Z - [36mverbose[39m: Rendering page: /Users/damithch/Repos/nus-cs2103/cs2103-website-base/book/codeQuality/maximizeReadability/basic/avoidComplicatedExpressions/index.md
2026-10-06T18:58:07.087Z - [36mverbose[39m: Rendering page: /Users/damithch/Repos/nus-cs2103/cs2103-website-base/book/codeQuality/introduction/index.md
2026-10-06T18:58:07.092Z - [36mverbose[39m: Rendering page: /Users/damithch/Repos/nus-cs2103/cs2103-website-base/book/codeQuality/maximizeReadability/advanced/index.md
2026-10-06T18:58:07.101Z - [36mverbose[39m: Rendering page: /Users/damithch/Repos/nus-cs2103/cs2103-website-base/book/codeQuality/maximizeReadability/advanced/makeHappyPathProminent/index.md
2026-10-06T18:58:07.486Z - [36mverbose[39m: Rendering page: /Users/damithch/Repos/nus-cs2103/cs2103-website-base/book/codeQuality/introduction/basic/index.md
2026-10-06T18:58:07.494Z - [36mverbose[39m: Rendering page: /Users/damithch/Repos/nus-cs2103/cs2103-website-base/book/codeQuality/followStandard/introduction/index.md
2026-10-06T18:58:07.500Z - [36mverbose[39m: Rendering page: /Users/damithch/Repos/nus-cs2103/cs2103-website-base/book/codeQuality/followStandard/intermediate/index.md
2026-10-06T18:58:07.505Z - [36mverbose[39m: Rendering page: /Users/damithch/Repos/nus-cs2103/cs2103-website-base/book/codeQuality/index.md
2026-10-06T18:58:07.647Z - [36mverbose[39m: Rendering page: /Users/damithch/Repos/nus-cs2103/cs2103-website-base/book/codeQuality/followStandard/index.md
2026-10-06T18:58:07.657Z - [36mverbose[39m: Rendering page: /Users/damithch/Repos/nus-cs2103/cs2103-website-base/book/codeQuality/commentMinimally/introduction/index.md
2026-10-06T18:58:07.662Z - [36mverbose[39m: Rendering page: /Users/damithch/Repos/nus-cs2103/cs2103-website-base/book/codeQuality/followStandard/basic/index.md
2026-10-06T18:58:07.667Z - [36mverbose[39m: Rendering page: /Users/damithch/Repos/nus-cs2103/cs2103-website-base/book/codeQuality/commentMinimally/intermediate/index.md
2026-10-06T18:58:07.757Z - [36mverbose[39m: Rendering page: /Users/damithch/Repos/nus-cs2103/cs2103-website-base/admin/ip-w6.md
2026-10-06T18:58:07.782Z - [36mverbose[39m: Rendering page: /Users/damithch/Repos/nus-cs2103/cs2103-website-base/admin/ip-w5.md
2026-10-06T18:58:07.798Z - [36mverbose[39m: Rendering page: /Users/damithch/Repos/nus-cs2103/cs2103-website-base/admin/ip-w3.md
2026-10-06T18:58:07.804Z - [36mverbose[39m: Rendering page: /Users/damithch/Repos/nus-cs2103/cs2103-website-base/book/codeQuality/commentMinimally/intermediate/explainWhatWhyNotHow/index.md
2026-10-06T18:58:07.810Z - [36mverbose[39m: Rendering page: /Users/damithch/Repos/nus-cs2103/cs2103-website-base/book/codeQuality/commentMinimally/index.md
2026-10-06T18:58:07.823Z - [36mverbose[39m: Rendering page: /Users/damithch/Repos/nus-cs2103/cs2103-website-base/book/codeQuality/commentMinimally/basic/index.md
2026-10-06T18:58:07.831Z - [36mverbose[39m: Rendering page: /Users/damithch/Repos/nus-cs2103/cs2103-website-base/book/codeQuality/commentMinimally/basic/writeToReader/index.md
2026-10-06T18:58:07.906Z - [36mverbose[39m: Rendering page: /Users/damithch/Repos/nus-cs2103/cs2103-website-base/book/codeQuality/avoidShortcuts/introduction/index.md
2026-10-06T18:58:07.911Z - [36mverbose[39m: Rendering page: /Users/damithch/Repos/nus-cs2103/cs2103-website-base/book/codeQuality/commentMinimally/basic/dontRepeatObvious/index.md
2026-10-06T18:58:07.945Z - [36mverbose[39m: Rendering page: /Users/damithch/Repos/nus-cs2103/cs2103-website-base/book/codeQuality/avoidShortcuts/intermediate/minimiseVariableScope/index.md
2026-10-06T18:58:07.950Z - [36mverbose[39m: Rendering page: /Users/damithch/Repos/nus-cs2103/cs2103-website-base/book/codeQuality/avoidShortcuts/intermediate/minimiseCodeDuplication/index.md
2026-10-06T18:58:08.082Z - [36mverbose[39m: Rendering page: /Users/damithch/Repos/nus-cs2103/cs2103-website-base/book/codeQuality/avoidShortcuts/intermediate/index.md
2026-10-06T18:58:08.090Z - [36mverbose[39m: Rendering page: /Users/damithch/Repos/nus-cs2103/cs2103-website-base/book/codeQuality/avoidShortcuts/index.md
2026-10-06T18:58:08.129Z - [36mverbose[39m: Rendering page: /Users/damithch/Repos/nus-cs2103/cs2103-website-base/book/codeQuality/avoidShortcuts/basic/index.md
2026-10-06T18:58:08.158Z - [36mverbose[39m: Rendering page: /Users/damithch/Repos/nus-cs2103/cs2103-website-base/book/codeQuality/avoidShortcuts/basic/useDefaultBranch/index.md
2026-10-06T18:58:08.169Z - [36mverbose[39m: Rendering page: /Users/damithch/Repos/nus-cs2103/cs2103-website-base/book/codeQuality/avoidShortcuts/basic/dontRecycleVarsOrParams/index.md
2026-10-06T18:58:08.205Z - [36mverbose[39m: Rendering page: /Users/damithch/Repos/nus-cs2103/cs2103-website-base/book/codeQuality/avoidShortcuts/basic/deleteDeadCode/index.md
2026-10-06T18:58:08.323Z - [36mverbose[39m: Rendering page: /Users/damithch/Repos/nus-cs2103/cs2103-website-base/book/codeQuality/avoidShortcuts/basic/avoidEmptyCatchBlocks/index.md
2026-10-06T18:58:08.332Z - [36mverbose[39m: Rendering page: /Users/damithch/Repos/nus-cs2103/cs2103-website-base/book/architecture/introduction/what/index.md
2026-10-06T18:58:08.339Z - [36mverbose[39m: Rendering page: /Users/damithch/Repos/nus-cs2103/cs2103-website-base/book/architecture/introduction/why/index.md
2026-10-06T18:58:08.372Z - [36mverbose[39m: Rendering page: /Users/damithch/Repos/nus-cs2103/cs2103-website-base/book/architecture/introduction/index.md
2026-10-06T18:58:08.636Z - [36mverbose[39m: Rendering page: /Users/damithch/Repos/nus-cs2103/cs2103-website-base/book/architecture/introduction/components/index.md
2026-10-06T18:58:08.644Z - [36mverbose[39m: Rendering page: /Users/damithch/Repos/nus-cs2103/cs2103-website-base/book/architecture/index.md
2026-10-06T18:58:08.667Z - [36mverbose[39m: Rendering page: /Users/damithch/Repos/nus-cs2103/cs2103-website-base/book/architecture/architectureDiagrams/views/index.md
2026-10-06T18:58:08.678Z - [36mverbose[39m: Rendering page: /Users/damithch/Repos/nus-cs2103/cs2103-website-base/book/architecture/architectureDiagrams/reading/index.md
2026-10-06T18:58:08.771Z - [36mverbose[39m: Rendering page: /Users/damithch/Repos/nus-cs2103/cs2103-website-base/book/architecture/architectureDiagrams/index.md
2026-10-06T18:58:08.809Z - [36mverbose[39m: Rendering page: /Users/damithch/Repos/nus-cs2103/cs2103-website-base/book/architecture/architecturalStyles/serviceOriented/what/index.md
2026-10-06T18:58:08.815Z - [36mverbose[39m: Rendering page: /Users/damithch/Repos/nus-cs2103/cs2103-website-base/book/architecture/architectureDiagrams/drawing/index.md
2026-10-06T18:58:08.846Z - [36mverbose[39m: Rendering page: /Users/damithch/Repos/nus-cs2103/cs2103-website-base/book/architecture/architecturalStyles/serviceOriented/index.md
2026-10-06T18:58:08.903Z - [36mverbose[39m: Rendering page: /Users/damithch/Repos/nus-cs2103/cs2103-website-base/book/architecture/architecturalStyles/more/usingStyles/index.md
2026-10-06T18:58:08.931Z - [36mverbose[39m: Rendering page: /Users/damithch/Repos/nus-cs2103/cs2103-website-base/book/architecture/architecturalStyles/more/index.md
2026-10-06T18:58:08.940Z - [36mverbose[39m: Rendering page: /Users/damithch/Repos/nus-cs2103/cs2103-website-base/book/architecture/architecturalStyles/more/moreStyles/index.md
2026-10-06T18:58:08.965Z - [36mverbose[39m: Rendering page: /Users/damithch/Repos/nus-cs2103/cs2103-website-base/book/architecture/architecturalStyles/monolith/what/index.md
2026-10-06T18:58:09.028Z - [36mverbose[39m: Rendering page: /Users/damithch/Repos/nus-cs2103/cs2103-website-base/book/architecture/architecturalStyles/monolith/index.md
2026-10-06T18:58:09.034Z - [36mverbose[39m: Rendering page: /Users/damithch/Repos/nus-cs2103/cs2103-website-base/book/architecture/architecturalStyles/layered/index.md
2026-10-06T18:58:09.040Z - [36mverbose[39m: Rendering page: /Users/damithch/Repos/nus-cs2103/cs2103-website-base/book/architecture/architecturalStyles/layered/what/index.md
2026-10-06T18:58:09.080Z - [36mverbose[39m: Rendering page: /Users/damithch/Repos/nus-cs2103/cs2103-website-base/admin/ip-w4.md
2026-10-06T18:58:09.187Z - [36mverbose[39m: Rendering page: /Users/damithch/Repos/nus-cs2103/cs2103-website-base/book/architecture/architecturalStyles/introduction/what/index.md
2026-10-06T18:58:09.195Z - [36mverbose[39m: Rendering page: /Users/damithch/Repos/nus-cs2103/cs2103-website-base/book/architecture/architecturalStyles/introduction/index.md
2026-10-06T18:58:09.221Z - [36mverbose[39m: Rendering page: /Users/damithch/Repos/nus-cs2103/cs2103-website-base/book/architecture/architecturalStyles/index.md
2026-10-06T18:58:09.236Z - [36mverbose[39m: Rendering page: /Users/damithch/Repos/nus-cs2103/cs2103-website-base/book/architecture/architecturalStyles/eventDriven/what/index.md
2026-10-06T18:58:09.265Z - [36mverbose[39m: Rendering page: /Users/damithch/Repos/nus-cs2103/cs2103-website-base/book/architecture/architecturalStyles/eventDriven/index.md
2026-10-06T18:58:09.406Z - [36mverbose[39m: Rendering page: /Users/damithch/Repos/nus-cs2103/cs2103-website-base/book/architecture/architecturalStyles/clientServer/what/index.md
2026-10-06T18:58:09.455Z - [36mverbose[39m: Rendering page: /Users/damithch/Repos/nus-cs2103/cs2103-website-base/book/architecture/architecturalStyles/clientServer/index.md
2026-10-06T18:58:09.885Z - [36mverbose[39m: Rendering page: /Users/damithch/Repos/nus-cs2103/cs2103-website-base/book/combined/exercises.md
2026-10-06T18:58:09.901Z - [36mverbose[39m: Rendering page: /Users/damithch/Repos/nus-cs2103/cs2103-website-base/se-book-adapted/git-trail/index.md
2026-10-06T18:58:10.089Z - [36mverbose[39m: Rendering page: /Users/damithch/Repos/nus-cs2103/cs2103-website-base/admin/ip-w2.md
2026-10-06T18:58:10.153Z - [36mverbose[39m: Rendering page: /Users/damithch/Repos/nus-cs2103/cs2103-website-base/admin/ip-showcase.md
2026-10-06T18:58:10.211Z - [36mverbose[39m: Rendering page: /Users/damithch/Repos/nus-cs2103/cs2103-website-base/admin/ip-overview.md
2026-10-06T18:58:10.222Z - [36mverbose[39m: Rendering page: /Users/damithch/Repos/nus-cs2103/cs2103-website-base/admin/ip-grading.md
2026-10-06T18:58:10.278Z - [36mverbose[39m: Rendering page: /Users/damithch/Repos/nus-cs2103/cs2103-website-base/se-book-adapted/common/exercises.md
2026-10-06T18:58:10.290Z - [36mverbose[39m: Rendering page: /Users/damithch/Repos/nus-cs2103/cs2103-website-base/se-book-adapted/common/definitions.md
2026-10-06T18:58:10.300Z - [36mverbose[39m: Rendering page: /Users/damithch/Repos/nus-cs2103/cs2103-website-base/se-book-adapted/chapters-printable/uml-printable.md
2026-10-06T18:58:10.479Z - [36mverbose[39m: Rendering page: /Users/damithch/Repos/nus-cs2103/cs2103-website-base/se-book-adapted/chapters-printable/testing-printable.md
2026-10-06T18:58:10.647Z - [36mverbose[39m: Rendering page: /Users/damithch/Repos/nus-cs2103/cs2103-website-base/se-book-adapted/chapters-printable/teamwork-printable.md
2026-10-06T18:58:10.688Z - [36mverbose[39m: Rendering page: /Users/damithch/Repos/nus-cs2103/cs2103-website-base/se-book-adapted/chapters-printable/testCaseDesign-printable.md
2026-10-06T18:58:10.754Z - [36mverbose[39m: Rendering page: /Users/damithch/Repos/nus-cs2103/cs2103-website-base/se-book-adapted/chapters-printable/specifyingRequirements-printable.md
2026-10-06T18:58:10.821Z - [36mverbose[39m: Rendering page: /Users/damithch/Repos/nus-cs2103/cs2103-website-base/se-book-adapted/chapters-printable/softwareEngineering-printable.md
2026-10-06T18:58:10.881Z - [36mverbose[39m: Rendering page: /Users/damithch/Repos/nus-cs2103/cs2103-website-base/se-book-adapted/chapters-printable/reuse-printable.md
2026-10-06T18:58:10.889Z - [36mverbose[39m: Rendering page: /Users/damithch/Repos/nus-cs2103/cs2103-website-base/se-book-adapted/chapters-printable/security-printable.md
2026-10-06T18:58:11.041Z - [36mverbose[39m: Rendering page: /Users/damithch/Repos/nus-cs2103/cs2103-website-base/se-book-adapted/chapters-printable/requirements-printable.md
2026-10-06T18:58:11.056Z - [36mverbose[39m: Rendering page: /Users/damithch/Repos/nus-cs2103/cs2103-website-base/admin/instructors.md
2026-10-06T18:58:11.051Z - [36mverbose[39m: Rendering page: /Users/damithch/Repos/nus-cs2103/cs2103-website-base/se-book-adapted/chapters-printable/refactoring-printable.md
2026-10-06T18:58:11.073Z - [36mverbose[39m: Rendering page: /Users/damithch/Repos/nus-cs2103/cs2103-website-base/admin/index.md
2026-10-06T18:58:11.083Z - [36mverbose[39m: Rendering page: /Users/damithch/Repos/nus-cs2103/cs2103-website-base/admin/gradeBreakdown.md
2026-10-06T18:58:11.112Z - [36mverbose[39m: Rendering page: /Users/damithch/Repos/nus-cs2103/cs2103-website-base/se-book-adapted/chapters-printable/qualityAssurance-printable.md
2026-10-06T18:58:11.102Z - [36mverbose[39m: Rendering page: /Users/damithch/Repos/nus-cs2103/cs2103-website-base/admin/exams.md
2026-10-06T18:58:11.128Z - [36mverbose[39m: Rendering page: /Users/damithch/Repos/nus-cs2103/cs2103-website-base/se-book-adapted/chapters-printable/projectPlanning-printable.md
2026-10-06T18:58:11.248Z - [36mverbose[39m: Rendering page: /Users/damithch/Repos/nus-cs2103/cs2103-website-base/admin/exams-f2f.md
2026-10-06T18:58:11.256Z - [36mverbose[39m: Rendering page: /Users/damithch/Repos/nus-cs2103/cs2103-website-base/admin/exam-reference-sheet.md
2026-10-06T18:58:11.261Z - [36mverbose[39m: Rendering page: /Users/damithch/Repos/nus-cs2103/cs2103-website-base/admin/exam-pen-and-paper.md
2026-10-06T18:58:11.268Z - [36mverbose[39m: Rendering page: /Users/damithch/Repos/nus-cs2103/cs2103-website-base/admin/courseOverview.md
2026-10-06T18:58:11.436Z - [36mverbose[39m: Rendering page: /Users/damithch/Repos/nus-cs2103/cs2103-website-base/admin/courseExpectations.md
2026-10-06T18:58:11.449Z - [36mverbose[39m: Rendering page: /Users/damithch/Repos/nus-cs2103/cs2103-website-base/admin/courseBriefings.md
2026-10-06T18:58:11.460Z - [36mverbose[39m: Rendering page: /Users/damithch/Repos/nus-cs2103/cs2103-website-base/admin/appendixG-troubleshooting.md
2026-10-06T18:58:11.471Z - [36mverbose[39m: Rendering page: /Users/damithch/Repos/nus-cs2103/cs2103-website-base/admin/appendixH-tipsFromStudents.md
2026-10-06T18:58:11.765Z - [36mverbose[39m: Rendering page: /Users/damithch/Repos/nus-cs2103/cs2103-website-base/se-book-adapted/chapters-printable/processModels-printable.md
2026-10-06T18:58:11.775Z - [36mverbose[39m: Rendering page: /Users/damithch/Repos/nus-cs2103/cs2103-website-base/se-book-adapted/chapters-printable/principles-printable.md
2026-10-06T18:58:11.809Z - [36mverbose[39m: Rendering page: /Users/damithch/Repos/nus-cs2103/cs2103-website-base/admin/appendixG-CS2103R.md
2026-10-06T18:58:11.817Z - [36mverbose[39m: Rendering page: /Users/damithch/Repos/nus-cs2103/cs2103-website-base/se-book-adapted/chapters-printable/oop-printable.md
2026-10-06T18:58:11.814Z - [36mverbose[39m: Rendering page: /Users/damithch/Repos/nus-cs2103/cs2103-website-base/admin/appendixF-teamworkIssues.md
2026-10-06T18:58:11.825Z - [36mverbose[39m: Rendering page: /Users/damithch/Repos/nus-cs2103/cs2103-website-base/admin/appendixD-help.md
2026-10-06T18:58:11.841Z - [36mverbose[39m: Rendering page: /Users/damithch/Repos/nus-cs2103/cs2103-website-base/se-book-adapted/chapters-printable/modeling-printable.md
2026-10-06T18:58:11.904Z - [36mverbose[39m: Rendering page: /Users/damithch/Repos/nus-cs2103/cs2103-website-base/se-book-adapted/chapters-printable/intellij-printable.md
2026-10-06T18:58:11.990Z - [36mverbose[39m: Rendering page: /Users/damithch/Repos/nus-cs2103/cs2103-website-base/se-book-adapted/chapters-printable/integration-printable.md
2026-10-06T18:58:12.068Z - [36mverbose[39m: Rendering page: /Users/damithch/Repos/nus-cs2103/cs2103-website-base/se-book-adapted/chapters-printable/ides-printable.md
2026-10-06T18:58:12.073Z - [36mverbose[39m: Rendering page: /Users/damithch/Repos/nus-cs2103/cs2103-website-base/se-book-adapted/chapters-printable/gatheringRequirements-printable.md
2026-10-06T18:58:12.132Z - [36mverbose[39m: Rendering page: /Users/damithch/Repos/nus-cs2103/cs2103-website-base/se-book-adapted/chapters-printable/errorHandling-printable.md
2026-10-06T18:58:12.262Z - [36mverbose[39m: Rendering page: /Users/damithch/Repos/nus-cs2103/cs2103-website-base/se-book-adapted/chapters-printable/documentation-printable.md
2026-10-06T18:58:12.300Z - [36mverbose[39m: Rendering page: /Users/damithch/Repos/nus-cs2103/cs2103-website-base/se-book-adapted/chapters-printable/designPatterns-printable.md
2026-10-06T18:58:12.313Z - [36mverbose[39m: Rendering page: /Users/damithch/Repos/nus-cs2103/cs2103-website-base/se-book-adapted/chapters-printable/designFundamentals-printable.md
2026-10-06T18:58:12.348Z - [36mverbose[39m: Rendering page: /Users/damithch/Repos/nus-cs2103/cs2103-website-base/se-book-adapted/chapters-printable/designApproaches-printable.md
2026-10-06T18:58:13.121Z - [36mverbose[39m: Rendering page: /Users/damithch/Repos/nus-cs2103/cs2103-website-base/se-book-adapted/chapters-printable/design-printable.md
2026-10-06T18:58:13.322Z - [36mverbose[39m: Rendering page: /Users/damithch/Repos/nus-cs2103/cs2103-website-base/se-book-adapted/chapters-printable/debugging-printable.md
2026-10-06T18:58:13.429Z - [36mverbose[39m: Rendering page: /Users/damithch/Repos/nus-cs2103/cs2103-website-base/se-book-adapted/chapters-printable/cppToJava-printable.md
2026-10-06T18:58:13.515Z - [36mverbose[39m: Rendering page: /Users/damithch/Repos/nus-cs2103/cs2103-website-base/se-book-adapted/chapters-printable/codeQuality-printable.md
2026-10-06T18:58:14.415Z - [36mverbose[39m: Rendering page: /Users/damithch/Repos/nus-cs2103/cs2103-website-base/se-book-adapted/chapters-printable/architecture-printable.md
2026-10-06T18:58:14.687Z - [36mverbose[39m: Rendering page: /Users/damithch/Repos/nus-cs2103/cs2103-website-base/se-book-adapted/chapters/uml.md
2026-10-06T18:58:11.835Z - [36mverbose[39m: Rendering page: /Users/damithch/Repos/nus-cs2103/cs2103-website-base/admin/appendixE-gitHub.md
2026-10-06T18:58:14.694Z - [36mverbose[39m: Rendering page: /Users/damithch/Repos/nus-cs2103/cs2103-website-base/admin/appendixC-faq.md
2026-10-06T18:58:14.776Z - [36mverbose[39m: Rendering page: /Users/damithch/Repos/nus-cs2103/cs2103-website-base/se-book-adapted/chapters/testing.md
2026-10-06T18:58:14.777Z - [32minfo[39m: Pages built
2026-10-06T18:58:14.824Z - [36mverbose[39m: Rendering page: /Users/damithch/Repos/nus-cs2103/cs2103-website-base/se-book-adapted/chapters/testCaseDesign.md
2026-10-06T18:58:14.868Z - [32minfo[39m: Site data built
2026-10-06T18:58:14.868Z - [32minfo[39m: Website generation complete! Total build time: 108.254s
2026-10-06T18:58:14.868Z - [32minfo[39m: Build success!
2026-10-06T18:58:14.881Z - [36mverbose[39m: Rendering page: /Users/damithch/Repos/nus-cs2103/cs2103-website-base/se-book-adapted/chapters/test.md
2026-10-06T18:58:15.154Z - [36mverbose[39m: Rendering page: /Users/damithch/Repos/nus-cs2103/cs2103-website-base/se-book-adapted/chapters/teamwork.md
2026-10-06T18:58:15.383Z - [36mverbose[39m: Rendering page: /Users/damithch/Repos/nus-cs2103/cs2103-website-base/se-book-adapted/chapters/softwareEngineering.md
2026-10-06T18:58:15.391Z - [36mverbose[39m: Rendering page: /Users/damithch/Repos/nus-cs2103/cs2103-website-base/se-book-adapted/chapters/specifyingRequirements.md
2026-10-06T18:58:15.417Z - [36mverbose[39m: Rendering page: /Users/damithch/Repos/nus-cs2103/cs2103-website-base/se-book-adapted/chapters/security.md
2026-10-06T18:58:15.502Z - [36mverbose[39m: Rendering page: /Users/damithch/Repos/nus-cs2103/cs2103-website-base/se-book-adapted/chapters/reuse.md
2026-10-06T18:58:15.631Z - [36mverbose[39m: Rendering page: /Users/damithch/Repos/nus-cs2103/cs2103-website-base/se-book-adapted/chapters/requirements.md
2026-10-06T18:58:15.695Z - [36mverbose[39m: Rendering page: /Users/damithch/Repos/nus-cs2103/cs2103-website-base/se-book-adapted/chapters/refactoring.md
2026-10-06T18:58:15.706Z - [36mverbose[39m: Rendering page: /Users/damithch/Repos/nus-cs2103/cs2103-website-base/se-book-adapted/chapters/qualityAssurance.md
2026-10-06T18:58:15.719Z - [36mverbose[39m: Rendering page: /Users/damithch/Repos/nus-cs2103/cs2103-website-base/se-book-adapted/chapters/projectPlanning.md
2026-10-06T18:58:16.783Z - [36mverbose[39m: Rendering page: /Users/damithch/Repos/nus-cs2103/cs2103-website-base/se-book-adapted/chapters/processModels.md
2026-10-06T18:58:16.800Z - [36mverbose[39m: Rendering page: /Users/damithch/Repos/nus-cs2103/cs2103-website-base/se-book-adapted/chapters/principles.md
2026-10-06T18:58:16.823Z - [36mverbose[39m: Rendering page: /Users/damithch/Repos/nus-cs2103/cs2103-website-base/se-book-adapted/chapters/oop.md
2026-10-06T18:58:16.891Z - [36mverbose[39m: Rendering page: /Users/damithch/Repos/nus-cs2103/cs2103-website-base/se-book-adapted/chapters/modeling.md
2026-10-06T18:58:17.040Z - [36mverbose[39m: Rendering page: /Users/damithch/Repos/nus-cs2103/cs2103-website-base/se-book-adapted/chapters/intellij.md
2026-10-06T18:58:17.110Z - [36mverbose[39m: Rendering page: /Users/damithch/Repos/nus-cs2103/cs2103-website-base/se-book-adapted/chapters/integration.md
2026-10-06T18:58:17.120Z - [36mverbose[39m: Rendering page: /Users/damithch/Repos/nus-cs2103/cs2103-website-base/se-book-adapted/chapters/ides.md
2026-10-06T18:58:17.357Z - [36mverbose[39m: Rendering page: /Users/damithch/Repos/nus-cs2103/cs2103-website-base/se-book-adapted/chapters/gatheringRequirements.md
2026-10-06T18:58:17.667Z - [36mverbose[39m: Rendering page: /Users/damithch/Repos/nus-cs2103/cs2103-website-base/se-book-adapted/chapters/errorHandling.md
2026-10-06T18:58:17.693Z - [36mverbose[39m: Rendering page: /Users/damithch/Repos/nus-cs2103/cs2103-website-base/se-book-adapted/chapters/documentation.md
2026-10-06T18:58:17.707Z - [36mverbose[39m: Rendering page: /Users/damithch/Repos/nus-cs2103/cs2103-website-base/se-book-adapted/chapters/designFundamentals.md
2026-10-06T18:58:17.721Z - [36mverbose[39m: Rendering page: /Users/damithch/Repos/nus-cs2103/cs2103-website-base/se-book-adapted/chapters/designPatterns.md
2026-10-06T18:58:19.473Z - [36mverbose[39m: Rendering page: /Users/damithch/Repos/nus-cs2103/cs2103-website-base/se-book-adapted/chapters/designApproaches.md
2026-10-06T18:58:19.485Z - [36mverbose[39m: Rendering page: /Users/damithch/Repos/nus-cs2103/cs2103-website-base/se-book-adapted/chapters/design.md
2026-10-06T18:58:19.496Z - [36mverbose[39m: Rendering page: /Users/damithch/Repos/nus-cs2103/cs2103-website-base/se-book-adapted/chapters/debugging.md
2026-10-06T18:58:19.820Z - [36mverbose[39m: Rendering page: /Users/damithch/Repos/nus-cs2103/cs2103-website-base/se-book-adapted/chapters/cppToJava.md
2026-10-06T18:58:20.140Z - [36mverbose[39m: Rendering page: /Users/damithch/Repos/nus-cs2103/cs2103-website-base/se-book-adapted/chapters/codeQuality.md
2026-10-06T18:58:20.189Z - [36mverbose[39m: Rendering page: /Users/damithch/Repos/nus-cs2103/cs2103-website-base/se-book-adapted/chapters/architecture.md
2026-10-06T18:58:20.296Z - [36mverbose[39m: Rendering page: /Users/damithch/Repos/nus-cs2103/cs2103-website-base/se-book-adapted/index.md
2026-10-06T18:58:20.423Z - [36mverbose[39m: Rendering page: /Users/damithch/Repos/nus-cs2103/cs2103-website-base/book/about/acknowledgements.md
2026-10-06T18:58:20.484Z - [36mverbose[39m: Rendering page: /Users/damithch/Repos/nus-cs2103/cs2103-website-base/schedule/week9/tutorial.md
2026-10-06T18:58:20.494Z - [36mverbose[39m: Rendering page: /Users/damithch/Repos/nus-cs2103/cs2103-website-base/schedule/week8/tutorial.md
2026-10-06T18:58:20.503Z - [36mverbose[39m: Rendering page: /Users/damithch/Repos/nus-cs2103/cs2103-website-base/schedule/week6/tutorial.md
2026-10-06T18:58:21.057Z - [36mverbose[39m: Rendering page: /Users/damithch/Repos/nus-cs2103/cs2103-website-base/schedule/week7/tutorial.md
2026-10-06T18:58:21.949Z - [36mverbose[39m: Rendering page: /Users/damithch/Repos/nus-cs2103/cs2103-website-base/schedule/week5/tutorial.md
2026-10-06T18:58:21.984Z - [36mverbose[39m: Rendering page: /Users/damithch/Repos/nus-cs2103/cs2103-website-base/schedule/week4/tutorial.md
2026-10-06T18:58:21.991Z - [36mverbose[39m: Rendering page: /Users/damithch/Repos/nus-cs2103/cs2103-website-base/schedule/week3/tutorial.md
2026-10-06T18:58:22.040Z - [36mverbose[39m: Rendering page: /Users/damithch/Repos/nus-cs2103/cs2103-website-base/schedule/week2/tutorial.md
2026-10-06T18:58:22.258Z - [36mverbose[39m: Rendering page: /Users/damithch/Repos/nus-cs2103/cs2103-website-base/schedule/week13/tutorial.md
2026-10-06T18:58:22.266Z - [36mverbose[39m: Rendering page: /Users/damithch/Repos/nus-cs2103/cs2103-website-base/schedule/week12/tutorial.md
2026-10-06T18:58:22.271Z - [36mverbose[39m: Rendering page: /Users/damithch/Repos/nus-cs2103/cs2103-website-base/schedule/week11/tutorial.md
2026-10-06T18:58:22.296Z - [36mverbose[39m: Rendering page: /Users/damithch/Repos/nus-cs2103/cs2103-website-base/schedule/week10/tutorial.md
2026-10-06T18:58:23.719Z - [36mverbose[39m: Rendering page: /Users/damithch/Repos/nus-cs2103/cs2103-website-base/schedule/week1/tutorial.md
2026-10-06T18:58:24.248Z - [36mverbose[39m: Rendering page: /Users/damithch/Repos/nus-cs2103/cs2103-website-base/schedule/week9/topics.md
2026-10-06T18:58:24.295Z - [36mverbose[39m: Rendering page: /Users/damithch/Repos/nus-cs2103/cs2103-website-base/schedule/week8/topics.md
2026-10-06T18:58:25.539Z - [36mverbose[39m: Rendering page: /Users/damithch/Repos/nus-cs2103/cs2103-website-base/schedule/week7/topics.md
2026-10-06T18:58:26.136Z - [36mverbose[39m: Rendering page: /Users/damithch/Repos/nus-cs2103/cs2103-website-base/schedule/week6/topics.md
2026-10-06T18:58:26.816Z - [36mverbose[39m: Rendering page: /Users/damithch/Repos/nus-cs2103/cs2103-website-base/schedule/week5/topics.md
2026-10-06T18:58:26.878Z - [36mverbose[39m: Rendering page: /Users/damithch/Repos/nus-cs2103/cs2103-website-base/schedule/week4/topics.md
2026-10-06T18:58:26.942Z - [36mverbose[39m: Rendering page: /Users/damithch/Repos/nus-cs2103/cs2103-website-base/schedule/week2/topics.md
2026-10-06T18:58:26.977Z - [36mverbose[39m: Rendering page: /Users/damithch/Repos/nus-cs2103/cs2103-website-base/schedule/week3/topics.md
2026-10-06T18:58:27.013Z - [36mverbose[39m: Rendering page: /Users/damithch/Repos/nus-cs2103/cs2103-website-base/schedule/week13/topics.md
2026-10-06T18:58:27.018Z - [36mverbose[39m: Rendering page: /Users/damithch/Repos/nus-cs2103/cs2103-website-base/schedule/week12/topics.md
2026-10-06T18:58:30.170Z - [36mverbose[39m: Rendering page: /Users/damithch/Repos/nus-cs2103/cs2103-website-base/schedule/week10/topics.md
2026-10-06T18:58:30.204Z - [36mverbose[39m: Rendering page: /Users/damithch/Repos/nus-cs2103/cs2103-website-base/schedule/week11/topics.md
2026-10-06T18:58:30.259Z - [36mverbose[39m: Rendering page: /Users/damithch/Repos/nus-cs2103/cs2103-website-base/schedule/week9/project.md
2026-10-06T18:58:31.469Z - [36mverbose[39m: Rendering page: /Users/damithch/Repos/nus-cs2103/cs2103-website-base/schedule/week1/topics.md
2026-10-06T18:58:34.346Z - [36mverbose[39m: Rendering page: /Users/damithch/Repos/nus-cs2103/cs2103-website-base/schedule/week8/project.md
2026-10-06T18:58:35.332Z - [36mverbose[39m: Rendering page: /Users/damithch/Repos/nus-cs2103/cs2103-website-base/schedule/week7/project.md
2026-10-06T18:58:38.543Z - [36mverbose[39m: Rendering page: /Users/damithch/Repos/nus-cs2103/cs2103-website-base/schedule/week5/project.md
2026-10-06T18:58:38.570Z - [36mverbose[39m: Rendering page: /Users/damithch/Repos/nus-cs2103/cs2103-website-base/schedule/week6/project.md
2026-10-06T18:58:39.750Z - [36mverbose[39m: Rendering page: /Users/damithch/Repos/nus-cs2103/cs2103-website-base/schedule/week3/project.md
2026-10-06T18:58:39.974Z - [36mverbose[39m: Rendering page: /Users/damithch/Repos/nus-cs2103/cs2103-website-base/schedule/week4/project.md
2026-10-06T18:58:40.036Z - [36mverbose[39m: Rendering page: /Users/damithch/Repos/nus-cs2103/cs2103-website-base/schedule/week13/project.md
2026-10-06T18:58:44.151Z - [34mdebug[39m: /bin/sh: line 1: 31259 Abort trap: 6           java -jar "/opt/homebrew/lib/node_modules/markbind-cli/node_modules/@markbind/core/src/plugins/default/plantuml.jar" -nometadata -pipe > "/private/tmp/cs2103-overview-teachers-clean.M6RMCR/admin/duplicates-cluster-one-level.png"

2026-10-06T18:58:44.151Z - [34mdebug[39m: /bin/sh: line 1: 31258 Abort trap: 6           java -jar "/opt/homebrew/lib/node_modules/markbind-cli/node_modules/@markbind/core/src/plugins/default/plantuml.jar" -nometadata -pipe > "/private/tmp/cs2103-overview-teachers-clean.M6RMCR/admin/duplicates-cluster-multi-level.png"

2026-10-06T18:58:45.118Z - [36mverbose[39m: Rendering page: /Users/damithch/Repos/nus-cs2103/cs2103-website-base/schedule/week2/project.md
2026-10-06T18:58:45.153Z - [36mverbose[39m: Rendering page: /Users/damithch/Repos/nus-cs2103/cs2103-website-base/schedule/week11/project.md
2026-10-06T18:58:45.175Z - [36mverbose[39m: Rendering page: /Users/damithch/Repos/nus-cs2103/cs2103-website-base/schedule/week12/project.md
2026-10-06T18:58:45.214Z - [36mverbose[39m: Rendering page: /Users/damithch/Repos/nus-cs2103/cs2103-website-base/schedule/week10/project.md
2026-10-06T18:58:45.643Z - [36mverbose[39m: Rendering page: /Users/damithch/Repos/nus-cs2103/cs2103-website-base/schedule/week1/project.md
2026-10-06T18:58:45.917Z - [36mverbose[39m: Rendering page: /Users/damithch/Repos/nus-cs2103/cs2103-website-base/schedule/week9/index.md
2026-10-06T18:58:45.926Z - [36mverbose[39m: Rendering page: /Users/damithch/Repos/nus-cs2103/cs2103-website-base/schedule/week8/index.md
2026-10-06T18:58:46.203Z - [36mverbose[39m: Rendering page: /Users/damithch/Repos/nus-cs2103/cs2103-website-base/schedule/week7/index.md
2026-10-06T18:58:47.037Z - [36mverbose[39m: Rendering page: /Users/damithch/Repos/nus-cs2103/cs2103-website-base/schedule/week6/index.md
2026-10-06T18:58:47.047Z - [36mverbose[39m: Rendering page: /Users/damithch/Repos/nus-cs2103/cs2103-website-base/schedule/week4/index.md
2026-10-06T18:58:47.055Z - [36mverbose[39m: Rendering page: /Users/damithch/Repos/nus-cs2103/cs2103-website-base/schedule/week5/index.md
2026-10-06T18:58:47.463Z - [36mverbose[39m: Rendering page: /Users/damithch/Repos/nus-cs2103/cs2103-website-base/schedule/week3/index.md
2026-10-06T18:58:47.475Z - [36mverbose[39m: Rendering page: /Users/damithch/Repos/nus-cs2103/cs2103-website-base/schedule/week2/index.md
2026-10-06T18:58:47.814Z - [36mverbose[39m: Rendering page: /Users/damithch/Repos/nus-cs2103/cs2103-website-base/schedule/week13/index.md
2026-10-06T18:58:47.820Z - [36mverbose[39m: Rendering page: /Users/damithch/Repos/nus-cs2103/cs2103-website-base/schedule/week12/index.md
2026-10-06T18:58:48.059Z - [36mverbose[39m: Rendering page: /Users/damithch/Repos/nus-cs2103/cs2103-website-base/schedule/week11/index.md
2026-10-06T18:58:48.255Z - [36mverbose[39m: Rendering page: /Users/damithch/Repos/nus-cs2103/cs2103-website-base/schedule/week10/index.md
2026-10-06T18:58:48.368Z - [36mverbose[39m: Rendering page: /Users/damithch/Repos/nus-cs2103/cs2103-website-base/schedule/week9/admin.md
2026-10-06T18:58:48.373Z - [36mverbose[39m: Rendering page: /Users/damithch/Repos/nus-cs2103/cs2103-website-base/schedule/week1/index.md
2026-10-06T18:58:48.429Z - [36mverbose[39m: Rendering page: /Users/damithch/Repos/nus-cs2103/cs2103-website-base/schedule/week8/admin.md
2026-10-06T18:58:49.010Z - [36mverbose[39m: Rendering page: /Users/damithch/Repos/nus-cs2103/cs2103-website-base/schedule/week7/admin.md
2026-10-06T18:58:49.016Z - [36mverbose[39m: Rendering page: /Users/damithch/Repos/nus-cs2103/cs2103-website-base/schedule/week6/admin.md
2026-10-06T18:58:49.022Z - [36mverbose[39m: Rendering page: /Users/damithch/Repos/nus-cs2103/cs2103-website-base/schedule/week5/admin.md
2026-10-06T18:58:50.715Z - [36mverbose[39m: Rendering page: /Users/damithch/Repos/nus-cs2103/cs2103-website-base/schedule/week4/admin.md
2026-10-06T18:58:50.726Z - [36mverbose[39m: Rendering page: /Users/damithch/Repos/nus-cs2103/cs2103-website-base/schedule/week3/admin.md
2026-10-06T18:58:50.746Z - [36mverbose[39m: Rendering page: /Users/damithch/Repos/nus-cs2103/cs2103-website-base/schedule/week2/admin.md
2026-10-06T18:58:50.769Z - [36mverbose[39m: Rendering page: /Users/damithch/Repos/nus-cs2103/cs2103-website-base/schedule/week13/admin.md
2026-10-06T18:58:52.682Z - [34mdebug[39m: /bin/sh: line 1: 31312 Abort trap: 6           java -jar "/opt/homebrew/lib/node_modules/markbind-cli/node_modules/@markbind/core/src/plugins/default/plantuml.jar" -nometadata -pipe > "/private/tmp/cs2103-overview-teachers-clean.M6RMCR/admin/gradeBreakdown.png"

2026-10-06T18:58:52.683Z - [36mverbose[39m: Rendering page: /Users/damithch/Repos/nus-cs2103/cs2103-website-base/schedule/week12/admin.md
2026-10-06T18:58:52.695Z - [36mverbose[39m: Rendering page: /Users/damithch/Repos/nus-cs2103/cs2103-website-base/schedule/week11/admin.md
2026-10-06T18:58:52.709Z - [36mverbose[39m: Rendering page: /Users/damithch/Repos/nus-cs2103/cs2103-website-base/schedule/week10/admin.md
2026-10-06T18:58:52.714Z - [36mverbose[39m: Rendering page: /Users/damithch/Repos/nus-cs2103/cs2103-website-base/schedule/week1/admin.md
2026-10-06T18:58:56.139Z - [36mverbose[39m: Rendering page: /Users/damithch/Repos/nus-cs2103/cs2103-website-base/schedule/timeline.md
2026-10-06T18:58:56.168Z - [36mverbose[39m: Rendering page: /Users/damithch/Repos/nus-cs2103/cs2103-website-base/schedule/index.md
2026-10-06T18:58:56.179Z - [36mverbose[39m: Rendering page: /Users/damithch/Repos/nus-cs2103/cs2103-website-base/projectDuke/print.md
2026-10-06T18:58:56.184Z - [36mverbose[39m: Rendering page: /Users/damithch/Repos/nus-cs2103/cs2103-website-base/projectDuke/text.md
2026-10-06T18:58:56.674Z - [36mverbose[39m: Rendering page: /Users/damithch/Repos/nus-cs2103/cs2103-website-base/projectDuke/path.md
2026-10-06T18:58:56.702Z - [36mverbose[39m: Rendering page: /Users/damithch/Repos/nus-cs2103/cs2103-website-base/projectDuke/index.md
2026-10-06T18:58:56.739Z - [36mverbose[39m: Rendering page: /Users/damithch/Repos/nus-cs2103/cs2103-website-base/projectDuke/cs3227.md
2026-10-06T18:58:56.846Z - [36mverbose[39m: Rendering page: /Users/damithch/Repos/nus-cs2103/cs2103-website-base/admin/weeklySchedule.md
2026-10-06T18:58:57.552Z - [36mverbose[39m: Rendering page: /Users/damithch/Repos/nus-cs2103/cs2103-website-base/admin/usingThisWebsite.md
2026-10-06T18:58:57.564Z - [36mverbose[39m: Rendering page: /Users/damithch/Repos/nus-cs2103/cs2103-website-base/admin/uml-reference-sheet.md
2026-10-06T18:58:57.569Z - [36mverbose[39m: Rendering page: /Users/damithch/Repos/nus-cs2103/cs2103-website-base/admin/tutors-info.md
2026-10-06T18:58:58.408Z - [36mverbose[39m: Rendering page: /Users/damithch/Repos/nus-cs2103/cs2103-website-base/admin/tutorials.md
2026-10-06T18:59:00.654Z - [36mverbose[39m: Rendering page: /Users/damithch/Repos/nus-cs2103/cs2103-website-base/admin/tp-w9.md
2026-10-06T18:59:01.636Z - [36mverbose[39m: Rendering page: /Users/damithch/Repos/nus-cs2103/cs2103-website-base/admin/tp-w8.md
2026-10-06T18:59:01.660Z - [36mverbose[39m: Rendering page: /Users/damithch/Repos/nus-cs2103/cs2103-website-base/admin/tp-w7.md
2026-10-06T18:59:02.218Z - [36mverbose[39m: Rendering page: /Users/damithch/Repos/nus-cs2103/cs2103-website-base/admin/tp-w6.md
2026-10-06T18:59:03.632Z - [36mverbose[39m: Rendering page: /Users/damithch/Repos/nus-cs2103/cs2103-website-base/admin/tp-w5.md
2026-10-06T18:59:03.729Z - [36mverbose[39m: Rendering page: /Users/damithch/Repos/nus-cs2103/cs2103-website-base/admin/tp-w4.md
2026-10-06T18:59:03.948Z - [36mverbose[39m: Rendering page: /Users/damithch/Repos/nus-cs2103/cs2103-website-base/admin/tp-w3.md
2026-10-06T18:59:03.961Z - [36mverbose[39m: Rendering page: /Users/damithch/Repos/nus-cs2103/cs2103-website-base/admin/tp-w2.md
2026-10-06T18:59:06.226Z - [36mverbose[39m: Rendering page: /Users/damithch/Repos/nus-cs2103/cs2103-website-base/admin/tp-w13.md
2026-10-06T18:59:08.757Z - [36mverbose[39m: Rendering page: /Users/damithch/Repos/nus-cs2103/cs2103-website-base/admin/tp-w12.md
2026-10-06T18:59:09.276Z - [34mdebug[39m: /bin/sh: line 1: 31385 Abort trap: 6           java -jar "/opt/homebrew/lib/node_modules/markbind-cli/node_modules/@markbind/core/src/plugins/default/plantuml.jar" -nometadata -pipe > "/private/tmp/cs2103-overview-teachers-clean.M6RMCR/admin/tpGanttChart-preIterations.png"

2026-10-06T18:59:09.276Z - [34mdebug[39m: /bin/sh: line 1: 31384 Abort trap: 6           java -jar "/opt/homebrew/lib/node_modules/markbind-cli/node_modules/@markbind/core/src/plugins/default/plantuml.jar" -nometadata -pipe > "/private/tmp/cs2103-overview-teachers-clean.M6RMCR/admin/tpGanttChart-iterations.png"

2026-10-06T18:59:09.277Z - [36mverbose[39m: Rendering page: /Users/damithch/Repos/nus-cs2103/cs2103-website-base/admin/tp-teams.md
2026-10-06T18:59:09.364Z - [36mverbose[39m: Rendering page: /Users/damithch/Repos/nus-cs2103/cs2103-website-base/admin/tp-supervision.md
2026-10-06T18:59:10.391Z - [36mverbose[39m: Rendering page: /Users/damithch/Repos/nus-cs2103/cs2103-website-base/admin/tp-w11.md
2026-10-06T18:59:10.417Z - [36mverbose[39m: Rendering page: /Users/damithch/Repos/nus-cs2103/cs2103-website-base/admin/tp-w10.md
2026-10-06T18:59:10.433Z - [36mverbose[39m: Rendering page: /Users/damithch/Repos/nus-cs2103/cs2103-website-base/admin/tp-timeline.md
2026-10-06T18:59:11.816Z - [36mverbose[39m: Rendering page: /Users/damithch/Repos/nus-cs2103/cs2103-website-base/admin/tp-ped.md
2026-10-06T18:59:11.857Z - [36mverbose[39m: Rendering page: /Users/damithch/Repos/nus-cs2103/cs2103-website-base/admin/tp-overview.md
2026-10-06T18:59:12.112Z - [36mverbose[39m: Rendering page: /Users/damithch/Repos/nus-cs2103/cs2103-website-base/admin/tp-pe.md
2026-10-06T18:59:12.155Z - [36mverbose[39m: Rendering page: /Users/damithch/Repos/nus-cs2103/cs2103-website-base/admin/tp-grading.md
2026-10-06T18:59:12.495Z - [36mverbose[39m: Rendering page: /Users/damithch/Repos/nus-cs2103/cs2103-website-base/admin/tp-expectations.md
2026-10-06T18:59:12.611Z - [36mverbose[39m: Rendering page: /Users/damithch/Repos/nus-cs2103/cs2103-website-base/admin/tp-deliverables.md
2026-10-06T18:59:12.625Z - [36mverbose[39m: Rendering page: /Users/damithch/Repos/nus-cs2103/cs2103-website-base/admin/tp-constraints.md
2026-10-06T18:59:12.638Z - [36mverbose[39m: Rendering page: /Users/damithch/Repos/nus-cs2103/cs2103-website-base/admin/tp-common-fragments.md
2026-10-06T18:59:12.666Z - [36mverbose[39m: Rendering page: /Users/damithch/Repos/nus-cs2103/cs2103-website-base/admin/tools.md
2026-10-06T18:59:13.501Z - [36mverbose[39m: Rendering page: /Users/damithch/Repos/nus-cs2103/cs2103-website-base/admin/textbooks.md
2026-10-06T18:59:13.508Z - [36mverbose[39m: Rendering page: /Users/damithch/Repos/nus-cs2103/cs2103-website-base/admin/syllabus.md
2026-10-06T18:59:13.514Z - [36mverbose[39m: Rendering page: /Users/damithch/Repos/nus-cs2103/cs2103-website-base/admin/teamList.md
2026-10-06T18:59:13.613Z - [36mverbose[39m: Rendering page: /Users/damithch/Repos/nus-cs2103/cs2103-website-base/admin/standardsAndConventions.md
2026-10-06T18:59:13.803Z - [36mverbose[39m: Rendering page: /Users/damithch/Repos/nus-cs2103/cs2103-website-base/admin/reposenseAuthorAnnotation.md
2026-10-06T18:59:13.814Z - [36mverbose[39m: Rendering page: /Users/damithch/Repos/nus-cs2103/cs2103-website-base/admin/programmingLanguages.md
2026-10-06T18:59:13.821Z - [36mverbose[39m: Rendering page: /Users/damithch/Repos/nus-cs2103/cs2103-website-base/admin/peerEvaluations.md
2026-10-06T18:59:13.908Z - [36mverbose[39m: Rendering page: /Users/damithch/Repos/nus-cs2103/cs2103-website-base/admin/participation.md
2026-10-06T18:59:14.016Z - [36mverbose[39m: Rendering page: /Users/damithch/Repos/nus-cs2103/cs2103-website-base/admin/overview-for-teachers.md
2026-10-06T18:59:14.147Z - [36mverbose[39m: Rendering page: /Users/damithch/Repos/nus-cs2103/cs2103-website-base/admin/mid-semester-survey-results.md
2026-10-06T18:59:14.162Z - [36mverbose[39m: Rendering page: /Users/damithch/Repos/nus-cs2103/cs2103-website-base/admin/lectures.md
2026-10-06T18:59:14.311Z - [36mverbose[39m: Rendering page: /Users/damithch/Repos/nus-cs2103/cs2103-website-base/admin/ip-w8.md
2026-10-06T18:59:15.290Z - [36mverbose[39m: Rendering page: /Users/damithch/Repos/nus-cs2103/cs2103-website-base/admin/ip-w7.md
2026-10-06T18:59:16.182Z - [36mverbose[39m: Rendering page: /Users/damithch/Repos/nus-cs2103/cs2103-website-base/admin/ip-w6.md
2026-10-06T18:59:16.206Z - [36mverbose[39m: Rendering page: /Users/damithch/Repos/nus-cs2103/cs2103-website-base/admin/ip-w5.md
2026-10-06T18:59:18.363Z - [36mverbose[39m: Rendering page: /Users/damithch/Repos/nus-cs2103/cs2103-website-base/admin/ip-w4.md
2026-10-06T18:59:19.173Z - [36mverbose[39m: Rendering page: /Users/damithch/Repos/nus-cs2103/cs2103-website-base/admin/ip-w3.md
2026-10-06T18:59:19.229Z - [36mverbose[39m: Rendering page: /Users/damithch/Repos/nus-cs2103/cs2103-website-base/admin/ip-w2.md
2026-10-06T18:59:19.265Z - [36mverbose[39m: Rendering page: /Users/damithch/Repos/nus-cs2103/cs2103-website-base/admin/ip-overview.md
2026-10-06T18:59:19.354Z - [36mverbose[39m: Rendering page: /Users/damithch/Repos/nus-cs2103/cs2103-website-base/admin/ip-showcase.md
2026-10-06T18:59:19.418Z - [36mverbose[39m: Rendering page: /Users/damithch/Repos/nus-cs2103/cs2103-website-base/admin/instructors.md
2026-10-06T18:59:19.485Z - [36mverbose[39m: Rendering page: /Users/damithch/Repos/nus-cs2103/cs2103-website-base/admin/ip-grading.md
2026-10-06T18:59:19.990Z - [36mverbose[39m: Rendering page: /Users/damithch/Repos/nus-cs2103/cs2103-website-base/admin/index.md
2026-10-06T18:59:20.229Z - [36mverbose[39m: Rendering page: /Users/damithch/Repos/nus-cs2103/cs2103-website-base/admin/gradeBreakdown.md
2026-10-06T18:59:20.255Z - [36mverbose[39m: Rendering page: /Users/damithch/Repos/nus-cs2103/cs2103-website-base/admin/exams.md
2026-10-06T18:59:20.270Z - [36mverbose[39m: Rendering page: /Users/damithch/Repos/nus-cs2103/cs2103-website-base/admin/exams-f2f.md
2026-10-06T18:59:20.293Z - [36mverbose[39m: Rendering page: /Users/damithch/Repos/nus-cs2103/cs2103-website-base/admin/exam-reference-sheet.md
2026-10-06T18:59:20.348Z - [36mverbose[39m: Rendering page: /Users/damithch/Repos/nus-cs2103/cs2103-website-base/admin/exam-pen-and-paper.md
2026-10-06T18:59:20.445Z - [36mverbose[39m: Rendering page: /Users/damithch/Repos/nus-cs2103/cs2103-website-base/admin/courseOverview.md
2026-10-06T18:59:20.485Z - [36mverbose[39m: Rendering page: /Users/damithch/Repos/nus-cs2103/cs2103-website-base/admin/courseExpectations.md
2026-10-06T18:59:20.527Z - [36mverbose[39m: Rendering page: /Users/damithch/Repos/nus-cs2103/cs2103-website-base/admin/courseBriefings.md
2026-10-06T18:59:20.552Z - [36mverbose[39m: Rendering page: /Users/damithch/Repos/nus-cs2103/cs2103-website-base/admin/appendixH-tipsFromStudents.md
2026-10-06T18:59:20.603Z - [36mverbose[39m: Rendering page: /Users/damithch/Repos/nus-cs2103/cs2103-website-base/admin/appendixG-troubleshooting.md
2026-10-06T18:59:20.801Z - [36mverbose[39m: Rendering page: /Users/damithch/Repos/nus-cs2103/cs2103-website-base/admin/appendixG-CS2103R.md
2026-10-06T18:59:20.882Z - [36mverbose[39m: Rendering page: /Users/damithch/Repos/nus-cs2103/cs2103-website-base/admin/appendixF-teamworkIssues.md
2026-10-06T18:59:23.732Z - [36mverbose[39m: Rendering page: /Users/damithch/Repos/nus-cs2103/cs2103-website-base/admin/appendixE-gitHub.md
2026-10-06T18:59:23.754Z - [36mverbose[39m: Rendering page: /Users/damithch/Repos/nus-cs2103/cs2103-website-base/admin/appendixD-help.md
2026-10-06T18:59:23.770Z - [36mverbose[39m: Rendering page: /Users/damithch/Repos/nus-cs2103/cs2103-website-base/admin/appendixC-faq.md
2026-10-06T18:59:23.829Z - [32minfo[39m: Pages built
2026-10-06T18:59:23.906Z - [32minfo[39m: Site data built
2026-10-06T18:59:23.906Z - [32minfo[39m: Website generation complete! Total build time: 107.703s
2026-10-06T18:59:23.906Z - [32minfo[39m: Build success!
2026-10-06T19:01:43.162Z - [32minfo[39m: Website generation started at 03:01:42
2026-10-06T19:01:43.499Z - [32minfo[39m: Building assets...
