2026-07-28T16:28:56.032Z - [32minfo[39m: Website generation (lazy) started at 00:28:55
2026-07-28T16:28:56.540Z - [32minfo[39m: Building assets...
2026-07-28T16:28:56.953Z - [32minfo[39m: Assets built
2026-07-28T16:28:56.953Z - [32minfo[39m: Generating landing page...
2026-07-28T16:28:57.188Z - [36mverbose[39m: Rendering page: /Users/damithch/Repos/nus-cs2103/cs2103-website-base/index.md
2026-07-28T16:28:57.216Z - [32minfo[39m: Landing page built, other pages will be built as you navigate to them!
2026-07-28T16:28:57.296Z - [32minfo[39m: Site data built
2026-07-28T16:28:57.297Z - [32minfo[39m: Website generation (lazy) complete! Total build time: 1.787s
2026-07-28T16:28:57.310Z - [32minfo[39m: Serving "/Users/damithch/Repos/nus-cs2103/cs2103-website-base/_site" at http://127.0.0.1:8080
2026-07-28T16:28:57.310Z - [32minfo[39m: Press CTRL+C to stop ...
2026-07-28T16:29:08.472Z - [32minfo[39m: Building /Users/damithch/Repos/nus-cs2103/cs2103-website-base/se-book-adapted/index as some of its dependencies were changed since the last visit
2026-07-28T16:29:08.626Z - [36mverbose[39m: Rendering page: /Users/damithch/Repos/nus-cs2103/cs2103-website-base/se-book-adapted/index.md
2026-07-28T16:29:08.639Z - [32minfo[39m: Site data built
2026-07-28T16:29:08.639Z - [32minfo[39m: Lazy website regeneration complete! Total build time: 0.168s
2026-07-28T16:29:18.198Z - [32minfo[39m: Building /Users/damithch/Repos/nus-cs2103/cs2103-website-base/se-book-adapted/chapters/debugging as some of its dependencies were changed since the last visit
2026-07-28T16:29:18.365Z - [36mverbose[39m: Rendering page: /Users/damithch/Repos/nus-cs2103/cs2103-website-base/se-book-adapted/chapters/debugging.md
2026-07-28T16:29:18.389Z - [32minfo[39m: Site data built
2026-07-28T16:29:18.390Z - [32minfo[39m: Lazy website regeneration complete! Total build time: 0.193s
2026-07-28T16:30:08.333Z - [32minfo[39m: Building /Users/damithch/Repos/nus-cs2103/cs2103-website-base/schedule/week6/index as some of its dependencies were changed since the last visit
2026-07-28T16:30:08.839Z - [36mverbose[39m: Rendering page: /Users/damithch/Repos/nus-cs2103/cs2103-website-base/schedule/week6/index.md
2026-07-28T16:30:08.855Z - [32minfo[39m: Site data built
2026-07-28T16:30:08.855Z - [32minfo[39m: Lazy website regeneration complete! Total build time: 0.523s
2026-07-28T16:30:12.089Z - [32minfo[39m: Building /Users/damithch/Repos/nus-cs2103/cs2103-website-base/schedule/week6/topics as some of its dependencies were changed since the last visit
2026-07-28T16:30:14.975Z - [34mdebug[39m: 
2026-07-28T16:30:15.145Z - [34mdebug[39m: 
2026-07-28T16:30:15.145Z - [34mdebug[39m: 
2026-07-28T16:30:15.209Z - [34mdebug[39m: 
2026-07-28T16:30:15.275Z - [34mdebug[39m: 
2026-07-28T16:30:15.321Z - [34mdebug[39m: 
2026-07-28T16:30:15.395Z - [36mverbose[39m: Rendering page: /Users/damithch/Repos/nus-cs2103/cs2103-website-base/schedule/week6/topics.md
2026-07-28T16:30:15.449Z - [32minfo[39m: Site data built
2026-07-28T16:30:15.449Z - [32minfo[39m: Lazy website regeneration complete! Total build time: 3.361s
2026-07-28T16:31:57.794Z - [32minfo[39m: [00:31:57] Reload for file change: /Users/damithch/Repos/nus-cs2103/cs2103-website-base/book/_markbind/logs/markbind-2026-07-29.log
2026-07-28T16:31:57.796Z - [32minfo[39m: Synchronizing opened pages list before reload
2026-07-28T16:31:57.797Z - [32minfo[39m: Current opened pages, from most-to-least recent:
2026-07-28T16:31:57.797Z - [32minfo[39m: 1. schedule/week6/topics
2026-07-28T16:31:57.806Z - [32minfo[39m: [00:31:57] Reload for file change: /Users/damithch/Repos/nus-cs2103/cs2103-website-base/book/intellij/path.md
2026-07-28T16:31:57.807Z - [32minfo[39m: Synchronizing opened pages list before reload
2026-07-28T16:31:57.807Z - [32minfo[39m: Current opened pages, from most-to-least recent:
2026-07-28T16:31:57.807Z - [32minfo[39m: 1. schedule/week6/topics
2026-07-28T16:31:58.816Z - [32minfo[39m: Rebuilding 1 pages
2026-07-28T16:31:59.332Z - [32minfo[39m: [00:31:59] Reload for file change: /Users/damithch/Repos/nus-cs2103/cs2103-website-base/book/_markbind/logs/markbind-2026-07-29.log
2026-07-28T16:31:59.333Z - [32minfo[39m: Synchronizing opened pages list before reload
2026-07-28T16:31:59.333Z - [32minfo[39m: Current opened pages, from most-to-least recent:
2026-07-28T16:31:59.333Z - [32minfo[39m: 1. schedule/week6/topics
2026-07-28T16:31:59.334Z - [32minfo[39m: [00:31:59] Reload for file change: /Users/damithch/Repos/nus-cs2103/cs2103-website-base/book/_site/intellij/projectSetup/index.html
2026-07-28T16:31:59.334Z - [32minfo[39m: Synchronizing opened pages list before reload
2026-07-28T16:31:59.334Z - [32minfo[39m: Current opened pages, from most-to-least recent:
2026-07-28T16:31:59.334Z - [32minfo[39m: 1. schedule/week6/topics
2026-07-28T16:31:59.335Z - [32minfo[39m: [00:31:59] Reload for file change: /Users/damithch/Repos/nus-cs2103/cs2103-website-base/book/_site/intellij/productivityShortcuts/index.html
2026-07-28T16:31:59.336Z - [32minfo[39m: Synchronizing opened pages list before reload
2026-07-28T16:31:59.336Z - [32minfo[39m: Current opened pages, from most-to-least recent:
2026-07-28T16:31:59.336Z - [32minfo[39m: 1. schedule/week6/topics
2026-07-28T16:31:59.337Z - [32minfo[39m: [00:31:59] Reload for file change: /Users/damithch/Repos/nus-cs2103/cs2103-website-base/book/_site/intellij/projectSetup/index.page-vue-render.js
2026-07-28T16:31:59.337Z - [32minfo[39m: Synchronizing opened pages list before reload
2026-07-28T16:31:59.337Z - [32minfo[39m: Current opened pages, from most-to-least recent:
2026-07-28T16:31:59.337Z - [32minfo[39m: 1. schedule/week6/topics
2026-07-28T16:31:59.338Z - [32minfo[39m: [00:31:59] Reload for file change: /Users/damithch/Repos/nus-cs2103/cs2103-website-base/book/_site/intellij/debuggingBasic/index.html
2026-07-28T16:31:59.338Z - [32minfo[39m: Synchronizing opened pages list before reload
2026-07-28T16:31:59.338Z - [32minfo[39m: Current opened pages, from most-to-least recent:
2026-07-28T16:31:59.338Z - [32minfo[39m: 1. schedule/week6/topics
2026-07-28T16:31:59.338Z - [32minfo[39m: [00:31:59] Reload for file change: /Users/damithch/Repos/nus-cs2103/cs2103-website-base/book/_site/intellij/debuggingBasic/index.page-vue-render.js
2026-07-28T16:31:59.338Z - [32minfo[39m: Synchronizing opened pages list before reload
2026-07-28T16:31:59.338Z - [32minfo[39m: Current opened pages, from most-to-least recent:
2026-07-28T16:31:59.338Z - [32minfo[39m: 1. schedule/week6/topics
2026-07-28T16:31:59.339Z - [32minfo[39m: [00:31:59] Reload for file change: /Users/damithch/Repos/nus-cs2103/cs2103-website-base/book/_site/intellij/productivityShortcuts/index.page-vue-render.js
2026-07-28T16:31:59.339Z - [32minfo[39m: Synchronizing opened pages list before reload
2026-07-28T16:31:59.339Z - [32minfo[39m: Current opened pages, from most-to-least recent:
2026-07-28T16:31:59.339Z - [32minfo[39m: 1. schedule/week6/topics
2026-07-28T16:31:59.339Z - [32minfo[39m: [00:31:59] Reload for file change: /Users/damithch/Repos/nus-cs2103/cs2103-website-base/book/_site/intellij/codeNavigation/index.html
2026-07-28T16:31:59.339Z - [32minfo[39m: Synchronizing opened pages list before reload
2026-07-28T16:31:59.339Z - [32minfo[39m: Current opened pages, from most-to-least recent:
2026-07-28T16:31:59.339Z - [32minfo[39m: 1. schedule/week6/topics
2026-07-28T16:31:59.339Z - [32minfo[39m: [00:31:59] Reload for file change: /Users/damithch/Repos/nus-cs2103/cs2103-website-base/book/_site/intellij/codeNavigation/index.page-vue-render.js
2026-07-28T16:31:59.339Z - [32minfo[39m: Synchronizing opened pages list before reload
2026-07-28T16:31:59.339Z - [32minfo[39m: Current opened pages, from most-to-least recent:
2026-07-28T16:31:59.339Z - [32minfo[39m: 1. schedule/week6/topics
2026-07-28T16:31:59.618Z - [36mverbose[39m: Rendering page: /Users/damithch/Repos/nus-cs2103/cs2103-website-base/schedule/week6/topics.md
2026-07-28T16:31:59.693Z - [32minfo[39m: Site data built
2026-07-28T16:31:59.693Z - [32minfo[39m: Pages rebuilt
2026-07-28T16:31:59.693Z - [32minfo[39m: Website regeneration complete! Total build time: 0.88s
2026-07-28T16:31:59.693Z - [32minfo[39m: Assets built
2026-07-28T16:32:00.343Z - [32minfo[39m: Assets built
2026-07-28T16:32:01.837Z - [32minfo[39m: [00:32:01] Reload for file change: /Users/damithch/Repos/nus-cs2103/cs2103-website-base/book/_markbind/logs/markbind-2026-07-29.log
2026-07-28T16:32:01.838Z - [32minfo[39m: Synchronizing opened pages list before reload
2026-07-28T16:32:01.839Z - [32minfo[39m: Current opened pages, from most-to-least recent:
2026-07-28T16:32:01.839Z - [32minfo[39m: 1. schedule/week6/topics
2026-07-28T16:32:01.842Z - [32minfo[39m: [00:32:01] Reload for file change: /Users/damithch/Repos/nus-cs2103/cs2103-website-base/book/_site/debugging/tools/unit-inElsewhere-asFlat._include_.html
2026-07-28T16:32:01.842Z - [32minfo[39m: Synchronizing opened pages list before reload
2026-07-28T16:32:01.842Z - [32minfo[39m: Current opened pages, from most-to-least recent:
2026-07-28T16:32:01.842Z - [32minfo[39m: 1. schedule/week6/topics
2026-07-28T16:32:01.843Z - [32minfo[39m: [00:32:01] Reload for file change: /Users/damithch/Repos/nus-cs2103/cs2103-website-base/book/_site/debugging/fixing/unit-inElsewhere-asFlat._include_.html
2026-07-28T16:32:01.843Z - [32minfo[39m: Synchronizing opened pages list before reload
2026-07-28T16:32:01.843Z - [32minfo[39m: Current opened pages, from most-to-least recent:
2026-07-28T16:32:01.843Z - [32minfo[39m: 1. schedule/week6/topics
2026-07-28T16:32:01.844Z - [32minfo[39m: [00:32:01] Reload for file change: /Users/damithch/Repos/nus-cs2103/cs2103-website-base/book/_site/debugging/what/unit-inElsewhere-asFlat._include_.html
2026-07-28T16:32:01.844Z - [32minfo[39m: Synchronizing opened pages list before reload
2026-07-28T16:32:01.844Z - [32minfo[39m: Current opened pages, from most-to-least recent:
2026-07-28T16:32:01.844Z - [32minfo[39m: 1. schedule/week6/topics
2026-07-28T16:32:01.844Z - [32minfo[39m: [00:32:01] Reload for file change: /Users/damithch/Repos/nus-cs2103/cs2103-website-base/book/_site/intellij/refactoring/index.html
2026-07-28T16:32:01.844Z - [32minfo[39m: Synchronizing opened pages list before reload
2026-07-28T16:32:01.844Z - [32minfo[39m: Current opened pages, from most-to-least recent:
2026-07-28T16:32:01.845Z - [32minfo[39m: 1. schedule/week6/topics
2026-07-28T16:32:01.845Z - [32minfo[39m: [00:32:01] Reload for file change: /Users/damithch/Repos/nus-cs2103/cs2103-website-base/book/_site/debugging/advanced/unit-inElsewhere-asFlat._include_.html
2026-07-28T16:32:01.845Z - [32minfo[39m: Synchronizing opened pages list before reload
2026-07-28T16:32:01.845Z - [32minfo[39m: Current opened pages, from most-to-least recent:
2026-07-28T16:32:01.845Z - [32minfo[39m: 1. schedule/week6/topics
2026-07-28T16:32:01.846Z - [32minfo[39m: [00:32:01] Reload for file change: /Users/damithch/Repos/nus-cs2103/cs2103-website-base/book/_site/intellij/refactoring/unit-inElsewhere-asFlat._include_.html
2026-07-28T16:32:01.846Z - [32minfo[39m: Synchronizing opened pages list before reload
2026-07-28T16:32:01.846Z - [32minfo[39m: Current opened pages, from most-to-least recent:
2026-07-28T16:32:01.846Z - [32minfo[39m: 1. schedule/week6/topics
2026-07-28T16:32:01.846Z - [32minfo[39m: [00:32:01] Reload for file change: /Users/damithch/Repos/nus-cs2103/cs2103-website-base/book/_site/gatheringRequirements/focusGroups/unit-inElsewhere-asFlat._include_.html
2026-07-28T16:32:01.847Z - [32minfo[39m: Synchronizing opened pages list before reload
2026-07-28T16:32:01.847Z - [32minfo[39m: Current opened pages, from most-to-least recent:
2026-07-28T16:32:01.847Z - [32minfo[39m: 1. schedule/week6/topics
2026-07-28T16:32:01.847Z - [32minfo[39m: [00:32:01] Reload for file change: /Users/damithch/Repos/nus-cs2103/cs2103-website-base/book/_site/security/wrapUp/unit-inElsewhere-asFlat._include_.html
2026-07-28T16:32:01.847Z - [32minfo[39m: Synchronizing opened pages list before reload
2026-07-28T16:32:01.847Z - [32minfo[39m: Current opened pages, from most-to-least recent:
2026-07-28T16:32:01.847Z - [32minfo[39m: 1. schedule/week6/topics
2026-07-28T16:32:01.847Z - [32minfo[39m: [00:32:01] Reload for file change: /Users/damithch/Repos/nus-cs2103/cs2103-website-base/book/_site/intellij/refactoring/index.page-vue-render.js
2026-07-28T16:32:01.847Z - [32minfo[39m: Synchronizing opened pages list before reload
2026-07-28T16:32:01.847Z - [32minfo[39m: Current opened pages, from most-to-least recent:
2026-07-28T16:32:01.847Z - [32minfo[39m: 1. schedule/week6/topics
2026-07-28T16:32:01.847Z - [32minfo[39m: [00:32:01] Reload for file change: /Users/damithch/Repos/nus-cs2103/cs2103-website-base/book/_site/intellij/projectSetup/unit-inElsewhere-asFlat._include_.html
2026-07-28T16:32:01.847Z - [32minfo[39m: Synchronizing opened pages list before reload
2026-07-28T16:32:01.847Z - [32minfo[39m: Current opened pages, from most-to-least recent:
2026-07-28T16:32:01.847Z - [32minfo[39m: 1. schedule/week6/topics
2026-07-28T16:32:01.847Z - [32minfo[39m: [00:32:01] Reload for file change: /Users/damithch/Repos/nus-cs2103/cs2103-website-base/book/_site/requirements/quality/unit-inElsewhere-asFlat._include_.html
2026-07-28T16:32:01.847Z - [32minfo[39m: Synchronizing opened pages list before reload
2026-07-28T16:32:01.847Z - [32minfo[39m: Current opened pages, from most-to-least recent:
2026-07-28T16:32:01.847Z - [32minfo[39m: 1. schedule/week6/topics
2026-07-28T16:32:01.847Z - [32minfo[39m: [00:32:01] Reload for file change: /Users/damithch/Repos/nus-cs2103/cs2103-website-base/book/_site/gatheringRequirements/productSurveys/unit-inElsewhere-asFlat._include_.html
2026-07-28T16:32:01.847Z - [32minfo[39m: Synchronizing opened pages list before reload
2026-07-28T16:32:01.847Z - [32minfo[39m: Current opened pages, from most-to-least recent:
2026-07-28T16:32:01.847Z - [32minfo[39m: 1. schedule/week6/topics
2026-07-28T16:32:01.848Z - [32minfo[39m: [00:32:01] Reload for file change: /Users/damithch/Repos/nus-cs2103/cs2103-website-base/book/_site/gatheringRequirements/userSurveys/unit-inElsewhere-asFlat._include_.html
2026-07-28T16:32:01.848Z - [32minfo[39m: Synchronizing opened pages list before reload
2026-07-28T16:32:01.848Z - [32minfo[39m: Current opened pages, from most-to-least recent:
2026-07-28T16:32:01.848Z - [32minfo[39m: 1. schedule/week6/topics
2026-07-28T16:32:01.848Z - [32minfo[39m: [00:32:01] Reload for file change: /Users/damithch/Repos/nus-cs2103/cs2103-website-base/book/_site/gatheringRequirements/prototyping/unit-inElsewhere-asFlat._include_.html
2026-07-28T16:32:01.848Z - [32minfo[39m: Synchronizing opened pages list before reload
2026-07-28T16:32:01.848Z - [32minfo[39m: Current opened pages, from most-to-least recent:
2026-07-28T16:32:01.848Z - [32minfo[39m: 1. schedule/week6/topics
2026-07-28T16:32:01.848Z - [32minfo[39m: [00:32:01] Reload for file change: /Users/damithch/Repos/nus-cs2103/cs2103-website-base/book/_site/security/ai/unit-inElsewhere-asFlat._include_.html
2026-07-28T16:32:01.848Z - [32minfo[39m: Synchronizing opened pages list before reload
2026-07-28T16:32:01.848Z - [32minfo[39m: Current opened pages, from most-to-least recent:
2026-07-28T16:32:01.848Z - [32minfo[39m: 1. schedule/week6/topics
2026-07-28T16:32:01.848Z - [32minfo[39m: [00:32:01] Reload for file change: /Users/damithch/Repos/nus-cs2103/cs2103-website-base/book/_site/refactoring/when/unit-inElsewhere-asFlat._include_.html
2026-07-28T16:32:01.848Z - [32minfo[39m: Synchronizing opened pages list before reload
2026-07-28T16:32:01.848Z - [32minfo[39m: Current opened pages, from most-to-least recent:
2026-07-28T16:32:01.848Z - [32minfo[39m: 1. schedule/week6/topics
2026-07-28T16:32:01.848Z - [32minfo[39m: [00:32:01] Reload for file change: /Users/damithch/Repos/nus-cs2103/cs2103-website-base/book/_site/security/how/unit-inElsewhere-asFlat._include_.html
2026-07-28T16:32:01.848Z - [32minfo[39m: Synchronizing opened pages list before reload
2026-07-28T16:32:01.848Z - [32minfo[39m: Current opened pages, from most-to-least recent:
2026-07-28T16:32:01.848Z - [32minfo[39m: 1. schedule/week6/topics
2026-07-28T16:32:01.848Z - [32minfo[39m: [00:32:01] Reload for file change: /Users/damithch/Repos/nus-cs2103/cs2103-website-base/book/_site/debugging/how/unit-inElsewhere-asFlat._include_.html
2026-07-28T16:32:01.848Z - [32minfo[39m: Synchronizing opened pages list before reload
2026-07-28T16:32:01.849Z - [32minfo[39m: Current opened pages, from most-to-least recent:
2026-07-28T16:32:01.849Z - [32minfo[39m: 1. schedule/week6/topics
2026-07-28T16:32:01.849Z - [32minfo[39m: [00:32:01] Reload for file change: /Users/damithch/Repos/nus-cs2103/cs2103-website-base/book/_site/principles/dryPrinciple/unit-inElsewhere-asFlat._include_.html
2026-07-28T16:32:01.849Z - [32minfo[39m: Synchronizing opened pages list before reload
2026-07-28T16:32:01.849Z - [32minfo[39m: Current opened pages, from most-to-least recent:
2026-07-28T16:32:01.849Z - [32minfo[39m: 1. schedule/week6/topics
2026-07-28T16:32:01.849Z - [32minfo[39m: [00:32:01] Reload for file change: /Users/damithch/Repos/nus-cs2103/cs2103-website-base/book/_site/intellij/debuggingBasic/unit-inElsewhere-asFlat._include_.html
2026-07-28T16:32:01.849Z - [32minfo[39m: Synchronizing opened pages list before reload
2026-07-28T16:32:01.849Z - [32minfo[39m: Current opened pages, from most-to-least recent:
2026-07-28T16:32:01.849Z - [32minfo[39m: 1. schedule/week6/topics
2026-07-28T16:32:01.849Z - [32minfo[39m: [00:32:01] Reload for file change: /Users/damithch/Repos/nus-cs2103/cs2103-website-base/book/_site/gatheringRequirements/observation/unit-inElsewhere-asFlat._include_.html
2026-07-28T16:32:01.849Z - [32minfo[39m: Synchronizing opened pages list before reload
2026-07-28T16:32:01.849Z - [32minfo[39m: Current opened pages, from most-to-least recent:
2026-07-28T16:32:01.849Z - [32minfo[39m: 1. schedule/week6/topics
2026-07-28T16:32:01.850Z - [32minfo[39m: [00:32:01] Reload for file change: /Users/damithch/Repos/nus-cs2103/cs2103-website-base/book/_site/intellij/productivityShortcuts/unit-inElsewhere-asFlat._include_.html
2026-07-28T16:32:01.850Z - [32minfo[39m: Synchronizing opened pages list before reload
2026-07-28T16:32:01.850Z - [32minfo[39m: Current opened pages, from most-to-least recent:
2026-07-28T16:32:01.850Z - [32minfo[39m: 1. schedule/week6/topics
2026-07-28T16:32:01.850Z - [32minfo[39m: [00:32:01] Reload for file change: /Users/damithch/Repos/nus-cs2103/cs2103-website-base/book/_site/security/why/unit-inElsewhere-asFlat._include_.html
2026-07-28T16:32:01.850Z - [32minfo[39m: Synchronizing opened pages list before reload
2026-07-28T16:32:01.850Z - [32minfo[39m: Current opened pages, from most-to-least recent:
2026-07-28T16:32:01.850Z - [32minfo[39m: 1. schedule/week6/topics
2026-07-28T16:32:01.850Z - [32minfo[39m: [00:32:01] Reload for file change: /Users/damithch/Repos/nus-cs2103/cs2103-website-base/book/_site/projectPlanning/issueTrackers/unit-inElsewhere-asFlat._include_.html
2026-07-28T16:32:01.850Z - [32minfo[39m: Synchronizing opened pages list before reload
2026-07-28T16:32:01.850Z - [32minfo[39m: Current opened pages, from most-to-least recent:
2026-07-28T16:32:01.850Z - [32minfo[39m: 1. schedule/week6/topics
2026-07-28T16:32:01.850Z - [32minfo[39m: [00:32:01] Reload for file change: /Users/damithch/Repos/nus-cs2103/cs2103-website-base/book/_site/security/when/unit-inElsewhere-asFlat._include_.html
2026-07-28T16:32:01.851Z - [32minfo[39m: Synchronizing opened pages list before reload
2026-07-28T16:32:01.851Z - [32minfo[39m: Current opened pages, from most-to-least recent:
2026-07-28T16:32:01.851Z - [32minfo[39m: 1. schedule/week6/topics
2026-07-28T16:32:01.851Z - [32minfo[39m: [00:32:01] Reload for file change: /Users/damithch/Repos/nus-cs2103/cs2103-website-base/book/_site/principles/liskovSubstitutionPrinciple/unit-inElsewhere-asFlat._include_.html
2026-07-28T16:32:01.851Z - [32minfo[39m: Synchronizing opened pages list before reload
2026-07-28T16:32:01.851Z - [32minfo[39m: Current opened pages, from most-to-least recent:
2026-07-28T16:32:01.851Z - [32minfo[39m: 1. schedule/week6/topics
2026-07-28T16:32:01.851Z - [32minfo[39m: [00:32:01] Reload for file change: /Users/damithch/Repos/nus-cs2103/cs2103-website-base/book/_site/teamwork/teamStructures/unit-inElsewhere-asFlat._include_.html
2026-07-28T16:32:01.851Z - [32minfo[39m: Synchronizing opened pages list before reload
2026-07-28T16:32:01.851Z - [32minfo[39m: Current opened pages, from most-to-least recent:
2026-07-28T16:32:01.851Z - [32minfo[39m: 1. schedule/week6/topics
2026-07-28T16:32:01.851Z - [32minfo[39m: [00:32:01] Reload for file change: /Users/damithch/Repos/nus-cs2103/cs2103-website-base/book/_site/refactoring/how/unit-inElsewhere-asFlat._include_.html
2026-07-28T16:32:01.851Z - [32minfo[39m: Synchronizing opened pages list before reload
2026-07-28T16:32:01.851Z - [32minfo[39m: Current opened pages, from most-to-least recent:
2026-07-28T16:32:01.851Z - [32minfo[39m: 1. schedule/week6/topics
2026-07-28T16:32:01.851Z - [32minfo[39m: [00:32:01] Reload for file change: /Users/damithch/Repos/nus-cs2103/cs2103-website-base/book/_site/projectPlanning/workBreakdownStructure/unit-inElsewhere-asFlat._include_.html
2026-07-28T16:32:01.851Z - [32minfo[39m: Synchronizing opened pages list before reload
2026-07-28T16:32:01.851Z - [32minfo[39m: Current opened pages, from most-to-least recent:
2026-07-28T16:32:01.851Z - [32minfo[39m: 1. schedule/week6/topics
2026-07-28T16:32:01.852Z - [32minfo[39m: [00:32:01] Reload for file change: /Users/damithch/Repos/nus-cs2103/cs2103-website-base/book/_site/principles/yagniPrinciple/unit-inElsewhere-asFlat._include_.html
2026-07-28T16:32:01.852Z - [32minfo[39m: Synchronizing opened pages list before reload
2026-07-28T16:32:01.852Z - [32minfo[39m: Current opened pages, from most-to-least recent:
2026-07-28T16:32:01.852Z - [32minfo[39m: 1. schedule/week6/topics
2026-07-28T16:32:01.852Z - [32minfo[39m: [00:32:01] Reload for file change: /Users/damithch/Repos/nus-cs2103/cs2103-website-base/book/_site/security/what/unit-inElsewhere-asFlat._include_.html
2026-07-28T16:32:01.852Z - [32minfo[39m: Synchronizing opened pages list before reload
2026-07-28T16:32:01.852Z - [32minfo[39m: Current opened pages, from most-to-least recent:
2026-07-28T16:32:01.852Z - [32minfo[39m: 1. schedule/week6/topics
2026-07-28T16:32:01.852Z - [32minfo[39m: [00:32:01] Reload for file change: /Users/damithch/Repos/nus-cs2103/cs2103-website-base/book/_site/principles/dependencyInversionPrinciple/unit-inElsewhere-asFlat._include_.html
2026-07-28T16:32:01.852Z - [32minfo[39m: Synchronizing opened pages list before reload
2026-07-28T16:32:01.852Z - [32minfo[39m: Current opened pages, from most-to-least recent:
2026-07-28T16:32:01.852Z - [32minfo[39m: 1. schedule/week6/topics
2026-07-28T16:32:01.852Z - [32minfo[39m: [00:32:01] Reload for file change: /Users/damithch/Repos/nus-cs2103/cs2103-website-base/book/_site/projectPlanning/buffers/unit-inElsewhere-asFlat._include_.html
2026-07-28T16:32:01.852Z - [32minfo[39m: Synchronizing opened pages list before reload
2026-07-28T16:32:01.852Z - [32minfo[39m: Current opened pages, from most-to-least recent:
2026-07-28T16:32:01.852Z - [32minfo[39m: 1. schedule/week6/topics
2026-07-28T16:32:01.852Z - [32minfo[39m: [00:32:01] Reload for file change: /Users/damithch/Repos/nus-cs2103/cs2103-website-base/book/_site/principles/lawOfDemeter/unit-inElsewhere-asFlat._include_.html
2026-07-28T16:32:01.852Z - [32minfo[39m: Synchronizing opened pages list before reload
2026-07-28T16:32:01.852Z - [32minfo[39m: Current opened pages, from most-to-least recent:
2026-07-28T16:32:01.852Z - [32minfo[39m: 1. schedule/week6/topics
2026-07-28T16:32:01.852Z - [32minfo[39m: [00:32:01] Reload for file change: /Users/damithch/Repos/nus-cs2103/cs2103-website-base/book/_site/requirements/introduction/unit-inElsewhere-asFlat._include_.html
2026-07-28T16:32:01.853Z - [32minfo[39m: Synchronizing opened pages list before reload
2026-07-28T16:32:01.853Z - [32minfo[39m: Current opened pages, from most-to-least recent:
2026-07-28T16:32:01.853Z - [32minfo[39m: 1. schedule/week6/topics
2026-07-28T16:32:01.853Z - [32minfo[39m: [00:32:01] Reload for file change: /Users/damithch/Repos/nus-cs2103/cs2103-website-base/book/_site/principles/brooksLaw/unit-inElsewhere-asFlat._include_.html
2026-07-28T16:32:01.853Z - [32minfo[39m: Synchronizing opened pages list before reload
2026-07-28T16:32:01.853Z - [32minfo[39m: Current opened pages, from most-to-least recent:
2026-07-28T16:32:01.853Z - [32minfo[39m: 1. schedule/week6/topics
2026-07-28T16:32:01.853Z - [32minfo[39m: [00:32:01] Reload for file change: /Users/damithch/Repos/nus-cs2103/cs2103-website-base/book/_site/requirements/nonFunctionalRequirements/unit-inElsewhere-asFlat._include_.html
2026-07-28T16:32:01.853Z - [32minfo[39m: Synchronizing opened pages list before reload
2026-07-28T16:32:01.853Z - [32minfo[39m: Current opened pages, from most-to-least recent:
2026-07-28T16:32:01.853Z - [32minfo[39m: 1. schedule/week6/topics
2026-07-28T16:32:01.854Z - [32minfo[39m: [00:32:01] Reload for file change: /Users/damithch/Repos/nus-cs2103/cs2103-website-base/book/_site/intellij/codeNavigation/unit-inElsewhere-asFlat._include_.html
2026-07-28T16:32:01.854Z - [32minfo[39m: Synchronizing opened pages list before reload
2026-07-28T16:32:01.854Z - [32minfo[39m: Current opened pages, from most-to-least recent:
2026-07-28T16:32:01.854Z - [32minfo[39m: 1. schedule/week6/topics
2026-07-28T16:32:01.854Z - [32minfo[39m: [00:32:01] Reload for file change: /Users/damithch/Repos/nus-cs2103/cs2103-website-base/book/_site/gatheringRequirements/brainstorming/unit-inElsewhere-asFlat._include_.html
2026-07-28T16:32:01.854Z - [32minfo[39m: Synchronizing opened pages list before reload
2026-07-28T16:32:01.854Z - [32minfo[39m: Current opened pages, from most-to-least recent:
2026-07-28T16:32:01.854Z - [32minfo[39m: 1. schedule/week6/topics
2026-07-28T16:32:01.854Z - [32minfo[39m: [00:32:01] Reload for file change: /Users/damithch/Repos/nus-cs2103/cs2103-website-base/book/_site/principles/openClosedPrinciple/unit-inElsewhere-asFlat._include_.html
2026-07-28T16:32:01.854Z - [32minfo[39m: Synchronizing opened pages list before reload
2026-07-28T16:32:01.855Z - [32minfo[39m: Current opened pages, from most-to-least recent:
2026-07-28T16:32:01.856Z - [32minfo[39m: 1. schedule/week6/topics
2026-07-28T16:32:01.856Z - [32minfo[39m: [00:32:01] Reload for file change: /Users/damithch/Repos/nus-cs2103/cs2103-website-base/book/_site/principles/separationOfConcernsPrinciple/unit-inElsewhere-asFlat._include_.html
2026-07-28T16:32:01.856Z - [32minfo[39m: Synchronizing opened pages list before reload
2026-07-28T16:32:01.856Z - [32minfo[39m: Current opened pages, from most-to-least recent:
2026-07-28T16:32:01.856Z - [32minfo[39m: 1. schedule/week6/topics
2026-07-28T16:32:01.856Z - [32minfo[39m: [00:32:01] Reload for file change: /Users/damithch/Repos/nus-cs2103/cs2103-website-base/book/_site/principles/singleResponsibilityPrinciple/unit-inElsewhere-asFlat._include_.html
2026-07-28T16:32:01.856Z - [32minfo[39m: Synchronizing opened pages list before reload
2026-07-28T16:32:01.856Z - [32minfo[39m: Current opened pages, from most-to-least recent:
2026-07-28T16:32:01.856Z - [32minfo[39m: 1. schedule/week6/topics
2026-07-28T16:32:01.856Z - [32minfo[39m: [00:32:01] Reload for file change: /Users/damithch/Repos/nus-cs2103/cs2103-website-base/book/_site/projectPlanning/pertCharts/unit-inElsewhere-asFlat._include_.html
2026-07-28T16:32:01.856Z - [32minfo[39m: Synchronizing opened pages list before reload
2026-07-28T16:32:01.856Z - [32minfo[39m: Current opened pages, from most-to-least recent:
2026-07-28T16:32:01.856Z - [32minfo[39m: 1. schedule/week6/topics
2026-07-28T16:32:01.856Z - [32minfo[39m: [00:32:01] Reload for file change: /Users/damithch/Repos/nus-cs2103/cs2103-website-base/book/_site/principles/interfaceSegregationPrinciple/unit-inElsewhere-asFlat._include_.html
2026-07-28T16:32:01.856Z - [32minfo[39m: Synchronizing opened pages list before reload
2026-07-28T16:32:01.856Z - [32minfo[39m: Current opened pages, from most-to-least recent:
2026-07-28T16:32:01.856Z - [32minfo[39m: 1. schedule/week6/topics
2026-07-28T16:32:01.856Z - [32minfo[39m: [00:32:01] Reload for file change: /Users/damithch/Repos/nus-cs2103/cs2103-website-base/book/_site/principles/review/unit-inElsewhere-asFlat._include_.html
2026-07-28T16:32:01.856Z - [32minfo[39m: Synchronizing opened pages list before reload
2026-07-28T16:32:01.856Z - [32minfo[39m: Current opened pages, from most-to-least recent:
2026-07-28T16:32:01.856Z - [32minfo[39m: 1. schedule/week6/topics
2026-07-28T16:32:01.856Z - [32minfo[39m: [00:32:01] Reload for file change: /Users/damithch/Repos/nus-cs2103/cs2103-website-base/book/_site/gatheringRequirements/interviews/unit-inElsewhere-asFlat._include_.html
2026-07-28T16:32:01.856Z - [32minfo[39m: Synchronizing opened pages list before reload
2026-07-28T16:32:01.857Z - [32minfo[39m: Current opened pages, from most-to-least recent:
2026-07-28T16:32:01.857Z - [32minfo[39m: 1. schedule/week6/topics
2026-07-28T16:32:01.857Z - [32minfo[39m: [00:32:01] Reload for file change: /Users/damithch/Repos/nus-cs2103/cs2103-website-base/book/_site/projectPlanning/milestones/unit-inElsewhere-asFlat._include_.html
2026-07-28T16:32:01.857Z - [32minfo[39m: Synchronizing opened pages list before reload
2026-07-28T16:32:01.857Z - [32minfo[39m: Current opened pages, from most-to-least recent:
2026-07-28T16:32:01.857Z - [32minfo[39m: 1. schedule/week6/topics
2026-07-28T16:32:01.857Z - [32minfo[39m: [00:32:01] Reload for file change: /Users/damithch/Repos/nus-cs2103/cs2103-website-base/book/_site/requirements/prioritizing/unit-inElsewhere-asFlat._include_.html
2026-07-28T16:32:01.857Z - [32minfo[39m: Synchronizing opened pages list before reload
2026-07-28T16:32:01.857Z - [32minfo[39m: Current opened pages, from most-to-least recent:
2026-07-28T16:32:01.857Z - [32minfo[39m: 1. schedule/week6/topics
2026-07-28T16:32:01.857Z - [32minfo[39m: [00:32:01] Reload for file change: /Users/damithch/Repos/nus-cs2103/cs2103-website-base/book/_site/refactoring/what/unit-inElsewhere-asFlat._include_.html
2026-07-28T16:32:01.857Z - [32minfo[39m: Synchronizing opened pages list before reload
2026-07-28T16:32:01.857Z - [32minfo[39m: Current opened pages, from most-to-least recent:
2026-07-28T16:32:01.857Z - [32minfo[39m: 1. schedule/week6/topics
2026-07-28T16:32:01.857Z - [32minfo[39m: [00:32:01] Reload for file change: /Users/damithch/Repos/nus-cs2103/cs2103-website-base/book/_site/projectPlanning/ganttCharts/unit-inElsewhere-asFlat._include_.html
2026-07-28T16:32:01.857Z - [32minfo[39m: Synchronizing opened pages list before reload
2026-07-28T16:32:01.857Z - [32minfo[39m: Current opened pages, from most-to-least recent:
2026-07-28T16:32:01.857Z - [32minfo[39m: 1. schedule/week6/topics
2026-07-28T16:32:01.857Z - [32minfo[39m: [00:32:01] Reload for file change: /Users/damithch/Repos/nus-cs2103/cs2103-website-base/book/_site/principles/solidPrinciples/unit-inElsewhere-asFlat._include_.html
2026-07-28T16:32:01.857Z - [32minfo[39m: Synchronizing opened pages list before reload
2026-07-28T16:32:01.857Z - [32minfo[39m: Current opened pages, from most-to-least recent:
2026-07-28T16:32:01.857Z - [32minfo[39m: 1. schedule/week6/topics
2026-07-28T16:32:01.857Z - [32minfo[39m: [00:32:01] Reload for file change: /Users/damithch/Repos/nus-cs2103/cs2103-website-base/book/_site/codeQuality/maximizeReadability/basic/avoidLongMethods/unit-inElsewhere-asFlat._include_.html
2026-07-28T16:32:01.857Z - [32minfo[39m: Synchronizing opened pages list before reload
2026-07-28T16:32:01.857Z - [32minfo[39m: Current opened pages, from most-to-least recent:
2026-07-28T16:32:01.857Z - [32minfo[39m: 1. schedule/week6/topics
2026-07-28T16:32:01.858Z - [32minfo[39m: [00:32:01] Reload for file change: /Users/damithch/Repos/nus-cs2103/cs2103-website-base/book/_site/testing/testingTypes/integrationTesting/what/unit-inElsewhere-asFlat._include_.html
2026-07-28T16:32:01.858Z - [32minfo[39m: Synchronizing opened pages list before reload
2026-07-28T16:32:01.858Z - [32minfo[39m: Current opened pages, from most-to-least recent:
2026-07-28T16:32:01.858Z - [32minfo[39m: 1. schedule/week6/topics
2026-07-28T16:32:01.858Z - [32minfo[39m: [00:32:01] Reload for file change: /Users/damithch/Repos/nus-cs2103/cs2103-website-base/book/_site/uml/classDiagrams/associations/what/unit-inElsewhere-asFlat._include_.html
2026-07-28T16:32:01.858Z - [32minfo[39m: Synchronizing opened pages list before reload
2026-07-28T16:32:01.858Z - [32minfo[39m: Current opened pages, from most-to-least recent:
2026-07-28T16:32:01.858Z - [32minfo[39m: 1. schedule/week6/topics
2026-07-28T16:32:01.858Z - [32minfo[39m: [00:32:01] Reload for file change: /Users/damithch/Repos/nus-cs2103/cs2103-website-base/book/_site/testing/testingTypes/acceptanceTesting/what/unit-inElsewhere-asFlat._include_.html
2026-07-28T16:32:01.861Z - [32minfo[39m: Synchronizing opened pages list before reload
2026-07-28T16:32:01.861Z - [32minfo[39m: Current opened pages, from most-to-least recent:
2026-07-28T16:32:01.861Z - [32minfo[39m: 1. schedule/week6/topics
2026-07-28T16:32:01.862Z - [32minfo[39m: [00:32:01] Reload for file change: /Users/damithch/Repos/nus-cs2103/cs2103-website-base/book/_site/codeQuality/maximizeReadability/intermediate/structureCodeLogically/unit-inElsewhere-asFlat._include_.html
2026-07-28T16:32:01.862Z - [32minfo[39m: Synchronizing opened pages list before reload
2026-07-28T16:32:01.862Z - [32minfo[39m: Current opened pages, from most-to-least recent:
2026-07-28T16:32:01.862Z - [32minfo[39m: 1. schedule/week6/topics
2026-07-28T16:32:01.862Z - [32minfo[39m: [00:32:01] Reload for file change: /Users/damithch/Repos/nus-cs2103/cs2103-website-base/book/_site/uml/activityDiagrams/basicNotations/swimlanes/unit-inElsewhere-asFlat._include_.html
2026-07-28T16:32:01.862Z - [32minfo[39m: Synchronizing opened pages list before reload
2026-07-28T16:32:01.862Z - [32minfo[39m: Current opened pages, from most-to-least recent:
2026-07-28T16:32:01.862Z - [32minfo[39m: 1. schedule/week6/topics
2026-07-28T16:32:01.862Z - [32minfo[39m: [00:32:01] Reload for file change: /Users/damithch/Repos/nus-cs2103/cs2103-website-base/book/_site/uml/activityDiagrams/basicNotations/alternatePaths/unit-inElsewhere-asFlat._include_.html
2026-07-28T16:32:01.862Z - [32minfo[39m: Synchronizing opened pages list before reload
2026-07-28T16:32:01.862Z - [32minfo[39m: Current opened pages, from most-to-least recent:
2026-07-28T16:32:01.862Z - [32minfo[39m: 1. schedule/week6/topics
2026-07-28T16:32:01.863Z - [32minfo[39m: [00:32:01] Reload for file change: /Users/damithch/Repos/nus-cs2103/cs2103-website-base/book/_site/codeQuality/maximizeReadability/intermediate/dontTripReader/unit-inElsewhere-asFlat._include_.html
2026-07-28T16:32:01.863Z - [32minfo[39m: Synchronizing opened pages list before reload
2026-07-28T16:32:01.863Z - [32minfo[39m: Current opened pages, from most-to-least recent:
2026-07-28T16:32:01.863Z - [32minfo[39m: 1. schedule/week6/topics
2026-07-28T16:32:01.863Z - [32minfo[39m: [00:32:01] Reload for file change: /Users/damithch/Repos/nus-cs2103/cs2103-website-base/book/_site/codeQuality/maximizeReadability/basic/avoidMagicNumbers/unit-inElsewhere-asFlat._include_.html
2026-07-28T16:32:01.863Z - [32minfo[39m: Synchronizing opened pages list before reload
2026-07-28T16:32:01.863Z - [32minfo[39m: Current opened pages, from most-to-least recent:
2026-07-28T16:32:01.863Z - [32minfo[39m: 1. schedule/week6/topics
2026-07-28T16:32:01.863Z - [32minfo[39m: [00:32:01] Reload for file change: /Users/damithch/Repos/nus-cs2103/cs2103-website-base/book/_site/testing/testingTypes/unitTesting/what/unit-inElsewhere-asFlat._include_.html
2026-07-28T16:32:01.863Z - [32minfo[39m: Synchronizing opened pages list before reload
2026-07-28T16:32:01.863Z - [32minfo[39m: Current opened pages, from most-to-least recent:
2026-07-28T16:32:01.863Z - [32minfo[39m: 1. schedule/week6/topics
2026-07-28T16:32:01.863Z - [32minfo[39m: [00:32:01] Reload for file change: /Users/damithch/Repos/nus-cs2103/cs2103-website-base/book/_site/architecture/architecturalStyles/introduction/what/unit-inElsewhere-asFlat._include_.html
2026-07-28T16:32:01.863Z - [32minfo[39m: Synchronizing opened pages list before reload
2026-07-28T16:32:01.863Z - [32minfo[39m: Current opened pages, from most-to-least recent:
2026-07-28T16:32:01.863Z - [32minfo[39m: 1. schedule/week6/topics
2026-07-28T16:32:01.863Z - [32minfo[39m: [00:32:01] Reload for file change: /Users/damithch/Repos/nus-cs2103/cs2103-website-base/book/_site/documentation/tools/markdown/how/unit-inElsewhere-asFlat._include_.html
2026-07-28T16:32:01.864Z - [32minfo[39m: Synchronizing opened pages list before reload
2026-07-28T16:32:01.864Z - [32minfo[39m: Current opened pages, from most-to-least recent:
2026-07-28T16:32:01.864Z - [32minfo[39m: 1. schedule/week6/topics
2026-07-28T16:32:01.864Z - [32minfo[39m: [00:32:01] Reload for file change: /Users/damithch/Repos/nus-cs2103/cs2103-website-base/book/_site/uml/classDiagrams/dependencies/what/unit-inElsewhere-asFlat._include_.html
2026-07-28T16:32:01.864Z - [32minfo[39m: Synchronizing opened pages list before reload
2026-07-28T16:32:01.864Z - [32minfo[39m: Current opened pages, from most-to-least recent:
2026-07-28T16:32:01.864Z - [32minfo[39m: 1. schedule/week6/topics
2026-07-28T16:32:01.864Z - [32minfo[39m: [00:32:01] Reload for file change: /Users/damithch/Repos/nus-cs2103/cs2103-website-base/book/_site/uml/classDiagrams/associations/roles/unit-inElsewhere-asFlat._include_.html
2026-07-28T16:32:01.865Z - [32minfo[39m: Synchronizing opened pages list before reload
2026-07-28T16:32:01.865Z - [32minfo[39m: Current opened pages, from most-to-least recent:
2026-07-28T16:32:01.865Z - [32minfo[39m: 1. schedule/week6/topics
2026-07-28T16:32:01.865Z - [32minfo[39m: [00:32:01] Reload for file change: /Users/damithch/Repos/nus-cs2103/cs2103-website-base/book/_site/codeQuality/nameWell/intermediate/notTooLongNorShort/unit-inElsewhere-asFlat._include_.html
2026-07-28T16:32:01.865Z - [32minfo[39m: Synchronizing opened pages list before reload
2026-07-28T16:32:01.865Z - [32minfo[39m: Current opened pages, from most-to-least recent:
2026-07-28T16:32:01.865Z - [32minfo[39m: 1. schedule/week6/topics
2026-07-28T16:32:01.865Z - [32minfo[39m: [00:32:01] Reload for file change: /Users/damithch/Repos/nus-cs2103/cs2103-website-base/book/_site/architecture/architecturalStyles/layered/what/unit-inElsewhere-asFlat._include_.html
2026-07-28T16:32:01.866Z - [32minfo[39m: Synchronizing opened pages list before reload
2026-07-28T16:32:01.866Z - [32minfo[39m: Current opened pages, from most-to-least recent:
2026-07-28T16:32:01.866Z - [32minfo[39m: 1. schedule/week6/topics
2026-07-28T16:32:01.866Z - [32minfo[39m: [00:32:01] Reload for file change: /Users/damithch/Repos/nus-cs2103/cs2103-website-base/book/_site/uml/activityDiagrams/basicNotations/linearPaths/unit-inElsewhere-asFlat._include_.html
2026-07-28T16:32:01.866Z - [32minfo[39m: Synchronizing opened pages list before reload
2026-07-28T16:32:01.866Z - [32minfo[39m: Current opened pages, from most-to-least recent:
2026-07-28T16:32:01.866Z - [32minfo[39m: 1. schedule/week6/topics
2026-07-28T16:32:01.866Z - [32minfo[39m: [00:32:01] Reload for file change: /Users/damithch/Repos/nus-cs2103/cs2103-website-base/book/_site/codeQuality/avoidShortcuts/basic/deleteDeadCode/unit-inElsewhere-asFlat._include_.html
2026-07-28T16:32:01.866Z - [32minfo[39m: Synchronizing opened pages list before reload
2026-07-28T16:32:01.866Z - [32minfo[39m: Current opened pages, from most-to-least recent:
2026-07-28T16:32:01.866Z - [32minfo[39m: 1. schedule/week6/topics
2026-07-28T16:32:01.866Z - [32minfo[39m: [00:32:01] Reload for file change: /Users/damithch/Repos/nus-cs2103/cs2103-website-base/book/_site/codeQuality/avoidShortcuts/basic/dontRecycleVarsOrParams/unit-inElsewhere-asFlat._include_.html
2026-07-28T16:32:01.866Z - [32minfo[39m: Synchronizing opened pages list before reload
2026-07-28T16:32:01.867Z - [32minfo[39m: Current opened pages, from most-to-least recent:
2026-07-28T16:32:01.867Z - [32minfo[39m: 1. schedule/week6/topics
2026-07-28T16:32:01.867Z - [32minfo[39m: [00:32:01] Reload for file change: /Users/damithch/Repos/nus-cs2103/cs2103-website-base/book/_site/codeQuality/nameWell/intermediate/useNameExplain/unit-inElsewhere-asFlat._include_.html
2026-07-28T16:32:01.867Z - [32minfo[39m: Synchronizing opened pages list before reload
2026-07-28T16:32:01.867Z - [32minfo[39m: Current opened pages, from most-to-least recent:
2026-07-28T16:32:01.867Z - [32minfo[39m: 1. schedule/week6/topics
2026-07-28T16:32:01.867Z - [32minfo[39m: [00:32:01] Reload for file change: /Users/damithch/Repos/nus-cs2103/cs2103-website-base/book/_site/codeQuality/avoidShortcuts/intermediate/minimiseVariableScope/unit-inElsewhere-asFlat._include_.html
2026-07-28T16:32:01.867Z - [32minfo[39m: Synchronizing opened pages list before reload
2026-07-28T16:32:01.867Z - [32minfo[39m: Current opened pages, from most-to-least recent:
2026-07-28T16:32:01.867Z - [32minfo[39m: 1. schedule/week6/topics
2026-07-28T16:32:01.867Z - [32minfo[39m: [00:32:01] Reload for file change: /Users/damithch/Repos/nus-cs2103/cs2103-website-base/book/_site/documentation/tools/javaDoc/what/unit-inElsewhere-asFlat._include_.html
2026-07-28T16:32:01.867Z - [32minfo[39m: Synchronizing opened pages list before reload
2026-07-28T16:32:01.867Z - [32minfo[39m: Current opened pages, from most-to-least recent:
2026-07-28T16:32:01.867Z - [32minfo[39m: 1. schedule/week6/topics
2026-07-28T16:32:01.867Z - [32minfo[39m: [00:32:01] Reload for file change: /Users/damithch/Repos/nus-cs2103/cs2103-website-base/book/_site/documentation/tools/markdown/what/unit-inElsewhere-asFlat._include_.html
2026-07-28T16:32:01.867Z - [32minfo[39m: Synchronizing opened pages list before reload
2026-07-28T16:32:01.867Z - [32minfo[39m: Current opened pages, from most-to-least recent:
2026-07-28T16:32:01.867Z - [32minfo[39m: 1. schedule/week6/topics
2026-07-28T16:32:01.867Z - [32minfo[39m: [00:32:01] Reload for file change: /Users/damithch/Repos/nus-cs2103/cs2103-website-base/book/_site/codeQuality/commentMinimally/intermediate/explainWhatWhyNotHow/unit-inElsewhere-asFlat._include_.html
2026-07-28T16:32:01.867Z - [32minfo[39m: Synchronizing opened pages list before reload
2026-07-28T16:32:01.867Z - [32minfo[39m: Current opened pages, from most-to-least recent:
2026-07-28T16:32:01.867Z - [32minfo[39m: 1. schedule/week6/topics
2026-07-28T16:32:01.867Z - [32minfo[39m: [00:32:01] Reload for file change: /Users/damithch/Repos/nus-cs2103/cs2103-website-base/book/_site/testing/testingTypes/developerTesting/why/unit-inElsewhere-asFlat._include_.html
2026-07-28T16:32:01.867Z - [32minfo[39m: Synchronizing opened pages list before reload
2026-07-28T16:32:01.867Z - [32minfo[39m: Current opened pages, from most-to-least recent:
2026-07-28T16:32:01.867Z - [32minfo[39m: 1. schedule/week6/topics
2026-07-28T16:32:01.867Z - [32minfo[39m: [00:32:01] Reload for file change: /Users/damithch/Repos/nus-cs2103/cs2103-website-base/book/_site/codeQuality/avoidShortcuts/basic/useDefaultBranch/unit-inElsewhere-asFlat._include_.html
2026-07-28T16:32:01.867Z - [32minfo[39m: Synchronizing opened pages list before reload
2026-07-28T16:32:01.867Z - [32minfo[39m: Current opened pages, from most-to-least recent:
2026-07-28T16:32:01.868Z - [32minfo[39m: 1. schedule/week6/topics
2026-07-28T16:32:01.868Z - [32minfo[39m: [00:32:01] Reload for file change: /Users/damithch/Repos/nus-cs2103/cs2103-website-base/book/_site/codeQuality/commentMinimally/basic/writeToReader/unit-inElsewhere-asFlat._include_.html
2026-07-28T16:32:01.868Z - [32minfo[39m: Synchronizing opened pages list before reload
2026-07-28T16:32:01.868Z - [32minfo[39m: Current opened pages, from most-to-least recent:
2026-07-28T16:32:01.868Z - [32minfo[39m: 1. schedule/week6/topics
2026-07-28T16:32:01.868Z - [32minfo[39m: [00:32:01] Reload for file change: /Users/damithch/Repos/nus-cs2103/cs2103-website-base/book/_site/uml/activityDiagrams/basicNotations/parallelPaths/unit-inElsewhere-asFlat._include_.html
2026-07-28T16:32:01.868Z - [32minfo[39m: Synchronizing opened pages list before reload
2026-07-28T16:32:01.868Z - [32minfo[39m: Current opened pages, from most-to-least recent:
2026-07-28T16:32:01.868Z - [32minfo[39m: 1. schedule/week6/topics
2026-07-28T16:32:01.868Z - [32minfo[39m: [00:32:01] Reload for file change: /Users/damithch/Repos/nus-cs2103/cs2103-website-base/book/_site/uml/classDiagrams/associations/navigability/unit-inElsewhere-asFlat._include_.html
2026-07-28T16:32:01.868Z - [32minfo[39m: Synchronizing opened pages list before reload
2026-07-28T16:32:01.868Z - [32minfo[39m: Current opened pages, from most-to-least recent:
2026-07-28T16:32:01.868Z - [32minfo[39m: 1. schedule/week6/topics
2026-07-28T16:32:01.868Z - [32minfo[39m: [00:32:01] Reload for file change: /Users/damithch/Repos/nus-cs2103/cs2103-website-base/book/_site/codeQuality/maximizeReadability/advanced/makeHappyPathProminent/unit-inElsewhere-asFlat._include_.html
2026-07-28T16:32:01.868Z - [32minfo[39m: Synchronizing opened pages list before reload
2026-07-28T16:32:01.868Z - [32minfo[39m: Current opened pages, from most-to-least recent:
2026-07-28T16:32:01.868Z - [32minfo[39m: 1. schedule/week6/topics
2026-07-28T16:32:01.868Z - [32minfo[39m: [00:32:01] Reload for file change: /Users/damithch/Repos/nus-cs2103/cs2103-website-base/book/_site/uml/classDiagrams/interfaces/what/unit-inElsewhere-asFlat._include_.html
2026-07-28T16:32:01.868Z - [32minfo[39m: Synchronizing opened pages list before reload
2026-07-28T16:32:01.868Z - [32minfo[39m: Current opened pages, from most-to-least recent:
2026-07-28T16:32:01.868Z - [32minfo[39m: 1. schedule/week6/topics
2026-07-28T16:32:01.868Z - [32minfo[39m: [00:32:01] Reload for file change: /Users/damithch/Repos/nus-cs2103/cs2103-website-base/book/_site/uml/classDiagrams/classes/what/unit-inElsewhere-asFlat._include_.html
2026-07-28T16:32:01.868Z - [32minfo[39m: Synchronizing opened pages list before reload
2026-07-28T16:32:01.868Z - [32minfo[39m: Current opened pages, from most-to-least recent:
2026-07-28T16:32:01.868Z - [32minfo[39m: 1. schedule/week6/topics
2026-07-28T16:32:01.868Z - [32minfo[39m: [00:32:01] Reload for file change: /Users/damithch/Repos/nus-cs2103/cs2103-website-base/book/_site/documentation/tools/javaDoc/how/unit-inElsewhere-asFlat._include_.html
2026-07-28T16:32:01.868Z - [32minfo[39m: Synchronizing opened pages list before reload
2026-07-28T16:32:01.868Z - [32minfo[39m: Current opened pages, from most-to-least recent:
2026-07-28T16:32:01.868Z - [32minfo[39m: 1. schedule/week6/topics
2026-07-28T16:32:01.868Z - [32minfo[39m: [00:32:01] Reload for file change: /Users/damithch/Repos/nus-cs2103/cs2103-website-base/book/_site/testing/testingTypes/unitTesting/stubs/unit-inElsewhere-asFlat._include_.html
2026-07-28T16:32:01.868Z - [32minfo[39m: Synchronizing opened pages list before reload
2026-07-28T16:32:01.868Z - [32minfo[39m: Current opened pages, from most-to-least recent:
2026-07-28T16:32:01.868Z - [32minfo[39m: 1. schedule/week6/topics
2026-07-28T16:32:01.869Z - [32minfo[39m: [00:32:01] Reload for file change: /Users/damithch/Repos/nus-cs2103/cs2103-website-base/book/_site/codeQuality/maximizeReadability/intermediate/avoidPrematureOptimizations/unit-inElsewhere-asFlat._include_.html
2026-07-28T16:32:01.869Z - [32minfo[39m: Synchronizing opened pages list before reload
2026-07-28T16:32:01.869Z - [32minfo[39m: Current opened pages, from most-to-least recent:
2026-07-28T16:32:01.869Z - [32minfo[39m: 1. schedule/week6/topics
2026-07-28T16:32:01.869Z - [32minfo[39m: [00:32:01] Reload for file change: /Users/damithch/Repos/nus-cs2103/cs2103-website-base/book/_site/testing/testingTypes/exploratoryVsScriptedTesting/when/unit-inElsewhere-asFlat._include_.html
2026-07-28T16:32:01.869Z - [32minfo[39m: Synchronizing opened pages list before reload
2026-07-28T16:32:01.869Z - [32minfo[39m: Current opened pages, from most-to-least recent:
2026-07-28T16:32:01.869Z - [32minfo[39m: 1. schedule/week6/topics
2026-07-28T16:32:01.869Z - [32minfo[39m: [00:32:01] Reload for file change: /Users/damithch/Repos/nus-cs2103/cs2103-website-base/book/_site/codeQuality/avoidShortcuts/intermediate/minimiseCodeDuplication/unit-inElsewhere-asFlat._include_.html
2026-07-28T16:32:01.869Z - [32minfo[39m: Synchronizing opened pages list before reload
2026-07-28T16:32:01.869Z - [32minfo[39m: Current opened pages, from most-to-least recent:
2026-07-28T16:32:01.869Z - [32minfo[39m: 1. schedule/week6/topics
2026-07-28T16:32:01.869Z - [32minfo[39m: [00:32:01] Reload for file change: /Users/damithch/Repos/nus-cs2103/cs2103-website-base/book/_site/documentation/guidelines/goTopDown/why/unit-inElsewhere-asFlat._include_.html
2026-07-28T16:32:01.869Z - [32minfo[39m: Synchronizing opened pages list before reload
2026-07-28T16:32:01.869Z - [32minfo[39m: Current opened pages, from most-to-least recent:
2026-07-28T16:32:01.869Z - [32minfo[39m: 1. schedule/week6/topics
2026-07-28T16:32:01.869Z - [32minfo[39m: [00:32:01] Reload for file change: /Users/damithch/Repos/nus-cs2103/cs2103-website-base/book/_site/codeQuality/maximizeReadability/intermediate/practiceKISSing/unit-inElsewhere-asFlat._include_.html
2026-07-28T16:32:01.869Z - [32minfo[39m: Synchronizing opened pages list before reload
2026-07-28T16:32:01.869Z - [32minfo[39m: Current opened pages, from most-to-least recent:
2026-07-28T16:32:01.869Z - [32minfo[39m: 1. schedule/week6/topics
2026-07-28T16:32:01.869Z - [32minfo[39m: [00:32:01] Reload for file change: /Users/damithch/Repos/nus-cs2103/cs2103-website-base/book/_site/uml/classDiagrams/introduction/what/unit-inElsewhere-asFlat._include_.html
2026-07-28T16:32:01.869Z - [32minfo[39m: Synchronizing opened pages list before reload
2026-07-28T16:32:01.869Z - [32minfo[39m: Current opened pages, from most-to-least recent:
2026-07-28T16:32:01.869Z - [32minfo[39m: 1. schedule/week6/topics
2026-07-28T16:32:01.869Z - [32minfo[39m: [00:32:01] Reload for file change: /Users/damithch/Repos/nus-cs2103/cs2103-website-base/book/_site/uml/classDiagrams/aggregation/what/unit-inElsewhere-asFlat._include_.html
2026-07-28T16:32:01.869Z - [32minfo[39m: Synchronizing opened pages list before reload
2026-07-28T16:32:01.869Z - [32minfo[39m: Current opened pages, from most-to-least recent:
2026-07-28T16:32:01.869Z - [32minfo[39m: 1. schedule/week6/topics
2026-07-28T16:32:01.869Z - [32minfo[39m: [00:32:01] Reload for file change: /Users/damithch/Repos/nus-cs2103/cs2103-website-base/book/_site/codeQuality/avoidShortcuts/basic/avoidEmptyCatchBlocks/unit-inElsewhere-asFlat._include_.html
2026-07-28T16:32:01.870Z - [32minfo[39m: Synchronizing opened pages list before reload
2026-07-28T16:32:01.870Z - [32minfo[39m: Current opened pages, from most-to-least recent:
2026-07-28T16:32:01.870Z - [32minfo[39m: 1. schedule/week6/topics
2026-07-28T16:32:01.870Z - [32minfo[39m: [00:32:01] Reload for file change: /Users/damithch/Repos/nus-cs2103/cs2103-website-base/book/_site/uml/classDiagrams/classLevelMembers/what/unit-inElsewhere-asFlat._include_.html
2026-07-28T16:32:01.870Z - [32minfo[39m: Synchronizing opened pages list before reload
2026-07-28T16:32:01.870Z - [32minfo[39m: Current opened pages, from most-to-least recent:
2026-07-28T16:32:01.870Z - [32minfo[39m: 1. schedule/week6/topics
2026-07-28T16:32:01.870Z - [32minfo[39m: [00:32:01] Reload for file change: /Users/damithch/Repos/nus-cs2103/cs2103-website-base/book/_site/documentation/guidelines/goTopDown/what/unit-inElsewhere-asFlat._include_.html
2026-07-28T16:32:01.870Z - [32minfo[39m: Synchronizing opened pages list before reload
2026-07-28T16:32:01.870Z - [32minfo[39m: Current opened pages, from most-to-least recent:
2026-07-28T16:32:01.870Z - [32minfo[39m: 1. schedule/week6/topics
2026-07-28T16:32:01.870Z - [32minfo[39m: [00:32:01] Reload for file change: /Users/damithch/Repos/nus-cs2103/cs2103-website-base/book/_site/testing/testingTypes/systemTesting/what/unit-inElsewhere-asFlat._include_.html
2026-07-28T16:32:01.870Z - [32minfo[39m: Synchronizing opened pages list before reload
2026-07-28T16:32:01.870Z - [32minfo[39m: Current opened pages, from most-to-least recent:
2026-07-28T16:32:01.870Z - [32minfo[39m: 1. schedule/week6/topics
2026-07-28T16:32:01.870Z - [32minfo[39m: [00:32:01] Reload for file change: /Users/damithch/Repos/nus-cs2103/cs2103-website-base/book/_site/uml/classDiagrams/associations/multiplicity/unit-inElsewhere-asFlat._include_.html
2026-07-28T16:32:01.870Z - [32minfo[39m: Synchronizing opened pages list before reload
2026-07-28T16:32:01.870Z - [32minfo[39m: Current opened pages, from most-to-least recent:
2026-07-28T16:32:01.870Z - [32minfo[39m: 1. schedule/week6/topics
2026-07-28T16:32:01.870Z - [32minfo[39m: [00:32:01] Reload for file change: /Users/damithch/Repos/nus-cs2103/cs2103-website-base/book/_site/testing/testingTypes/developerTesting/what/unit-inElsewhere-asFlat._include_.html
2026-07-28T16:32:01.870Z - [32minfo[39m: Synchronizing opened pages list before reload
2026-07-28T16:32:01.870Z - [32minfo[39m: Current opened pages, from most-to-least recent:
2026-07-28T16:32:01.870Z - [32minfo[39m: 1. schedule/week6/topics
2026-07-28T16:32:01.870Z - [32minfo[39m: [00:32:01] Reload for file change: /Users/damithch/Repos/nus-cs2103/cs2103-website-base/book/_site/architecture/architecturalStyles/eventDriven/what/unit-inElsewhere-asFlat._include_.html
2026-07-28T16:32:01.870Z - [32minfo[39m: Synchronizing opened pages list before reload
2026-07-28T16:32:01.870Z - [32minfo[39m: Current opened pages, from most-to-least recent:
2026-07-28T16:32:01.870Z - [32minfo[39m: 1. schedule/week6/topics
2026-07-28T16:32:01.870Z - [32minfo[39m: [00:32:01] Reload for file change: /Users/damithch/Repos/nus-cs2103/cs2103-website-base/book/_site/testing/testingTypes/dogfooding/what/unit-inElsewhere-asFlat._include_.html
2026-07-28T16:32:01.870Z - [32minfo[39m: Synchronizing opened pages list before reload
2026-07-28T16:32:01.871Z - [32minfo[39m: Current opened pages, from most-to-least recent:
2026-07-28T16:32:01.871Z - [32minfo[39m: 1. schedule/week6/topics
2026-07-28T16:32:01.871Z - [32minfo[39m: [00:32:01] Reload for file change: /Users/damithch/Repos/nus-cs2103/cs2103-website-base/book/_site/codeQuality/maximizeReadability/basic/makeCodeObvious/unit-inElsewhere-asFlat._include_.html
2026-07-28T16:32:01.871Z - [32minfo[39m: Synchronizing opened pages list before reload
2026-07-28T16:32:01.871Z - [32minfo[39m: Current opened pages, from most-to-least recent:
2026-07-28T16:32:01.871Z - [32minfo[39m: 1. schedule/week6/topics
2026-07-28T16:32:01.871Z - [32minfo[39m: [00:32:01] Reload for file change: /Users/damithch/Repos/nus-cs2103/cs2103-website-base/book/_site/architecture/architecturalStyles/more/usingStyles/unit-inElsewhere-asFlat._include_.html
2026-07-28T16:32:01.871Z - [32minfo[39m: Synchronizing opened pages list before reload
2026-07-28T16:32:01.871Z - [32minfo[39m: Current opened pages, from most-to-least recent:
2026-07-28T16:32:01.871Z - [32minfo[39m: 1. schedule/week6/topics
2026-07-28T16:32:01.871Z - [32minfo[39m: [00:32:01] Reload for file change: /Users/damithch/Repos/nus-cs2103/cs2103-website-base/book/_site/uml/activityDiagrams/basicNotations/rakes/unit-inElsewhere-asFlat._include_.html
2026-07-28T16:32:01.871Z - [32minfo[39m: Synchronizing opened pages list before reload
2026-07-28T16:32:01.871Z - [32minfo[39m: Current opened pages, from most-to-least recent:
2026-07-28T16:32:01.871Z - [32minfo[39m: 1. schedule/week6/topics
2026-07-28T16:32:01.871Z - [32minfo[39m: [00:32:01] Reload for file change: /Users/damithch/Repos/nus-cs2103/cs2103-website-base/book/_site/codeQuality/maximizeReadability/intermediate/slapHard/unit-inElsewhere-asFlat._include_.html
2026-07-28T16:32:01.872Z - [32minfo[39m: Synchronizing opened pages list before reload
2026-07-28T16:32:01.872Z - [32minfo[39m: Current opened pages, from most-to-least recent:
2026-07-28T16:32:01.872Z - [32minfo[39m: 1. schedule/week6/topics
2026-07-28T16:32:01.872Z - [32minfo[39m: [00:32:01] Reload for file change: /Users/damithch/Repos/nus-cs2103/cs2103-website-base/book/_site/codeQuality/nameWell/intermediate/avoidMisleadingNames/unit-inElsewhere-asFlat._include_.html
2026-07-28T16:32:01.872Z - [32minfo[39m: Synchronizing opened pages list before reload
2026-07-28T16:32:01.872Z - [32minfo[39m: Current opened pages, from most-to-least recent:
2026-07-28T16:32:01.872Z - [32minfo[39m: 1. schedule/week6/topics
2026-07-28T16:32:01.872Z - [32minfo[39m: [00:32:01] Reload for file change: /Users/damithch/Repos/nus-cs2103/cs2103-website-base/book/_site/documentation/guidelines/documentMinimally/what/unit-inElsewhere-asFlat._include_.html
2026-07-28T16:32:01.872Z - [32minfo[39m: Synchronizing opened pages list before reload
2026-07-28T16:32:01.872Z - [32minfo[39m: Current opened pages, from most-to-least recent:
2026-07-28T16:32:01.872Z - [32minfo[39m: 1. schedule/week6/topics
2026-07-28T16:32:01.872Z - [32minfo[39m: [00:32:01] Reload for file change: /Users/damithch/Repos/nus-cs2103/cs2103-website-base/book/_site/uml/classDiagrams/enumerations/what/unit-inElsewhere-asFlat._include_.html
2026-07-28T16:32:01.872Z - [32minfo[39m: Synchronizing opened pages list before reload
2026-07-28T16:32:01.872Z - [32minfo[39m: Current opened pages, from most-to-least recent:
2026-07-28T16:32:01.872Z - [32minfo[39m: 1. schedule/week6/topics
2026-07-28T16:32:01.873Z - [32minfo[39m: [00:32:01] Reload for file change: /Users/damithch/Repos/nus-cs2103/cs2103-website-base/book/_site/testing/testingTypes/alphaBetaTesting/what/unit-inElsewhere-asFlat._include_.html
2026-07-28T16:32:01.873Z - [32minfo[39m: Synchronizing opened pages list before reload
2026-07-28T16:32:01.873Z - [32minfo[39m: Current opened pages, from most-to-least recent:
2026-07-28T16:32:01.873Z - [32minfo[39m: 1. schedule/week6/topics
2026-07-28T16:32:01.873Z - [32minfo[39m: [00:32:01] Reload for file change: /Users/damithch/Repos/nus-cs2103/cs2103-website-base/book/_site/documentation/guidelines/documentMinimally/how/unit-inElsewhere-asFlat._include_.html
2026-07-28T16:32:01.873Z - [32minfo[39m: Synchronizing opened pages list before reload
2026-07-28T16:32:01.873Z - [32minfo[39m: Current opened pages, from most-to-least recent:
2026-07-28T16:32:01.873Z - [32minfo[39m: 1. schedule/week6/topics
2026-07-28T16:32:01.873Z - [32minfo[39m: [00:32:01] Reload for file change: /Users/damithch/Repos/nus-cs2103/cs2103-website-base/book/_site/testing/testingTypes/acceptanceTesting/acceptanceVsSystemTesting/unit-inElsewhere-asFlat._include_.html
2026-07-28T16:32:01.873Z - [32minfo[39m: Synchronizing opened pages list before reload
2026-07-28T16:32:01.873Z - [32minfo[39m: Current opened pages, from most-to-least recent:
2026-07-28T16:32:01.873Z - [32minfo[39m: 1. schedule/week6/topics
2026-07-28T16:32:01.873Z - [32minfo[39m: [00:32:01] Reload for file change: /Users/damithch/Repos/nus-cs2103/cs2103-website-base/book/_site/documentation/guidelines/aimForComprehensibility/how/unit-inElsewhere-asFlat._include_.html
2026-07-28T16:32:01.873Z - [32minfo[39m: Synchronizing opened pages list before reload
2026-07-28T16:32:01.873Z - [32minfo[39m: Current opened pages, from most-to-least recent:
2026-07-28T16:32:01.873Z - [32minfo[39m: 1. schedule/week6/topics
2026-07-28T16:32:01.873Z - [32minfo[39m: [00:32:01] Reload for file change: /Users/damithch/Repos/nus-cs2103/cs2103-website-base/book/_site/uml/classDiagrams/composition/what/unit-inElsewhere-asFlat._include_.html
2026-07-28T16:32:01.873Z - [32minfo[39m: Synchronizing opened pages list before reload
2026-07-28T16:32:01.873Z - [32minfo[39m: Current opened pages, from most-to-least recent:
2026-07-28T16:32:01.873Z - [32minfo[39m: 1. schedule/week6/topics
2026-07-28T16:32:01.873Z - [32minfo[39m: [00:32:01] Reload for file change: /Users/damithch/Repos/nus-cs2103/cs2103-website-base/book/_site/uml/classDiagrams/associationsAsAttributes/what/unit-inElsewhere-asFlat._include_.html
2026-07-28T16:32:01.873Z - [32minfo[39m: Synchronizing opened pages list before reload
2026-07-28T16:32:01.873Z - [32minfo[39m: Current opened pages, from most-to-least recent:
2026-07-28T16:32:01.873Z - [32minfo[39m: 1. schedule/week6/topics
2026-07-28T16:32:01.873Z - [32minfo[39m: [00:32:01] Reload for file change: /Users/damithch/Repos/nus-cs2103/cs2103-website-base/book/_site/codeQuality/nameWell/basic/nounsAndVerbsAsNames/unit-inElsewhere-asFlat._include_.html
2026-07-28T16:32:01.873Z - [32minfo[39m: Synchronizing opened pages list before reload
2026-07-28T16:32:01.873Z - [32minfo[39m: Current opened pages, from most-to-least recent:
2026-07-28T16:32:01.873Z - [32minfo[39m: 1. schedule/week6/topics
2026-07-28T16:32:01.873Z - [32minfo[39m: [00:32:01] Reload for file change: /Users/damithch/Repos/nus-cs2103/cs2103-website-base/book/_site/uml/activityDiagrams/introduction/what/unit-inElsewhere-asFlat._include_.html
2026-07-28T16:32:01.873Z - [32minfo[39m: Synchronizing opened pages list before reload
2026-07-28T16:32:01.873Z - [32minfo[39m: Current opened pages, from most-to-least recent:
2026-07-28T16:32:01.873Z - [32minfo[39m: 1. schedule/week6/topics
2026-07-28T16:32:01.873Z - [32minfo[39m: [00:32:01] Reload for file change: /Users/damithch/Repos/nus-cs2103/cs2103-website-base/book/_site/testing/testingTypes/regressionTesting/what/unit-inElsewhere-asFlat._include_.html
2026-07-28T16:32:01.873Z - [32minfo[39m: Synchronizing opened pages list before reload
2026-07-28T16:32:01.873Z - [32minfo[39m: Current opened pages, from most-to-least recent:
2026-07-28T16:32:01.873Z - [32minfo[39m: 1. schedule/week6/topics
2026-07-28T16:32:01.874Z - [32minfo[39m: [00:32:01] Reload for file change: /Users/damithch/Repos/nus-cs2103/cs2103-website-base/book/_site/architecture/architecturalStyles/more/moreStyles/unit-inElsewhere-asFlat._include_.html
2026-07-28T16:32:01.874Z - [32minfo[39m: Synchronizing opened pages list before reload
2026-07-28T16:32:01.874Z - [32minfo[39m: Current opened pages, from most-to-least recent:
2026-07-28T16:32:01.874Z - [32minfo[39m: 1. schedule/week6/topics
2026-07-28T16:32:01.874Z - [32minfo[39m: [00:32:01] Reload for file change: /Users/damithch/Repos/nus-cs2103/cs2103-website-base/book/_site/documentation/guidelines/goTopDown/how/unit-inElsewhere-asFlat._include_.html
2026-07-28T16:32:01.874Z - [32minfo[39m: Synchronizing opened pages list before reload
2026-07-28T16:32:01.874Z - [32minfo[39m: Current opened pages, from most-to-least recent:
2026-07-28T16:32:01.874Z - [32minfo[39m: 1. schedule/week6/topics
2026-07-28T16:32:01.874Z - [32minfo[39m: [00:32:01] Reload for file change: /Users/damithch/Repos/nus-cs2103/cs2103-website-base/book/_site/architecture/architecturalStyles/serviceOriented/what/unit-inElsewhere-asFlat._include_.html
2026-07-28T16:32:01.874Z - [32minfo[39m: Synchronizing opened pages list before reload
2026-07-28T16:32:01.874Z - [32minfo[39m: Current opened pages, from most-to-least recent:
2026-07-28T16:32:01.874Z - [32minfo[39m: 1. schedule/week6/topics
2026-07-28T16:32:01.874Z - [32minfo[39m: [00:32:01] Reload for file change: /Users/damithch/Repos/nus-cs2103/cs2103-website-base/book/_site/uml/classDiagrams/associations/labels/unit-inElsewhere-asFlat._include_.html
2026-07-28T16:32:01.874Z - [32minfo[39m: Synchronizing opened pages list before reload
2026-07-28T16:32:01.874Z - [32minfo[39m: Current opened pages, from most-to-least recent:
2026-07-28T16:32:01.874Z - [32minfo[39m: 1. schedule/week6/topics
2026-07-28T16:32:01.874Z - [32minfo[39m: [00:32:01] Reload for file change: /Users/damithch/Repos/nus-cs2103/cs2103-website-base/book/_site/codeQuality/commentMinimally/basic/dontRepeatObvious/unit-inElsewhere-asFlat._include_.html
2026-07-28T16:32:01.874Z - [32minfo[39m: Synchronizing opened pages list before reload
2026-07-28T16:32:01.874Z - [32minfo[39m: Current opened pages, from most-to-least recent:
2026-07-28T16:32:01.874Z - [32minfo[39m: 1. schedule/week6/topics
2026-07-28T16:32:01.875Z - [32minfo[39m: [00:32:01] Reload for file change: /Users/damithch/Repos/nus-cs2103/cs2103-website-base/book/_site/uml/classDiagrams/classInheritance/what/unit-inElsewhere-asFlat._include_.html
2026-07-28T16:32:01.875Z - [32minfo[39m: Synchronizing opened pages list before reload
2026-07-28T16:32:01.875Z - [32minfo[39m: Current opened pages, from most-to-least recent:
2026-07-28T16:32:01.875Z - [32minfo[39m: 1. schedule/week6/topics
2026-07-28T16:32:01.875Z - [32minfo[39m: [00:32:01] Reload for file change: /Users/damithch/Repos/nus-cs2103/cs2103-website-base/book/_site/codeQuality/maximizeReadability/basic/avoidDeepNesting/unit-inElsewhere-asFlat._include_.html
2026-07-28T16:32:01.875Z - [32minfo[39m: Synchronizing opened pages list before reload
2026-07-28T16:32:01.875Z - [32minfo[39m: Current opened pages, from most-to-least recent:
2026-07-28T16:32:01.875Z - [32minfo[39m: 1. schedule/week6/topics
2026-07-28T16:32:01.875Z - [32minfo[39m: [00:32:01] Reload for file change: /Users/damithch/Repos/nus-cs2103/cs2103-website-base/book/_site/uml/classDiagrams/associationClasses/what/unit-inElsewhere-asFlat._include_.html
2026-07-28T16:32:01.875Z - [32minfo[39m: Synchronizing opened pages list before reload
2026-07-28T16:32:01.875Z - [32minfo[39m: Current opened pages, from most-to-least recent:
2026-07-28T16:32:01.875Z - [32minfo[39m: 1. schedule/week6/topics
2026-07-28T16:32:01.875Z - [32minfo[39m: [00:32:01] Reload for file change: /Users/damithch/Repos/nus-cs2103/cs2103-website-base/book/_site/documentation/tools/asciiDoc/what/unit-inElsewhere-asFlat._include_.html
2026-07-28T16:32:01.875Z - [32minfo[39m: Synchronizing opened pages list before reload
2026-07-28T16:32:01.875Z - [32minfo[39m: Current opened pages, from most-to-least recent:
2026-07-28T16:32:01.875Z - [32minfo[39m: 1. schedule/week6/topics
2026-07-28T16:32:01.875Z - [32minfo[39m: [00:32:01] Reload for file change: /Users/damithch/Repos/nus-cs2103/cs2103-website-base/book/_site/architecture/architecturalStyles/clientServer/what/unit-inElsewhere-asFlat._include_.html
2026-07-28T16:32:01.875Z - [32minfo[39m: Synchronizing opened pages list before reload
2026-07-28T16:32:01.875Z - [32minfo[39m: Current opened pages, from most-to-least recent:
2026-07-28T16:32:01.875Z - [32minfo[39m: 1. schedule/week6/topics
2026-07-28T16:32:01.875Z - [32minfo[39m: [00:32:01] Reload for file change: /Users/damithch/Repos/nus-cs2103/cs2103-website-base/book/_site/documentation/guidelines/aimForComprehensibility/what/unit-inElsewhere-asFlat._include_.html
2026-07-28T16:32:01.875Z - [32minfo[39m: Synchronizing opened pages list before reload
2026-07-28T16:32:01.875Z - [32minfo[39m: Current opened pages, from most-to-least recent:
2026-07-28T16:32:01.875Z - [32minfo[39m: 1. schedule/week6/topics
2026-07-28T16:32:01.875Z - [32minfo[39m: [00:32:01] Reload for file change: /Users/damithch/Repos/nus-cs2103/cs2103-website-base/book/_site/testing/testingTypes/exploratoryVsScriptedTesting/what/unit-inElsewhere-asFlat._include_.html
2026-07-28T16:32:01.876Z - [32minfo[39m: Synchronizing opened pages list before reload
2026-07-28T16:32:01.876Z - [32minfo[39m: Current opened pages, from most-to-least recent:
2026-07-28T16:32:01.876Z - [32minfo[39m: 1. schedule/week6/topics
2026-07-28T16:32:01.876Z - [32minfo[39m: [00:32:01] Reload for file change: /Users/damithch/Repos/nus-cs2103/cs2103-website-base/book/_site/uml/classDiagrams/abstractClasses/what/unit-inElsewhere-asFlat._include_.html
2026-07-28T16:32:01.876Z - [32minfo[39m: Synchronizing opened pages list before reload
2026-07-28T16:32:01.876Z - [32minfo[39m: Current opened pages, from most-to-least recent:
2026-07-28T16:32:01.876Z - [32minfo[39m: 1. schedule/week6/topics
2026-07-28T16:32:01.876Z - [32minfo[39m: [00:32:01] Reload for file change: /Users/damithch/Repos/nus-cs2103/cs2103-website-base/book/_site/codeQuality/maximizeReadability/basic/avoidComplicatedExpressions/unit-inElsewhere-asFlat._include_.html
2026-07-28T16:32:01.876Z - [32minfo[39m: Synchronizing opened pages list before reload
2026-07-28T16:32:01.876Z - [32minfo[39m: Current opened pages, from most-to-least recent:
2026-07-28T16:32:01.876Z - [32minfo[39m: 1. schedule/week6/topics
2026-07-28T16:32:01.876Z - [32minfo[39m: [00:32:01] Reload for file change: /Users/damithch/Repos/nus-cs2103/cs2103-website-base/book/_site/codeQuality/nameWell/basic/useStandardWords/unit-inElsewhere-asFlat._include_.html
2026-07-28T16:32:01.876Z - [32minfo[39m: Synchronizing opened pages list before reload
2026-07-28T16:32:01.877Z - [32minfo[39m: Current opened pages, from most-to-least recent:
2026-07-28T16:32:01.877Z - [32minfo[39m: 1. schedule/week6/topics
2026-07-28T16:32:01.877Z - [32minfo[39m: [00:32:01] Reload for file change: /Users/damithch/Repos/nus-cs2103/cs2103-website-base/book/_site/codeQuality/followStandard/basic/unit-inElsewhere-asFlat._include_.html
2026-07-28T16:32:01.877Z - [32minfo[39m: Synchronizing opened pages list before reload
2026-07-28T16:32:01.877Z - [32minfo[39m: Current opened pages, from most-to-least recent:
2026-07-28T16:32:01.877Z - [32minfo[39m: 1. schedule/week6/topics
2026-07-28T16:32:01.877Z - [32minfo[39m: [00:32:01] Reload for file change: /Users/damithch/Repos/nus-cs2103/cs2103-website-base/book/_site/designFundamentals/coupling/what/unit-inElsewhere-asFlat._include_.html
2026-07-28T16:32:01.877Z - [32minfo[39m: Synchronizing opened pages list before reload
2026-07-28T16:32:01.877Z - [32minfo[39m: Current opened pages, from most-to-least recent:
2026-07-28T16:32:01.877Z - [32minfo[39m: 1. schedule/week6/topics
2026-07-28T16:32:01.877Z - [32minfo[39m: [00:32:01] Reload for file change: /Users/damithch/Repos/nus-cs2103/cs2103-website-base/book/_site/codeQuality/nameWell/introduction/unit-inElsewhere-asFlat._include_.html
2026-07-28T16:32:01.877Z - [32minfo[39m: Synchronizing opened pages list before reload
2026-07-28T16:32:01.877Z - [32minfo[39m: Current opened pages, from most-to-least recent:
2026-07-28T16:32:01.877Z - [32minfo[39m: 1. schedule/week6/topics
2026-07-28T16:32:01.877Z - [32minfo[39m: [00:32:01] Reload for file change: /Users/damithch/Repos/nus-cs2103/cs2103-website-base/book/_site/codeQuality/followStandard/intermediate/unit-inElsewhere-asFlat._include_.html
2026-07-28T16:32:01.877Z - [32minfo[39m: Synchronizing opened pages list before reload
2026-07-28T16:32:01.877Z - [32minfo[39m: Current opened pages, from most-to-least recent:
2026-07-28T16:32:01.877Z - [32minfo[39m: 1. schedule/week6/topics
2026-07-28T16:32:01.877Z - [32minfo[39m: [00:32:01] Reload for file change: /Users/damithch/Repos/nus-cs2103/cs2103-website-base/book/_site/architecture/introduction/what/unit-inElsewhere-asFlat._include_.html
2026-07-28T16:32:01.877Z - [32minfo[39m: Synchronizing opened pages list before reload
2026-07-28T16:32:01.878Z - [32minfo[39m: Current opened pages, from most-to-least recent:
2026-07-28T16:32:01.878Z - [32minfo[39m: 1. schedule/week6/topics
2026-07-28T16:32:01.878Z - [32minfo[39m: [00:32:01] Reload for file change: /Users/damithch/Repos/nus-cs2103/cs2103-website-base/book/_site/codeQuality/commentMinimally/introduction/unit-inElsewhere-asFlat._include_.html
2026-07-28T16:32:01.878Z - [32minfo[39m: Synchronizing opened pages list before reload
2026-07-28T16:32:01.878Z - [32minfo[39m: Current opened pages, from most-to-least recent:
2026-07-28T16:32:01.878Z - [32minfo[39m: 1. schedule/week6/topics
2026-07-28T16:32:01.878Z - [32minfo[39m: [00:32:01] Reload for file change: /Users/damithch/Repos/nus-cs2103/cs2103-website-base/book/_site/designFundamentals/coupling/how/unit-inElsewhere-asFlat._include_.html
2026-07-28T16:32:01.878Z - [32minfo[39m: Synchronizing opened pages list before reload
2026-07-28T16:32:01.878Z - [32minfo[39m: Current opened pages, from most-to-least recent:
2026-07-28T16:32:01.878Z - [32minfo[39m: 1. schedule/week6/topics
2026-07-28T16:32:01.878Z - [32minfo[39m: [00:32:01] Reload for file change: /Users/damithch/Repos/nus-cs2103/cs2103-website-base/book/_site/architecture/architectureDiagrams/drawing/unit-inElsewhere-asFlat._include_.html
2026-07-28T16:32:01.878Z - [32minfo[39m: Synchronizing opened pages list before reload
2026-07-28T16:32:01.878Z - [32minfo[39m: Current opened pages, from most-to-least recent:
2026-07-28T16:32:01.878Z - [32minfo[39m: 1. schedule/week6/topics
2026-07-28T16:32:01.878Z - [32minfo[39m: [00:32:01] Reload for file change: /Users/damithch/Repos/nus-cs2103/cs2103-website-base/book/_site/architecture/architectureDiagrams/reading/unit-inElsewhere-asFlat._include_.html
2026-07-28T16:32:01.878Z - [32minfo[39m: Synchronizing opened pages list before reload
2026-07-28T16:32:01.878Z - [32minfo[39m: Current opened pages, from most-to-least recent:
2026-07-28T16:32:01.878Z - [32minfo[39m: 1. schedule/week6/topics
2026-07-28T16:32:01.878Z - [32minfo[39m: [00:32:01] Reload for file change: /Users/damithch/Repos/nus-cs2103/cs2103-website-base/book/_site/designFundamentals/cohesion/how/unit-inElsewhere-asFlat._include_.html
2026-07-28T16:32:01.878Z - [32minfo[39m: Synchronizing opened pages list before reload
2026-07-28T16:32:01.878Z - [32minfo[39m: Current opened pages, from most-to-least recent:
2026-07-28T16:32:01.878Z - [32minfo[39m: 1. schedule/week6/topics
2026-07-28T16:32:01.878Z - [32minfo[39m: [00:32:01] Reload for file change: /Users/damithch/Repos/nus-cs2103/cs2103-website-base/book/_site/designPatterns/more/otherDesignPatterns/unit-inElsewhere-asFlat._include_.html
2026-07-28T16:32:01.878Z - [32minfo[39m: Synchronizing opened pages list before reload
2026-07-28T16:32:01.878Z - [32minfo[39m: Current opened pages, from most-to-least recent:
2026-07-28T16:32:01.878Z - [32minfo[39m: 1. schedule/week6/topics
2026-07-28T16:32:01.878Z - [32minfo[39m: [00:32:01] Reload for file change: /Users/damithch/Repos/nus-cs2103/cs2103-website-base/book/_site/codeQuality/introduction/basic/unit-inElsewhere-asFlat._include_.html
2026-07-28T16:32:01.878Z - [32minfo[39m: Synchronizing opened pages list before reload
2026-07-28T16:32:01.878Z - [32minfo[39m: Current opened pages, from most-to-least recent:
2026-07-28T16:32:01.878Z - [32minfo[39m: 1. schedule/week6/topics
2026-07-28T16:32:01.878Z - [32minfo[39m: [00:32:01] Reload for file change: /Users/damithch/Repos/nus-cs2103/cs2103-website-base/book/_site/codeQuality/avoidShortcuts/introduction/unit-inElsewhere-asFlat._include_.html
2026-07-28T16:32:01.878Z - [32minfo[39m: Synchronizing opened pages list before reload
2026-07-28T16:32:01.879Z - [32minfo[39m: Current opened pages, from most-to-least recent:
2026-07-28T16:32:01.879Z - [32minfo[39m: 1. schedule/week6/topics
2026-07-28T16:32:01.879Z - [32minfo[39m: [00:32:01] Reload for file change: /Users/damithch/Repos/nus-cs2103/cs2103-website-base/book/_site/codeQuality/followStandard/introduction/unit-inElsewhere-asFlat._include_.html
2026-07-28T16:32:01.879Z - [32minfo[39m: Synchronizing opened pages list before reload
2026-07-28T16:32:01.879Z - [32minfo[39m: Current opened pages, from most-to-least recent:
2026-07-28T16:32:01.879Z - [32minfo[39m: 1. schedule/week6/topics
2026-07-28T16:32:01.879Z - [32minfo[39m: [00:32:01] Reload for file change: /Users/damithch/Repos/nus-cs2103/cs2103-website-base/book/_site/designPatterns/more/otherTypesOfPatterns/unit-inElsewhere-asFlat._include_.html
2026-07-28T16:32:01.879Z - [32minfo[39m: Synchronizing opened pages list before reload
2026-07-28T16:32:01.879Z - [32minfo[39m: Current opened pages, from most-to-least recent:
2026-07-28T16:32:01.879Z - [32minfo[39m: 1. schedule/week6/topics
2026-07-28T16:32:01.879Z - [32minfo[39m: [00:32:01] Reload for file change: /Users/damithch/Repos/nus-cs2103/cs2103-website-base/book/_site/codeQuality/maximizeReadability/introduction/unit-inElsewhere-asFlat._include_.html
2026-07-28T16:32:01.879Z - [32minfo[39m: Synchronizing opened pages list before reload
2026-07-28T16:32:01.879Z - [32minfo[39m: Current opened pages, from most-to-least recent:
2026-07-28T16:32:01.879Z - [32minfo[39m: 1. schedule/week6/topics
2026-07-28T16:32:01.879Z - [32minfo[39m: [00:32:01] Reload for file change: /Users/damithch/Repos/nus-cs2103/cs2103-website-base/book/_site/designPatterns/more/usingDesignPatterns/unit-inElsewhere-asFlat._include_.html
2026-07-28T16:32:01.879Z - [32minfo[39m: Synchronizing opened pages list before reload
2026-07-28T16:32:01.879Z - [32minfo[39m: Current opened pages, from most-to-least recent:
2026-07-28T16:32:01.879Z - [32minfo[39m: 1. schedule/week6/topics
2026-07-28T16:32:01.879Z - [32minfo[39m: [00:32:01] Reload for file change: /Users/damithch/Repos/nus-cs2103/cs2103-website-base/book/_site/designPatterns/command/what/unit-inElsewhere-asFlat._include_.html
2026-07-28T16:32:01.879Z - [32minfo[39m: Synchronizing opened pages list before reload
2026-07-28T16:32:01.879Z - [32minfo[39m: Current opened pages, from most-to-least recent:
2026-07-28T16:32:01.879Z - [32minfo[39m: 1. schedule/week6/topics
2026-07-28T16:32:01.880Z - [32minfo[39m: [00:32:01] Reload for file change: /Users/damithch/Repos/nus-cs2103/cs2103-website-base/book/_site/designPatterns/introduction/format/unit-inElsewhere-asFlat._include_.html
2026-07-28T16:32:01.880Z - [32minfo[39m: Synchronizing opened pages list before reload
2026-07-28T16:32:01.880Z - [32minfo[39m: Current opened pages, from most-to-least recent:
2026-07-28T16:32:01.880Z - [32minfo[39m: 1. schedule/week6/topics
2026-07-28T16:32:01.880Z - [32minfo[39m: [00:32:01] Reload for file change: /Users/damithch/Repos/nus-cs2103/cs2103-website-base/book/_site/designPatterns/introduction/what/unit-inElsewhere-asFlat._include_.html
2026-07-28T16:32:01.880Z - [32minfo[39m: Synchronizing opened pages list before reload
2026-07-28T16:32:01.880Z - [32minfo[39m: Current opened pages, from most-to-least recent:
2026-07-28T16:32:01.880Z - [32minfo[39m: 1. schedule/week6/topics
2026-07-28T16:32:01.880Z - [32minfo[39m: [00:32:01] Reload for file change: /Users/damithch/Repos/nus-cs2103/cs2103-website-base/book/_site/designPatterns/singleton/evaluation/unit-inElsewhere-asFlat._include_.html
2026-07-28T16:32:01.880Z - [32minfo[39m: Synchronizing opened pages list before reload
2026-07-28T16:32:01.880Z - [32minfo[39m: Current opened pages, from most-to-least recent:
2026-07-28T16:32:01.880Z - [32minfo[39m: 1. schedule/week6/topics
2026-07-28T16:32:01.880Z - [32minfo[39m: [00:32:01] Reload for file change: /Users/damithch/Repos/nus-cs2103/cs2103-website-base/book/_site/designFundamentals/abstraction/what/unit-inElsewhere-asFlat._include_.html
2026-07-28T16:32:01.880Z - [32minfo[39m: Synchronizing opened pages list before reload
2026-07-28T16:32:01.880Z - [32minfo[39m: Current opened pages, from most-to-least recent:
2026-07-28T16:32:01.880Z - [32minfo[39m: 1. schedule/week6/topics
2026-07-28T16:32:01.880Z - [32minfo[39m: [00:32:01] Reload for file change: /Users/damithch/Repos/nus-cs2103/cs2103-website-base/book/_site/designPatterns/singleton/implementation/unit-inElsewhere-asFlat._include_.html
2026-07-28T16:32:01.880Z - [32minfo[39m: Synchronizing opened pages list before reload
2026-07-28T16:32:01.880Z - [32minfo[39m: Current opened pages, from most-to-least recent:
2026-07-28T16:32:01.880Z - [32minfo[39m: 1. schedule/week6/topics
2026-07-28T16:32:01.880Z - [32minfo[39m: [00:32:01] Reload for file change: /Users/damithch/Repos/nus-cs2103/cs2103-website-base/book/_site/designPatterns/abstractionOccurrence/what/unit-inElsewhere-asFlat._include_.html
2026-07-28T16:32:01.880Z - [32minfo[39m: Synchronizing opened pages list before reload
2026-07-28T16:32:01.880Z - [32minfo[39m: Current opened pages, from most-to-least recent:
2026-07-28T16:32:01.880Z - [32minfo[39m: 1. schedule/week6/topics
2026-07-28T16:32:01.880Z - [32minfo[39m: [00:32:01] Reload for file change: /Users/damithch/Repos/nus-cs2103/cs2103-website-base/book/_site/designPatterns/singleton/what/unit-inElsewhere-asFlat._include_.html
2026-07-28T16:32:01.880Z - [32minfo[39m: Synchronizing opened pages list before reload
2026-07-28T16:32:01.880Z - [32minfo[39m: Current opened pages, from most-to-least recent:
2026-07-28T16:32:01.880Z - [32minfo[39m: 1. schedule/week6/topics
2026-07-28T16:32:01.881Z - [32minfo[39m: [00:32:01] Reload for file change: /Users/damithch/Repos/nus-cs2103/cs2103-website-base/book/_site/designPatterns/observer/what/unit-inElsewhere-asFlat._include_.html
2026-07-28T16:32:01.881Z - [32minfo[39m: Synchronizing opened pages list before reload
2026-07-28T16:32:01.881Z - [32minfo[39m: Current opened pages, from most-to-least recent:
2026-07-28T16:32:01.881Z - [32minfo[39m: 1. schedule/week6/topics
2026-07-28T16:32:01.881Z - [32minfo[39m: [00:32:01] Reload for file change: /Users/damithch/Repos/nus-cs2103/cs2103-website-base/book/_site/errorHandling/defensiveProgramming/1to1Associations/unit-inElsewhere-asFlat._include_.html
2026-07-28T16:32:01.881Z - [32minfo[39m: Synchronizing opened pages list before reload
2026-07-28T16:32:01.881Z - [32minfo[39m: Current opened pages, from most-to-least recent:
2026-07-28T16:32:01.881Z - [32minfo[39m: 1. schedule/week6/topics
2026-07-28T16:32:01.881Z - [32minfo[39m: [00:32:01] Reload for file change: /Users/damithch/Repos/nus-cs2103/cs2103-website-base/book/_site/errorHandling/logging/what/unit-inElsewhere-asFlat._include_.html
2026-07-28T16:32:01.881Z - [32minfo[39m: Synchronizing opened pages list before reload
2026-07-28T16:32:01.881Z - [32minfo[39m: Current opened pages, from most-to-least recent:
2026-07-28T16:32:01.881Z - [32minfo[39m: 1. schedule/week6/topics
2026-07-28T16:32:01.881Z - [32minfo[39m: [00:32:01] Reload for file change: /Users/damithch/Repos/nus-cs2103/cs2103-website-base/book/_site/errorHandling/logging/how/unit-inElsewhere-asFlat._include_.html
2026-07-28T16:32:01.881Z - [32minfo[39m: Synchronizing opened pages list before reload
2026-07-28T16:32:01.881Z - [32minfo[39m: Current opened pages, from most-to-least recent:
2026-07-28T16:32:01.881Z - [32minfo[39m: 1. schedule/week6/topics
2026-07-28T16:32:01.881Z - [32minfo[39m: [00:32:01] Reload for file change: /Users/damithch/Repos/nus-cs2103/cs2103-website-base/book/_site/documentation/introduction/what/unit-inElsewhere-asFlat._include_.html
2026-07-28T16:32:01.881Z - [32minfo[39m: Synchronizing opened pages list before reload
2026-07-28T16:32:01.881Z - [32minfo[39m: Current opened pages, from most-to-least recent:
2026-07-28T16:32:01.881Z - [32minfo[39m: 1. schedule/week6/topics
2026-07-28T16:32:01.881Z - [32minfo[39m: [00:32:01] Reload for file change: /Users/damithch/Repos/nus-cs2103/cs2103-website-base/book/_site/designFundamentals/coupling/types/unit-inElsewhere-asFlat._include_.html
2026-07-28T16:32:01.881Z - [32minfo[39m: Synchronizing opened pages list before reload
2026-07-28T16:32:01.881Z - [32minfo[39m: Current opened pages, from most-to-least recent:
2026-07-28T16:32:01.881Z - [32minfo[39m: 1. schedule/week6/topics
2026-07-28T16:32:01.881Z - [32minfo[39m: [00:32:01] Reload for file change: /Users/damithch/Repos/nus-cs2103/cs2103-website-base/book/_site/oop/associations/what/unit-inElsewhere-asFlat._include_.html
2026-07-28T16:32:01.881Z - [32minfo[39m: Synchronizing opened pages list before reload
2026-07-28T16:32:01.881Z - [32minfo[39m: Current opened pages, from most-to-least recent:
2026-07-28T16:32:01.881Z - [32minfo[39m: 1. schedule/week6/topics
2026-07-28T16:32:01.881Z - [32minfo[39m: [00:32:01] Reload for file change: /Users/damithch/Repos/nus-cs2103/cs2103-website-base/book/_site/oop/classes/what/unit-inElsewhere-asFlat._include_.html
2026-07-28T16:32:01.881Z - [32minfo[39m: Synchronizing opened pages list before reload
2026-07-28T16:32:01.881Z - [32minfo[39m: Current opened pages, from most-to-least recent:
2026-07-28T16:32:01.881Z - [32minfo[39m: 1. schedule/week6/topics
2026-07-28T16:32:01.882Z - [32minfo[39m: [00:32:01] Reload for file change: /Users/damithch/Repos/nus-cs2103/cs2103-website-base/book/_site/oop/inheritance/overriding/unit-inElsewhere-asFlat._include_.html
2026-07-28T16:32:01.882Z - [32minfo[39m: Synchronizing opened pages list before reload
2026-07-28T16:32:01.882Z - [32minfo[39m: Current opened pages, from most-to-least recent:
2026-07-28T16:32:01.882Z - [32minfo[39m: 1. schedule/week6/topics
2026-07-28T16:32:01.882Z - [32minfo[39m: [00:32:01] Reload for file change: /Users/damithch/Repos/nus-cs2103/cs2103-website-base/book/_site/designPatterns/facade/what/unit-inElsewhere-asFlat._include_.html
2026-07-28T16:32:01.882Z - [32minfo[39m: Synchronizing opened pages list before reload
2026-07-28T16:32:01.882Z - [32minfo[39m: Current opened pages, from most-to-least recent:
2026-07-28T16:32:01.882Z - [32minfo[39m: 1. schedule/week6/topics
2026-07-28T16:32:01.882Z - [32minfo[39m: [00:32:01] Reload for file change: /Users/damithch/Repos/nus-cs2103/cs2103-website-base/book/_site/designPatterns/modelViewController/what/unit-inElsewhere-asFlat._include_.html
2026-07-28T16:32:01.882Z - [32minfo[39m: Synchronizing opened pages list before reload
2026-07-28T16:32:01.882Z - [32minfo[39m: Current opened pages, from most-to-least recent:
2026-07-28T16:32:01.882Z - [32minfo[39m: 1. schedule/week6/topics
2026-07-28T16:32:01.882Z - [32minfo[39m: [00:32:01] Reload for file change: /Users/damithch/Repos/nus-cs2103/cs2103-website-base/book/_site/errorHandling/assertions/when/unit-inElsewhere-asFlat._include_.html
2026-07-28T16:32:01.882Z - [32minfo[39m: Synchronizing opened pages list before reload
2026-07-28T16:32:01.882Z - [32minfo[39m: Current opened pages, from most-to-least recent:
2026-07-28T16:32:01.882Z - [32minfo[39m: 1. schedule/week6/topics
2026-07-28T16:32:01.882Z - [32minfo[39m: [00:32:01] Reload for file change: /Users/damithch/Repos/nus-cs2103/cs2103-website-base/book/_site/errorHandling/assertions/how/unit-inElsewhere-asFlat._include_.html
2026-07-28T16:32:01.882Z - [32minfo[39m: Synchronizing opened pages list before reload
2026-07-28T16:32:01.882Z - [32minfo[39m: Current opened pages, from most-to-least recent:
2026-07-28T16:32:01.882Z - [32minfo[39m: 1. schedule/week6/topics
2026-07-28T16:32:01.882Z - [32minfo[39m: [00:32:01] Reload for file change: /Users/damithch/Repos/nus-cs2103/cs2103-website-base/book/_site/oop/associations/dependencies/unit-inElsewhere-asFlat._include_.html
2026-07-28T16:32:01.882Z - [32minfo[39m: Synchronizing opened pages list before reload
2026-07-28T16:32:01.882Z - [32minfo[39m: Current opened pages, from most-to-least recent:
2026-07-28T16:32:01.882Z - [32minfo[39m: 1. schedule/week6/topics
2026-07-28T16:32:01.882Z - [32minfo[39m: [00:32:01] Reload for file change: /Users/damithch/Repos/nus-cs2103/cs2103-website-base/book/_site/integration/approaches/lateVsEarly/unit-inElsewhere-asFlat._include_.html
2026-07-28T16:32:01.882Z - [32minfo[39m: Synchronizing opened pages list before reload
2026-07-28T16:32:01.882Z - [32minfo[39m: Current opened pages, from most-to-least recent:
2026-07-28T16:32:01.882Z - [32minfo[39m: 1. schedule/week6/topics
2026-07-28T16:32:01.883Z - [32minfo[39m: [00:32:01] Reload for file change: /Users/damithch/Repos/nus-cs2103/cs2103-website-base/book/_site/oop/inheritance/substitutability/unit-inElsewhere-asFlat._include_.html
2026-07-28T16:32:01.883Z - [32minfo[39m: Synchronizing opened pages list before reload
2026-07-28T16:32:01.883Z - [32minfo[39m: Current opened pages, from most-to-least recent:
2026-07-28T16:32:01.883Z - [32minfo[39m: 1. schedule/week6/topics
2026-07-28T16:32:01.883Z - [32minfo[39m: [00:32:01] Reload for file change: /Users/damithch/Repos/nus-cs2103/cs2103-website-base/book/_site/oop/associations/multiplicity/unit-inElsewhere-asFlat._include_.html
2026-07-28T16:32:01.883Z - [32minfo[39m: Synchronizing opened pages list before reload
2026-07-28T16:32:01.883Z - [32minfo[39m: Current opened pages, from most-to-least recent:
2026-07-28T16:32:01.883Z - [32minfo[39m: 1. schedule/week6/topics
2026-07-28T16:32:01.883Z - [32minfo[39m: [00:32:01] Reload for file change: /Users/damithch/Repos/nus-cs2103/cs2103-website-base/book/_site/oop/inheritance/overloading/unit-inElsewhere-asFlat._include_.html
2026-07-28T16:32:01.883Z - [32minfo[39m: Synchronizing opened pages list before reload
2026-07-28T16:32:01.883Z - [32minfo[39m: Current opened pages, from most-to-least recent:
2026-07-28T16:32:01.883Z - [32minfo[39m: 1. schedule/week6/topics
2026-07-28T16:32:01.883Z - [32minfo[39m: [00:32:01] Reload for file change: /Users/damithch/Repos/nus-cs2103/cs2103-website-base/book/_site/oop/objects/abstraction/unit-inElsewhere-asFlat._include_.html
2026-07-28T16:32:01.883Z - [32minfo[39m: Synchronizing opened pages list before reload
2026-07-28T16:32:01.883Z - [32minfo[39m: Current opened pages, from most-to-least recent:
2026-07-28T16:32:01.883Z - [32minfo[39m: 1. schedule/week6/topics
2026-07-28T16:32:01.883Z - [32minfo[39m: [00:32:01] Reload for file change: /Users/damithch/Repos/nus-cs2103/cs2103-website-base/book/_site/errorHandling/exceptions/how/unit-inElsewhere-asFlat._include_.html
2026-07-28T16:32:01.883Z - [32minfo[39m: Synchronizing opened pages list before reload
2026-07-28T16:32:01.883Z - [32minfo[39m: Current opened pages, from most-to-least recent:
2026-07-28T16:32:01.883Z - [32minfo[39m: 1. schedule/week6/topics
2026-07-28T16:32:01.883Z - [32minfo[39m: [00:32:01] Reload for file change: /Users/damithch/Repos/nus-cs2103/cs2103-website-base/book/_site/oop/inheritance/what/unit-inElsewhere-asFlat._include_.html
2026-07-28T16:32:01.883Z - [32minfo[39m: Synchronizing opened pages list before reload
2026-07-28T16:32:01.883Z - [32minfo[39m: Current opened pages, from most-to-least recent:
2026-07-28T16:32:01.883Z - [32minfo[39m: 1. schedule/week6/topics
2026-07-28T16:32:01.883Z - [32minfo[39m: [00:32:01] Reload for file change: /Users/damithch/Repos/nus-cs2103/cs2103-website-base/book/_site/oop/objects/what/unit-inElsewhere-asFlat._include_.html
2026-07-28T16:32:01.883Z - [32minfo[39m: Synchronizing opened pages list before reload
2026-07-28T16:32:01.883Z - [32minfo[39m: Current opened pages, from most-to-least recent:
2026-07-28T16:32:01.883Z - [32minfo[39m: 1. schedule/week6/topics
2026-07-28T16:32:01.883Z - [32minfo[39m: [00:32:01] Reload for file change: /Users/damithch/Repos/nus-cs2103/cs2103-website-base/book/_site/designPatterns/more/vsPrinciples/unit-inElsewhere-asFlat._include_.html
2026-07-28T16:32:01.883Z - [32minfo[39m: Synchronizing opened pages list before reload
2026-07-28T16:32:01.883Z - [32minfo[39m: Current opened pages, from most-to-least recent:
2026-07-28T16:32:01.883Z - [32minfo[39m: 1. schedule/week6/topics
2026-07-28T16:32:01.883Z - [32minfo[39m: [00:32:01] Reload for file change: /Users/damithch/Repos/nus-cs2103/cs2103-website-base/book/_site/oop/associations/associationClasses/unit-inElsewhere-asFlat._include_.html
2026-07-28T16:32:01.883Z - [32minfo[39m: Synchronizing opened pages list before reload
2026-07-28T16:32:01.883Z - [32minfo[39m: Current opened pages, from most-to-least recent:
2026-07-28T16:32:01.883Z - [32minfo[39m: 1. schedule/week6/topics
2026-07-28T16:32:01.884Z - [32minfo[39m: [00:32:01] Reload for file change: /Users/damithch/Repos/nus-cs2103/cs2103-website-base/book/_site/errorHandling/exceptions/when/unit-inElsewhere-asFlat._include_.html
2026-07-28T16:32:01.884Z - [32minfo[39m: Synchronizing opened pages list before reload
2026-07-28T16:32:01.884Z - [32minfo[39m: Current opened pages, from most-to-least recent:
2026-07-28T16:32:01.884Z - [32minfo[39m: 1. schedule/week6/topics
2026-07-28T16:32:01.884Z - [32minfo[39m: [00:32:01] Reload for file change: /Users/damithch/Repos/nus-cs2103/cs2103-website-base/book/_site/oop/classes/enumerations/unit-inElsewhere-asFlat._include_.html
2026-07-28T16:32:01.884Z - [32minfo[39m: Synchronizing opened pages list before reload
2026-07-28T16:32:01.884Z - [32minfo[39m: Current opened pages, from most-to-least recent:
2026-07-28T16:32:01.884Z - [32minfo[39m: 1. schedule/week6/topics
2026-07-28T16:32:01.884Z - [32minfo[39m: [00:32:01] Reload for file change: /Users/damithch/Repos/nus-cs2103/cs2103-website-base/book/_site/oop/more/review/unit-inElsewhere-asFlat._include_.html
2026-07-28T16:32:01.884Z - [32minfo[39m: Synchronizing opened pages list before reload
2026-07-28T16:32:01.884Z - [32minfo[39m: Current opened pages, from most-to-least recent:
2026-07-28T16:32:01.884Z - [32minfo[39m: 1. schedule/week6/topics
2026-07-28T16:32:01.884Z - [32minfo[39m: [00:32:01] Reload for file change: /Users/damithch/Repos/nus-cs2103/cs2103-website-base/book/_site/design/introduction/what/unit-inElsewhere-asFlat._include_.html
2026-07-28T16:32:01.884Z - [32minfo[39m: Synchronizing opened pages list before reload
2026-07-28T16:32:01.884Z - [32minfo[39m: Current opened pages, from most-to-least recent:
2026-07-28T16:32:01.884Z - [32minfo[39m: 1. schedule/week6/topics
2026-07-28T16:32:01.884Z - [32minfo[39m: [00:32:01] Reload for file change: /Users/damithch/Repos/nus-cs2103/cs2103-website-base/book/_site/modeling/modelingBehaviors/communicationDiagrams/unit-inElsewhere-asFlat._include_.html
2026-07-28T16:32:01.884Z - [32minfo[39m: Synchronizing opened pages list before reload
2026-07-28T16:32:01.884Z - [32minfo[39m: Current opened pages, from most-to-least recent:
2026-07-28T16:32:01.884Z - [32minfo[39m: 1. schedule/week6/topics
2026-07-28T16:32:01.884Z - [32minfo[39m: [00:32:01] Reload for file change: /Users/damithch/Repos/nus-cs2103/cs2103-website-base/book/_site/oop/classes/classLevelMembers/unit-inElsewhere-asFlat._include_.html
2026-07-28T16:32:01.884Z - [32minfo[39m: Synchronizing opened pages list before reload
2026-07-28T16:32:01.884Z - [32minfo[39m: Current opened pages, from most-to-least recent:
2026-07-28T16:32:01.884Z - [32minfo[39m: 1. schedule/week6/topics
2026-07-28T16:32:01.884Z - [32minfo[39m: [00:32:01] Reload for file change: /Users/damithch/Repos/nus-cs2103/cs2103-website-base/book/_site/integration/buildAutomation/what/unit-inElsewhere-asFlat._include_.html
2026-07-28T16:32:01.884Z - [32minfo[39m: Synchronizing opened pages list before reload
2026-07-28T16:32:01.884Z - [32minfo[39m: Current opened pages, from most-to-least recent:
2026-07-28T16:32:01.884Z - [32minfo[39m: 1. schedule/week6/topics
2026-07-28T16:32:01.885Z - [32minfo[39m: [00:32:01] Reload for file change: /Users/damithch/Repos/nus-cs2103/cs2103-website-base/book/_site/modeling/modelingStructures/classDiagramsBasic/unit-inElsewhere-asFlat._include_.html
2026-07-28T16:32:01.885Z - [32minfo[39m: Synchronizing opened pages list before reload
2026-07-28T16:32:01.885Z - [32minfo[39m: Current opened pages, from most-to-least recent:
2026-07-28T16:32:01.885Z - [32minfo[39m: 1. schedule/week6/topics
2026-07-28T16:32:01.885Z - [32minfo[39m: [00:32:01] Reload for file change: /Users/damithch/Repos/nus-cs2103/cs2103-website-base/book/_site/modeling/introduction/how/unit-inElsewhere-asFlat._include_.html
2026-07-28T16:32:01.885Z - [32minfo[39m: Synchronizing opened pages list before reload
2026-07-28T16:32:01.885Z - [32minfo[39m: Current opened pages, from most-to-least recent:
2026-07-28T16:32:01.885Z - [32minfo[39m: 1. schedule/week6/topics
2026-07-28T16:32:01.885Z - [32minfo[39m: [00:32:01] Reload for file change: /Users/damithch/Repos/nus-cs2103/cs2103-website-base/book/_site/modeling/modelingBehaviors/activityDiagrams/unit-inElsewhere-asFlat._include_.html
2026-07-28T16:32:01.885Z - [32minfo[39m: Synchronizing opened pages list before reload
2026-07-28T16:32:01.885Z - [32minfo[39m: Current opened pages, from most-to-least recent:
2026-07-28T16:32:01.885Z - [32minfo[39m: 1. schedule/week6/topics
2026-07-28T16:32:01.885Z - [32minfo[39m: [00:32:01] Reload for file change: /Users/damithch/Repos/nus-cs2103/cs2103-website-base/book/_site/oop/associations/composition/unit-inElsewhere-asFlat._include_.html
2026-07-28T16:32:01.885Z - [32minfo[39m: Synchronizing opened pages list before reload
2026-07-28T16:32:01.885Z - [32minfo[39m: Current opened pages, from most-to-least recent:
2026-07-28T16:32:01.885Z - [32minfo[39m: 1. schedule/week6/topics
2026-07-28T16:32:01.885Z - [32minfo[39m: [00:32:01] Reload for file change: /Users/damithch/Repos/nus-cs2103/cs2103-website-base/book/_site/errorHandling/introduction/what/unit-inElsewhere-asFlat._include_.html
2026-07-28T16:32:01.885Z - [32minfo[39m: Synchronizing opened pages list before reload
2026-07-28T16:32:01.885Z - [32minfo[39m: Current opened pages, from most-to-least recent:
2026-07-28T16:32:01.885Z - [32minfo[39m: 1. schedule/week6/topics
2026-07-28T16:32:01.885Z - [32minfo[39m: [00:32:01] Reload for file change: /Users/damithch/Repos/nus-cs2103/cs2103-website-base/book/_site/modeling/modelingASolution/basic/unit-inElsewhere-asFlat._include_.html
2026-07-28T16:32:01.885Z - [32minfo[39m: Synchronizing opened pages list before reload
2026-07-28T16:32:01.885Z - [32minfo[39m: Current opened pages, from most-to-least recent:
2026-07-28T16:32:01.885Z - [32minfo[39m: 1. schedule/week6/topics
2026-07-28T16:32:01.885Z - [32minfo[39m: [00:32:01] Reload for file change: /Users/damithch/Repos/nus-cs2103/cs2103-website-base/book/_site/integration/approaches/bigBangVsIncremental/unit-inElsewhere-asFlat._include_.html
2026-07-28T16:32:01.885Z - [32minfo[39m: Synchronizing opened pages list before reload
2026-07-28T16:32:01.885Z - [32minfo[39m: Current opened pages, from most-to-least recent:
2026-07-28T16:32:01.885Z - [32minfo[39m: 1. schedule/week6/topics
2026-07-28T16:32:01.885Z - [32minfo[39m: [00:32:01] Reload for file change: /Users/damithch/Repos/nus-cs2103/cs2103-website-base/book/_site/designPatterns/more/combiningDesignPatterns/unit-inElsewhere-asFlat._include_.html
2026-07-28T16:32:01.885Z - [32minfo[39m: Synchronizing opened pages list before reload
2026-07-28T16:32:01.885Z - [32minfo[39m: Current opened pages, from most-to-least recent:
2026-07-28T16:32:01.885Z - [32minfo[39m: 1. schedule/week6/topics
2026-07-28T16:32:01.885Z - [32minfo[39m: [00:32:01] Reload for file change: /Users/damithch/Repos/nus-cs2103/cs2103-website-base/book/_site/oop/polymorphism/how/unit-inElsewhere-asFlat._include_.html
2026-07-28T16:32:01.885Z - [32minfo[39m: Synchronizing opened pages list before reload
2026-07-28T16:32:01.885Z - [32minfo[39m: Current opened pages, from most-to-least recent:
2026-07-28T16:32:01.885Z - [32minfo[39m: 1. schedule/week6/topics
2026-07-28T16:32:01.886Z - [32minfo[39m: [00:32:01] Reload for file change: /Users/damithch/Repos/nus-cs2103/cs2103-website-base/book/_site/errorHandling/defensiveProgramming/when/unit-inElsewhere-asFlat._include_.html
2026-07-28T16:32:01.886Z - [32minfo[39m: Synchronizing opened pages list before reload
2026-07-28T16:32:01.886Z - [32minfo[39m: Current opened pages, from most-to-least recent:
2026-07-28T16:32:01.886Z - [32minfo[39m: 1. schedule/week6/topics
2026-07-28T16:32:01.886Z - [32minfo[39m: [00:32:01] Reload for file change: /Users/damithch/Repos/nus-cs2103/cs2103-website-base/book/_site/integration/more/review/unit-inElsewhere-asFlat._include_.html
2026-07-28T16:32:01.886Z - [32minfo[39m: Synchronizing opened pages list before reload
2026-07-28T16:32:01.886Z - [32minfo[39m: Current opened pages, from most-to-least recent:
2026-07-28T16:32:01.886Z - [32minfo[39m: 1. schedule/week6/topics
2026-07-28T16:32:01.886Z - [32minfo[39m: [00:32:01] Reload for file change: /Users/damithch/Repos/nus-cs2103/cs2103-website-base/book/_site/modeling/modelingASolution/intermediate/unit-inElsewhere-asFlat._include_.html
2026-07-28T16:32:01.886Z - [32minfo[39m: Synchronizing opened pages list before reload
2026-07-28T16:32:01.886Z - [32minfo[39m: Current opened pages, from most-to-least recent:
2026-07-28T16:32:01.886Z - [32minfo[39m: 1. schedule/week6/topics
2026-07-28T16:32:01.886Z - [32minfo[39m: [00:32:01] Reload for file change: /Users/damithch/Repos/nus-cs2103/cs2103-website-base/book/_site/modeling/modelingBehaviors/timingDiagrams/unit-inElsewhere-asFlat._include_.html
2026-07-28T16:32:01.886Z - [32minfo[39m: Synchronizing opened pages list before reload
2026-07-28T16:32:01.886Z - [32minfo[39m: Current opened pages, from most-to-least recent:
2026-07-28T16:32:01.886Z - [32minfo[39m: 1. schedule/week6/topics
2026-07-28T16:32:01.886Z - [32minfo[39m: [00:32:01] Reload for file change: /Users/damithch/Repos/nus-cs2103/cs2103-website-base/book/_site/oop/more/miscellaneous/unit-inElsewhere-asFlat._include_.html
2026-07-28T16:32:01.886Z - [32minfo[39m: Synchronizing opened pages list before reload
2026-07-28T16:32:01.886Z - [32minfo[39m: Current opened pages, from most-to-least recent:
2026-07-28T16:32:01.886Z - [32minfo[39m: 1. schedule/week6/topics
2026-07-28T16:32:01.887Z - [32minfo[39m: [00:32:01] Reload for file change: /Users/damithch/Repos/nus-cs2103/cs2103-website-base/book/_site/modeling/modelingStructures/componentDiagrams/unit-inElsewhere-asFlat._include_.html
2026-07-28T16:32:01.887Z - [32minfo[39m: Synchronizing opened pages list before reload
2026-07-28T16:32:01.887Z - [32minfo[39m: Current opened pages, from most-to-least recent:
2026-07-28T16:32:01.887Z - [32minfo[39m: 1. schedule/week6/topics
2026-07-28T16:32:01.887Z - [32minfo[39m: [00:32:01] Reload for file change: /Users/damithch/Repos/nus-cs2103/cs2103-website-base/book/_site/ides/introduction/what/unit-inElsewhere-asFlat._include_.html
2026-07-28T16:32:01.887Z - [32minfo[39m: Synchronizing opened pages list before reload
2026-07-28T16:32:01.887Z - [32minfo[39m: Current opened pages, from most-to-least recent:
2026-07-28T16:32:01.887Z - [32minfo[39m: 1. schedule/week6/topics
2026-07-28T16:32:01.887Z - [32minfo[39m: [00:32:01] Reload for file change: /Users/damithch/Repos/nus-cs2103/cs2103-website-base/book/_site/oop/inheritance/dynamicAndStaticBinding/unit-inElsewhere-asFlat._include_.html
2026-07-28T16:32:01.887Z - [32minfo[39m: Synchronizing opened pages list before reload
2026-07-28T16:32:01.887Z - [32minfo[39m: Current opened pages, from most-to-least recent:
2026-07-28T16:32:01.887Z - [32minfo[39m: 1. schedule/week6/topics
2026-07-28T16:32:01.887Z - [32minfo[39m: [00:32:01] Reload for file change: /Users/damithch/Repos/nus-cs2103/cs2103-website-base/book/_site/modeling/introduction/umlModels/unit-inElsewhere-asFlat._include_.html
2026-07-28T16:32:01.887Z - [32minfo[39m: Synchronizing opened pages list before reload
2026-07-28T16:32:01.887Z - [32minfo[39m: Current opened pages, from most-to-least recent:
2026-07-28T16:32:01.887Z - [32minfo[39m: 1. schedule/week6/topics
2026-07-28T16:32:01.887Z - [32minfo[39m: [00:32:01] Reload for file change: /Users/damithch/Repos/nus-cs2103/cs2103-website-base/book/_site/modeling/modelingStructures/classDiagramsIntermediate/unit-inElsewhere-asFlat._include_.html
2026-07-28T16:32:01.887Z - [32minfo[39m: Synchronizing opened pages list before reload
2026-07-28T16:32:01.888Z - [32minfo[39m: Current opened pages, from most-to-least recent:
2026-07-28T16:32:01.888Z - [32minfo[39m: 1. schedule/week6/topics
2026-07-28T16:32:01.888Z - [32minfo[39m: [00:32:01] Reload for file change: /Users/damithch/Repos/nus-cs2103/cs2103-website-base/book/_site/integration/approaches/topDownVsBottomUp/unit-inElsewhere-asFlat._include_.html
2026-07-28T16:32:01.888Z - [32minfo[39m: Synchronizing opened pages list before reload
2026-07-28T16:32:01.888Z - [32minfo[39m: Current opened pages, from most-to-least recent:
2026-07-28T16:32:01.888Z - [32minfo[39m: 1. schedule/week6/topics
2026-07-28T16:32:01.888Z - [32minfo[39m: [00:32:01] Reload for file change: /Users/damithch/Repos/nus-cs2103/cs2103-website-base/book/_site/modeling/modelingStructures/deploymentDiagrams/unit-inElsewhere-asFlat._include_.html
2026-07-28T16:32:01.888Z - [32minfo[39m: Synchronizing opened pages list before reload
2026-07-28T16:32:01.888Z - [32minfo[39m: Current opened pages, from most-to-least recent:
2026-07-28T16:32:01.888Z - [32minfo[39m: 1. schedule/week6/topics
2026-07-28T16:32:01.888Z - [32minfo[39m: [00:32:01] Reload for file change: /Users/damithch/Repos/nus-cs2103/cs2103-website-base/book/_site/modeling/modelingStructures/packageDiagrams/unit-inElsewhere-asFlat._include_.html
2026-07-28T16:32:01.888Z - [32minfo[39m: Synchronizing opened pages list before reload
2026-07-28T16:32:01.888Z - [32minfo[39m: Current opened pages, from most-to-least recent:
2026-07-28T16:32:01.888Z - [32minfo[39m: 1. schedule/week6/topics
2026-07-28T16:32:01.888Z - [32minfo[39m: [00:32:01] Reload for file change: /Users/damithch/Repos/nus-cs2103/cs2103-website-base/book/_site/ides/debugging/what/unit-inElsewhere-asFlat._include_.html
2026-07-28T16:32:01.888Z - [32minfo[39m: Synchronizing opened pages list before reload
2026-07-28T16:32:01.888Z - [32minfo[39m: Current opened pages, from most-to-least recent:
2026-07-28T16:32:01.888Z - [32minfo[39m: 1. schedule/week6/topics
2026-07-28T16:32:01.888Z - [32minfo[39m: [00:32:01] Reload for file change: /Users/damithch/Repos/nus-cs2103/cs2103-website-base/book/_site/oop/associations/aggregation/unit-inElsewhere-asFlat._include_.html
2026-07-28T16:32:01.888Z - [32minfo[39m: Synchronizing opened pages list before reload
2026-07-28T16:32:01.888Z - [32minfo[39m: Current opened pages, from most-to-least recent:
2026-07-28T16:32:01.888Z - [32minfo[39m: 1. schedule/week6/topics
2026-07-28T16:32:01.888Z - [32minfo[39m: [00:32:01] Reload for file change: /Users/damithch/Repos/nus-cs2103/cs2103-website-base/book/_site/modeling/modelingASolution/introduction/unit-inElsewhere-asFlat._include_.html
2026-07-28T16:32:01.888Z - [32minfo[39m: Synchronizing opened pages list before reload
2026-07-28T16:32:01.888Z - [32minfo[39m: Current opened pages, from most-to-least recent:
2026-07-28T16:32:01.888Z - [32minfo[39m: 1. schedule/week6/topics
2026-07-28T16:32:01.888Z - [32minfo[39m: [00:32:01] Reload for file change: /Users/damithch/Repos/nus-cs2103/cs2103-website-base/book/_site/modeling/modelingStructures/classDiagramsAdvanced/unit-inElsewhere-asFlat._include_.html
2026-07-28T16:32:01.888Z - [32minfo[39m: Synchronizing opened pages list before reload
2026-07-28T16:32:01.888Z - [32minfo[39m: Current opened pages, from most-to-least recent:
2026-07-28T16:32:01.888Z - [32minfo[39m: 1. schedule/week6/topics
2026-07-28T16:32:01.888Z - [32minfo[39m: [00:32:01] Reload for file change: /Users/damithch/Repos/nus-cs2103/cs2103-website-base/book/_site/errorHandling/defensiveProgramming/what/unit-inElsewhere-asFlat._include_.html
2026-07-28T16:32:01.888Z - [32minfo[39m: Synchronizing opened pages list before reload
2026-07-28T16:32:01.888Z - [32minfo[39m: Current opened pages, from most-to-least recent:
2026-07-28T16:32:01.888Z - [32minfo[39m: 1. schedule/week6/topics
2026-07-28T16:32:01.888Z - [32minfo[39m: [00:32:01] Reload for file change: /Users/damithch/Repos/nus-cs2103/cs2103-website-base/book/_site/modeling/modelingBehaviors/sequenceDiagramsBasic/unit-inElsewhere-asFlat._include_.html
2026-07-28T16:32:01.889Z - [32minfo[39m: Synchronizing opened pages list before reload
2026-07-28T16:32:01.889Z - [32minfo[39m: Current opened pages, from most-to-least recent:
2026-07-28T16:32:01.889Z - [32minfo[39m: 1. schedule/week6/topics
2026-07-28T16:32:01.889Z - [32minfo[39m: [00:32:01] Reload for file change: /Users/damithch/Repos/nus-cs2103/cs2103-website-base/book/_site/modeling/introduction/what/unit-inElsewhere-asFlat._include_.html
2026-07-28T16:32:01.889Z - [32minfo[39m: Synchronizing opened pages list before reload
2026-07-28T16:32:01.889Z - [32minfo[39m: Current opened pages, from most-to-least recent:
2026-07-28T16:32:01.889Z - [32minfo[39m: 1. schedule/week6/topics
2026-07-28T16:32:01.889Z - [32minfo[39m: [00:32:01] Reload for file change: /Users/damithch/Repos/nus-cs2103/cs2103-website-base/book/_site/oop/objects/encapsulation/unit-inElsewhere-asFlat._include_.html
2026-07-28T16:32:01.889Z - [32minfo[39m: Synchronizing opened pages list before reload
2026-07-28T16:32:01.889Z - [32minfo[39m: Current opened pages, from most-to-least recent:
2026-07-28T16:32:01.889Z - [32minfo[39m: 1. schedule/week6/topics
2026-07-28T16:32:01.889Z - [32minfo[39m: [00:32:01] Reload for file change: /Users/damithch/Repos/nus-cs2103/cs2103-website-base/book/_site/integration/introduction/what/unit-inElsewhere-asFlat._include_.html
2026-07-28T16:32:01.889Z - [32minfo[39m: Synchronizing opened pages list before reload
2026-07-28T16:32:01.889Z - [32minfo[39m: Current opened pages, from most-to-least recent:
2026-07-28T16:32:01.889Z - [32minfo[39m: 1. schedule/week6/topics
2026-07-28T16:32:01.890Z - [32minfo[39m: [00:32:01] Reload for file change: /Users/damithch/Repos/nus-cs2103/cs2103-website-base/book/_site/reuse/platforms/what/unit-inElsewhere-asFlat._include_.html
2026-07-28T16:32:01.890Z - [32minfo[39m: Synchronizing opened pages list before reload
2026-07-28T16:32:01.890Z - [32minfo[39m: Current opened pages, from most-to-least recent:
2026-07-28T16:32:01.890Z - [32minfo[39m: 1. schedule/week6/topics
2026-07-28T16:32:01.890Z - [32minfo[39m: [00:32:01] Reload for file change: /Users/damithch/Repos/nus-cs2103/cs2103-website-base/book/_site/specifyingRequirements/featureList/what/unit-inElsewhere-asFlat._include_.html
2026-07-28T16:32:01.890Z - [32minfo[39m: Synchronizing opened pages list before reload
2026-07-28T16:32:01.890Z - [32minfo[39m: Current opened pages, from most-to-least recent:
2026-07-28T16:32:01.890Z - [32minfo[39m: 1. schedule/week6/topics
2026-07-28T16:32:01.890Z - [32minfo[39m: [00:32:01] Reload for file change: /Users/damithch/Repos/nus-cs2103/cs2103-website-base/book/_site/errorHandling/defensiveProgramming/compulsoryAssociations/unit-inElsewhere-asFlat._include_.html
2026-07-28T16:32:01.890Z - [32minfo[39m: Synchronizing opened pages list before reload
2026-07-28T16:32:01.890Z - [32minfo[39m: Current opened pages, from most-to-least recent:
2026-07-28T16:32:01.890Z - [32minfo[39m: 1. schedule/week6/topics
2026-07-28T16:32:01.890Z - [32minfo[39m: [00:32:01] Reload for file change: /Users/damithch/Repos/nus-cs2103/cs2103-website-base/book/_site/reuse/apis/designingAPIs/unit-inElsewhere-asFlat._include_.html
2026-07-28T16:32:01.890Z - [32minfo[39m: Synchronizing opened pages list before reload
2026-07-28T16:32:01.890Z - [32minfo[39m: Current opened pages, from most-to-least recent:
2026-07-28T16:32:01.890Z - [32minfo[39m: 1. schedule/week6/topics
2026-07-28T16:32:01.890Z - [32minfo[39m: [00:32:01] Reload for file change: /Users/damithch/Repos/nus-cs2103/cs2103-website-base/book/_site/reuse/introduction/what/unit-inElsewhere-asFlat._include_.html
2026-07-28T16:32:01.890Z - [32minfo[39m: Synchronizing opened pages list before reload
2026-07-28T16:32:01.890Z - [32minfo[39m: Current opened pages, from most-to-least recent:
2026-07-28T16:32:01.890Z - [32minfo[39m: 1. schedule/week6/topics
2026-07-28T16:32:01.890Z - [32minfo[39m: [00:32:01] Reload for file change: /Users/damithch/Repos/nus-cs2103/cs2103-website-base/book/_site/modeling/modelingBehaviors/interactionOverviewDiagrams/unit-inElsewhere-asFlat._include_.html
2026-07-28T16:32:01.890Z - [32minfo[39m: Synchronizing opened pages list before reload
2026-07-28T16:32:01.890Z - [32minfo[39m: Current opened pages, from most-to-least recent:
2026-07-28T16:32:01.890Z - [32minfo[39m: 1. schedule/week6/topics
2026-07-28T16:32:01.890Z - [32minfo[39m: [00:32:01] Reload for file change: /Users/damithch/Repos/nus-cs2103/cs2103-website-base/book/_site/errorHandling/defensiveProgramming/referentialIntegrity/unit-inElsewhere-asFlat._include_.html
2026-07-28T16:32:01.890Z - [32minfo[39m: Synchronizing opened pages list before reload
2026-07-28T16:32:01.890Z - [32minfo[39m: Current opened pages, from most-to-least recent:
2026-07-28T16:32:01.890Z - [32minfo[39m: 1. schedule/week6/topics
2026-07-28T16:32:01.891Z - [32minfo[39m: [00:32:01] Reload for file change: /Users/damithch/Repos/nus-cs2103/cs2103-website-base/book/_site/reuse/frameworks/what/unit-inElsewhere-asFlat._include_.html
2026-07-28T16:32:01.891Z - [32minfo[39m: Synchronizing opened pages list before reload
2026-07-28T16:32:01.891Z - [32minfo[39m: Current opened pages, from most-to-least recent:
2026-07-28T16:32:01.891Z - [32minfo[39m: 1. schedule/week6/topics
2026-07-28T16:32:01.891Z - [32minfo[39m: [00:32:01] Reload for file change: /Users/damithch/Repos/nus-cs2103/cs2103-website-base/book/_site/modeling/modelingBehaviors/stateMachineDiagrams/unit-inElsewhere-asFlat._include_.html
2026-07-28T16:32:01.891Z - [32minfo[39m: Synchronizing opened pages list before reload
2026-07-28T16:32:01.891Z - [32minfo[39m: Current opened pages, from most-to-least recent:
2026-07-28T16:32:01.891Z - [32minfo[39m: 1. schedule/week6/topics
2026-07-28T16:32:01.891Z - [32minfo[39m: [00:32:01] Reload for file change: /Users/damithch/Repos/nus-cs2103/cs2103-website-base/book/_site/testCaseDesign/equivalencePartitions/intermediate/unit-inElsewhere-asFlat._include_.html
2026-07-28T16:32:01.891Z - [32minfo[39m: Synchronizing opened pages list before reload
2026-07-28T16:32:01.891Z - [32minfo[39m: Current opened pages, from most-to-least recent:
2026-07-28T16:32:01.891Z - [32minfo[39m: 1. schedule/week6/topics
2026-07-28T16:32:01.891Z - [32minfo[39m: [00:32:01] Reload for file change: /Users/damithch/Repos/nus-cs2103/cs2103-website-base/book/_site/errorHandling/designByContract/what/unit-inElsewhere-asFlat._include_.html
2026-07-28T16:32:01.891Z - [32minfo[39m: Synchronizing opened pages list before reload
2026-07-28T16:32:01.891Z - [32minfo[39m: Current opened pages, from most-to-least recent:
2026-07-28T16:32:01.891Z - [32minfo[39m: 1. schedule/week6/topics
2026-07-28T16:32:01.891Z - [32minfo[39m: [00:32:01] Reload for file change: /Users/damithch/Repos/nus-cs2103/cs2103-website-base/book/_site/processModels/introduction/what/unit-inElsewhere-asFlat._include_.html
2026-07-28T16:32:01.891Z - [32minfo[39m: Synchronizing opened pages list before reload
2026-07-28T16:32:01.892Z - [32minfo[39m: Current opened pages, from most-to-least recent:
2026-07-28T16:32:01.892Z - [32minfo[39m: 1. schedule/week6/topics
2026-07-28T16:32:01.892Z - [32minfo[39m: [00:32:01] Reload for file change: /Users/damithch/Repos/nus-cs2103/cs2103-website-base/book/_site/modeling/modelingBehaviors/sequenceDiagramsAdvanced/unit-inElsewhere-asFlat._include_.html
2026-07-28T16:32:01.892Z - [32minfo[39m: Synchronizing opened pages list before reload
2026-07-28T16:32:01.892Z - [32minfo[39m: Current opened pages, from most-to-least recent:
2026-07-28T16:32:01.892Z - [32minfo[39m: 1. schedule/week6/topics
2026-07-28T16:32:01.892Z - [32minfo[39m: [00:32:01] Reload for file change: /Users/damithch/Repos/nus-cs2103/cs2103-website-base/book/_site/reuse/frameworks/frameworksVsLibraries/unit-inElsewhere-asFlat._include_.html
2026-07-28T16:32:01.892Z - [32minfo[39m: Synchronizing opened pages list before reload
2026-07-28T16:32:01.892Z - [32minfo[39m: Current opened pages, from most-to-least recent:
2026-07-28T16:32:01.892Z - [32minfo[39m: 1. schedule/week6/topics
2026-07-28T16:32:01.892Z - [32minfo[39m: [00:32:01] Reload for file change: /Users/damithch/Repos/nus-cs2103/cs2103-website-base/book/_site/testCaseDesign/boundaryValueAnalysis/what/unit-inElsewhere-asFlat._include_.html
2026-07-28T16:32:01.892Z - [32minfo[39m: Synchronizing opened pages list before reload
2026-07-28T16:32:01.892Z - [32minfo[39m: Current opened pages, from most-to-least recent:
2026-07-28T16:32:01.892Z - [32minfo[39m: 1. schedule/week6/topics
2026-07-28T16:32:01.893Z - [32minfo[39m: [00:32:01] Reload for file change: /Users/damithch/Repos/nus-cs2103/cs2103-website-base/book/_site/specifyingRequirements/glossary/what/unit-inElsewhere-asFlat._include_.html
2026-07-28T16:32:01.893Z - [32minfo[39m: Synchronizing opened pages list before reload
2026-07-28T16:32:01.893Z - [32minfo[39m: Current opened pages, from most-to-least recent:
2026-07-28T16:32:01.893Z - [32minfo[39m: 1. schedule/week6/topics
2026-07-28T16:32:01.893Z - [32minfo[39m: [00:32:01] Reload for file change: /Users/damithch/Repos/nus-cs2103/cs2103-website-base/book/_site/reuse/apis/what/unit-inElsewhere-asFlat._include_.html
2026-07-28T16:32:01.893Z - [32minfo[39m: Synchronizing opened pages list before reload
2026-07-28T16:32:01.893Z - [32minfo[39m: Current opened pages, from most-to-least recent:
2026-07-28T16:32:01.893Z - [32minfo[39m: 1. schedule/week6/topics
2026-07-28T16:32:01.894Z - [32minfo[39m: [00:32:01] Reload for file change: /Users/damithch/Repos/nus-cs2103/cs2103-website-base/book/_site/specifyingRequirements/useCases/introduction/unit-inElsewhere-asFlat._include_.html
2026-07-28T16:32:01.894Z - [32minfo[39m: Synchronizing opened pages list before reload
2026-07-28T16:32:01.894Z - [32minfo[39m: Current opened pages, from most-to-least recent:
2026-07-28T16:32:01.894Z - [32minfo[39m: 1. schedule/week6/topics
2026-07-28T16:32:01.894Z - [32minfo[39m: [00:32:01] Reload for file change: /Users/damithch/Repos/nus-cs2103/cs2103-website-base/book/_site/specifyingRequirements/useCases/details/unit-inElsewhere-asFlat._include_.html
2026-07-28T16:32:01.894Z - [32minfo[39m: Synchronizing opened pages list before reload
2026-07-28T16:32:01.894Z - [32minfo[39m: Current opened pages, from most-to-least recent:
2026-07-28T16:32:01.894Z - [32minfo[39m: 1. schedule/week6/topics
2026-07-28T16:32:01.895Z - [32minfo[39m: [00:32:01] Reload for file change: /Users/damithch/Repos/nus-cs2103/cs2103-website-base/book/_site/qualityAssurance/introduction/what/unit-inElsewhere-asFlat._include_.html
2026-07-28T16:32:01.895Z - [32minfo[39m: Synchronizing opened pages list before reload
2026-07-28T16:32:01.895Z - [32minfo[39m: Current opened pages, from most-to-least recent:
2026-07-28T16:32:01.895Z - [32minfo[39m: 1. schedule/week6/topics
2026-07-28T16:32:01.895Z - [32minfo[39m: [00:32:01] Reload for file change: /Users/damithch/Repos/nus-cs2103/cs2103-website-base/book/_site/reuse/introduction/when/unit-inElsewhere-asFlat._include_.html
2026-07-28T16:32:01.895Z - [32minfo[39m: Synchronizing opened pages list before reload
2026-07-28T16:32:01.895Z - [32minfo[39m: Current opened pages, from most-to-least recent:
2026-07-28T16:32:01.895Z - [32minfo[39m: 1. schedule/week6/topics
2026-07-28T16:32:01.895Z - [32minfo[39m: [00:32:01] Reload for file change: /Users/damithch/Repos/nus-cs2103/cs2103-website-base/book/_site/qualityAssurance/introduction/validationVsVerification/unit-inElsewhere-asFlat._include_.html
2026-07-28T16:32:01.895Z - [32minfo[39m: Synchronizing opened pages list before reload
2026-07-28T16:32:01.895Z - [32minfo[39m: Current opened pages, from most-to-least recent:
2026-07-28T16:32:01.895Z - [32minfo[39m: 1. schedule/week6/topics
2026-07-28T16:32:01.895Z - [32minfo[39m: [00:32:01] Reload for file change: /Users/damithch/Repos/nus-cs2103/cs2103-website-base/book/_site/specifyingRequirements/userStories/details/unit-inElsewhere-asFlat._include_.html
2026-07-28T16:32:01.895Z - [32minfo[39m: Synchronizing opened pages list before reload
2026-07-28T16:32:01.895Z - [32minfo[39m: Current opened pages, from most-to-least recent:
2026-07-28T16:32:01.895Z - [32minfo[39m: 1. schedule/week6/topics
2026-07-28T16:32:01.895Z - [32minfo[39m: [00:32:01] Reload for file change: /Users/damithch/Repos/nus-cs2103/cs2103-website-base/book/_site/testCaseDesign/combiningTestInputs/heuristicValid/unit-inElsewhere-asFlat._include_.html
2026-07-28T16:32:01.895Z - [32minfo[39m: Synchronizing opened pages list before reload
2026-07-28T16:32:01.895Z - [32minfo[39m: Current opened pages, from most-to-least recent:
2026-07-28T16:32:01.895Z - [32minfo[39m: 1. schedule/week6/topics
2026-07-28T16:32:01.895Z - [32minfo[39m: [00:32:01] Reload for file change: /Users/damithch/Repos/nus-cs2103/cs2103-website-base/book/_site/processModels/more/cmmi/unit-inElsewhere-asFlat._include_.html
2026-07-28T16:32:01.895Z - [32minfo[39m: Synchronizing opened pages list before reload
2026-07-28T16:32:01.895Z - [32minfo[39m: Current opened pages, from most-to-least recent:
2026-07-28T16:32:01.895Z - [32minfo[39m: 1. schedule/week6/topics
2026-07-28T16:32:01.895Z - [32minfo[39m: [00:32:01] Reload for file change: /Users/damithch/Repos/nus-cs2103/cs2103-website-base/book/_site/errorHandling/exceptions/what/unit-inElsewhere-asFlat._include_.html
2026-07-28T16:32:01.895Z - [32minfo[39m: Synchronizing opened pages list before reload
2026-07-28T16:32:01.895Z - [32minfo[39m: Current opened pages, from most-to-least recent:
2026-07-28T16:32:01.895Z - [32minfo[39m: 1. schedule/week6/topics
2026-07-28T16:32:01.895Z - [32minfo[39m: [00:32:01] Reload for file change: /Users/damithch/Repos/nus-cs2103/cs2103-website-base/book/_site/testCaseDesign/boundaryValueAnalysis/how/unit-inElsewhere-asFlat._include_.html
2026-07-28T16:32:01.895Z - [32minfo[39m: Synchronizing opened pages list before reload
2026-07-28T16:32:01.895Z - [32minfo[39m: Current opened pages, from most-to-least recent:
2026-07-28T16:32:01.895Z - [32minfo[39m: 1. schedule/week6/topics
2026-07-28T16:32:01.895Z - [32minfo[39m: [00:32:01] Reload for file change: /Users/damithch/Repos/nus-cs2103/cs2103-website-base/book/_site/modeling/modelingBehaviors/sequenceDiagramsIntermediate/unit-inElsewhere-asFlat._include_.html
2026-07-28T16:32:01.895Z - [32minfo[39m: Synchronizing opened pages list before reload
2026-07-28T16:32:01.895Z - [32minfo[39m: Current opened pages, from most-to-least recent:
2026-07-28T16:32:01.895Z - [32minfo[39m: 1. schedule/week6/topics
2026-07-28T16:32:01.895Z - [32minfo[39m: [00:32:01] Reload for file change: /Users/damithch/Repos/nus-cs2103/cs2103-website-base/book/_site/specifyingRequirements/useCases/identifying/unit-inElsewhere-asFlat._include_.html
2026-07-28T16:32:01.895Z - [32minfo[39m: Synchronizing opened pages list before reload
2026-07-28T16:32:01.895Z - [32minfo[39m: Current opened pages, from most-to-least recent:
2026-07-28T16:32:01.895Z - [32minfo[39m: 1. schedule/week6/topics
2026-07-28T16:32:01.895Z - [32minfo[39m: [00:32:01] Reload for file change: /Users/damithch/Repos/nus-cs2103/cs2103-website-base/book/_site/modeling/modelingBehaviors/useCaseDiagrams/unit-inElsewhere-asFlat._include_.html
2026-07-28T16:32:01.895Z - [32minfo[39m: Synchronizing opened pages list before reload
2026-07-28T16:32:01.895Z - [32minfo[39m: Current opened pages, from most-to-least recent:
2026-07-28T16:32:01.895Z - [32minfo[39m: 1. schedule/week6/topics
2026-07-28T16:32:01.895Z - [32minfo[39m: [00:32:01] Reload for file change: /Users/damithch/Repos/nus-cs2103/cs2103-website-base/book/_site/oop/associations/navigability/unit-inElsewhere-asFlat._include_.html
2026-07-28T16:32:01.895Z - [32minfo[39m: Synchronizing opened pages list before reload
2026-07-28T16:32:01.896Z - [32minfo[39m: Current opened pages, from most-to-least recent:
2026-07-28T16:32:01.896Z - [32minfo[39m: 1. schedule/week6/topics
2026-07-28T16:32:01.896Z - [32minfo[39m: [00:32:01] Reload for file change: /Users/damithch/Repos/nus-cs2103/cs2103-website-base/book/_site/uml/sequenceDiagrams/loops/unit-inElsewhere-asFlat._include_.html
2026-07-28T16:32:01.896Z - [32minfo[39m: Synchronizing opened pages list before reload
2026-07-28T16:32:01.896Z - [32minfo[39m: Current opened pages, from most-to-least recent:
2026-07-28T16:32:01.896Z - [32minfo[39m: 1. schedule/week6/topics
2026-07-28T16:32:01.896Z - [32minfo[39m: [00:32:01] Reload for file change: /Users/damithch/Repos/nus-cs2103/cs2103-website-base/book/_site/processModels/exampleProcessModels/xp/unit-inElsewhere-asFlat._include_.html
2026-07-28T16:32:01.896Z - [32minfo[39m: Synchronizing opened pages list before reload
2026-07-28T16:32:01.896Z - [32minfo[39m: Current opened pages, from most-to-least recent:
2026-07-28T16:32:01.896Z - [32minfo[39m: 1. schedule/week6/topics
2026-07-28T16:32:01.896Z - [32minfo[39m: [00:32:01] Reload for file change: /Users/damithch/Repos/nus-cs2103/cs2103-website-base/book/_site/testCaseDesign/combiningTestInputs/heuristicInvalid/unit-inElsewhere-asFlat._include_.html
2026-07-28T16:32:01.896Z - [32minfo[39m: Synchronizing opened pages list before reload
2026-07-28T16:32:01.896Z - [32minfo[39m: Current opened pages, from most-to-least recent:
2026-07-28T16:32:01.896Z - [32minfo[39m: 1. schedule/week6/topics
2026-07-28T16:32:01.896Z - [32minfo[39m: [00:32:01] Reload for file change: /Users/damithch/Repos/nus-cs2103/cs2103-website-base/book/_site/qualityAssurance/codeReviews/what/unit-inElsewhere-asFlat._include_.html
2026-07-28T16:32:01.896Z - [32minfo[39m: Synchronizing opened pages list before reload
2026-07-28T16:32:01.896Z - [32minfo[39m: Current opened pages, from most-to-least recent:
2026-07-28T16:32:01.896Z - [32minfo[39m: 1. schedule/week6/topics
2026-07-28T16:32:01.896Z - [32minfo[39m: [00:32:01] Reload for file change: /Users/damithch/Repos/nus-cs2103/cs2103-website-base/book/_site/processModels/exampleProcessModels/scrum/unit-inElsewhere-asFlat._include_.html
2026-07-28T16:32:01.896Z - [32minfo[39m: Synchronizing opened pages list before reload
2026-07-28T16:32:01.896Z - [32minfo[39m: Current opened pages, from most-to-least recent:
2026-07-28T16:32:01.896Z - [32minfo[39m: 1. schedule/week6/topics
2026-07-28T16:32:01.896Z - [32minfo[39m: [00:32:01] Reload for file change: /Users/damithch/Repos/nus-cs2103/cs2103-website-base/book/_site/qualityAssurance/staticAnalysis/what/unit-inElsewhere-asFlat._include_.html
2026-07-28T16:32:01.896Z - [32minfo[39m: Synchronizing opened pages list before reload
2026-07-28T16:32:01.896Z - [32minfo[39m: Current opened pages, from most-to-least recent:
2026-07-28T16:32:01.896Z - [32minfo[39m: 1. schedule/week6/topics
2026-07-28T16:32:01.896Z - [32minfo[39m: [00:32:01] Reload for file change: /Users/damithch/Repos/nus-cs2103/cs2103-website-base/book/_site/integration/buildAutomation/continuousIntegrationDeployment/unit-inElsewhere-asFlat._include_.html
2026-07-28T16:32:01.896Z - [32minfo[39m: Synchronizing opened pages list before reload
2026-07-28T16:32:01.896Z - [32minfo[39m: Current opened pages, from most-to-least recent:
2026-07-28T16:32:01.896Z - [32minfo[39m: 1. schedule/week6/topics
2026-07-28T16:32:01.902Z - [32minfo[39m: [00:32:01] Reload for file change: /Users/damithch/Repos/nus-cs2103/cs2103-website-base/book/_site/oop/inheritance/interfaces/unit-inElsewhere-asFlat._include_.html
2026-07-28T16:32:01.902Z - [32minfo[39m: Synchronizing opened pages list before reload
2026-07-28T16:32:01.902Z - [32minfo[39m: Current opened pages, from most-to-least recent:
2026-07-28T16:32:01.902Z - [32minfo[39m: 1. schedule/week6/topics
2026-07-28T16:32:01.903Z - [32minfo[39m: [00:32:01] Reload for file change: /Users/damithch/Repos/nus-cs2103/cs2103-website-base/book/_site/reuse/cloudComputing/what/unit-inElsewhere-asFlat._include_.html
2026-07-28T16:32:01.903Z - [32minfo[39m: Synchronizing opened pages list before reload
2026-07-28T16:32:01.903Z - [32minfo[39m: Current opened pages, from most-to-least recent:
2026-07-28T16:32:01.903Z - [32minfo[39m: 1. schedule/week6/topics
2026-07-28T16:32:01.903Z - [32minfo[39m: [00:32:01] Reload for file change: /Users/damithch/Repos/nus-cs2103/cs2103-website-base/book/_site/reuse/libraries/what/unit-inElsewhere-asFlat._include_.html
2026-07-28T16:32:01.903Z - [32minfo[39m: Synchronizing opened pages list before reload
2026-07-28T16:32:01.903Z - [32minfo[39m: Current opened pages, from most-to-least recent:
2026-07-28T16:32:01.903Z - [32minfo[39m: 1. schedule/week6/topics
2026-07-28T16:32:01.903Z - [32minfo[39m: [00:32:01] Reload for file change: /Users/damithch/Repos/nus-cs2103/cs2103-website-base/book/_site/modeling/modelingStructures/objectOrientedDomainModels/unit-inElsewhere-asFlat._include_.html
2026-07-28T16:32:01.903Z - [32minfo[39m: Synchronizing opened pages list before reload
2026-07-28T16:32:01.903Z - [32minfo[39m: Current opened pages, from most-to-least recent:
2026-07-28T16:32:01.903Z - [32minfo[39m: 1. schedule/week6/topics
2026-07-28T16:32:01.904Z - [32minfo[39m: [00:32:01] Reload for file change: /Users/damithch/Repos/nus-cs2103/cs2103-website-base/book/_site/uml/sequenceDiagrams/minimalNotation/unit-inElsewhere-asFlat._include_.html
2026-07-28T16:32:01.904Z - [32minfo[39m: Synchronizing opened pages list before reload
2026-07-28T16:32:01.904Z - [32minfo[39m: Current opened pages, from most-to-least recent:
2026-07-28T16:32:01.904Z - [32minfo[39m: 1. schedule/week6/topics
2026-07-28T16:32:01.904Z - [32minfo[39m: [00:32:01] Reload for file change: /Users/damithch/Repos/nus-cs2103/cs2103-website-base/book/_site/errorHandling/assertions/what/unit-inElsewhere-asFlat._include_.html
2026-07-28T16:32:01.904Z - [32minfo[39m: Synchronizing opened pages list before reload
2026-07-28T16:32:01.904Z - [32minfo[39m: Current opened pages, from most-to-least recent:
2026-07-28T16:32:01.904Z - [32minfo[39m: 1. schedule/week6/topics
2026-07-28T16:32:01.904Z - [32minfo[39m: [00:32:01] Reload for file change: /Users/damithch/Repos/nus-cs2103/cs2103-website-base/book/_site/uml/sequenceDiagrams/staticMethods/unit-inElsewhere-asFlat._include_.html
2026-07-28T16:32:01.904Z - [32minfo[39m: Synchronizing opened pages list before reload
2026-07-28T16:32:01.904Z - [32minfo[39m: Current opened pages, from most-to-least recent:
2026-07-28T16:32:01.904Z - [32minfo[39m: 1. schedule/week6/topics
2026-07-28T16:32:01.904Z - [32minfo[39m: [00:32:01] Reload for file change: /Users/damithch/Repos/nus-cs2103/cs2103-website-base/book/_site/testCaseDesign/introduction/blackVsGlass/unit-inElsewhere-asFlat._include_.html
2026-07-28T16:32:01.904Z - [32minfo[39m: Synchronizing opened pages list before reload
2026-07-28T16:32:01.904Z - [32minfo[39m: Current opened pages, from most-to-least recent:
2026-07-28T16:32:01.904Z - [32minfo[39m: 1. schedule/week6/topics
2026-07-28T16:32:01.905Z - [32minfo[39m: [00:32:01] Reload for file change: /Users/damithch/Repos/nus-cs2103/cs2103-website-base/book/_site/uml/notes/constraints/unit-inElsewhere-asFlat._include_.html
2026-07-28T16:32:01.905Z - [32minfo[39m: Synchronizing opened pages list before reload
2026-07-28T16:32:01.905Z - [32minfo[39m: Current opened pages, from most-to-least recent:
2026-07-28T16:32:01.905Z - [32minfo[39m: 1. schedule/week6/topics
2026-07-28T16:32:01.905Z - [32minfo[39m: [00:32:01] Reload for file change: /Users/damithch/Repos/nus-cs2103/cs2103-website-base/book/_site/testCaseDesign/equivalencePartitions/what/unit-inElsewhere-asFlat._include_.html
2026-07-28T16:32:01.905Z - [32minfo[39m: Synchronizing opened pages list before reload
2026-07-28T16:32:01.905Z - [32minfo[39m: Current opened pages, from most-to-least recent:
2026-07-28T16:32:01.905Z - [32minfo[39m: 1. schedule/week6/topics
2026-07-28T16:32:01.905Z - [32minfo[39m: [00:32:01] Reload for file change: /Users/damithch/Repos/nus-cs2103/cs2103-website-base/book/_site/modeling/modelingStructures/objectDiagrams/unit-inElsewhere-asFlat._include_.html
2026-07-28T16:32:01.905Z - [32minfo[39m: Synchronizing opened pages list before reload
2026-07-28T16:32:01.905Z - [32minfo[39m: Current opened pages, from most-to-least recent:
2026-07-28T16:32:01.905Z - [32minfo[39m: 1. schedule/week6/topics
2026-07-28T16:32:01.905Z - [32minfo[39m: [00:32:01] Reload for file change: /Users/damithch/Repos/nus-cs2103/cs2103-website-base/book/_site/testCaseDesign/combiningTestInputs/why/unit-inElsewhere-asFlat._include_.html
2026-07-28T16:32:01.905Z - [32minfo[39m: Synchronizing opened pages list before reload
2026-07-28T16:32:01.905Z - [32minfo[39m: Current opened pages, from most-to-least recent:
2026-07-28T16:32:01.905Z - [32minfo[39m: 1. schedule/week6/topics
2026-07-28T16:32:01.905Z - [32minfo[39m: [00:32:01] Reload for file change: /Users/damithch/Repos/nus-cs2103/cs2103-website-base/book/_site/testCaseDesign/introduction/what/unit-inElsewhere-asFlat._include_.html
2026-07-28T16:32:01.905Z - [32minfo[39m: Synchronizing opened pages list before reload
2026-07-28T16:32:01.905Z - [32minfo[39m: Current opened pages, from most-to-least recent:
2026-07-28T16:32:01.905Z - [32minfo[39m: 1. schedule/week6/topics
2026-07-28T16:32:01.905Z - [32minfo[39m: [00:32:01] Reload for file change: /Users/damithch/Repos/nus-cs2103/cs2103-website-base/book/_site/testCaseDesign/combiningTestInputs/mix/unit-inElsewhere-asFlat._include_.html
2026-07-28T16:32:01.905Z - [32minfo[39m: Synchronizing opened pages list before reload
2026-07-28T16:32:01.905Z - [32minfo[39m: Current opened pages, from most-to-least recent:
2026-07-28T16:32:01.905Z - [32minfo[39m: 1. schedule/week6/topics
2026-07-28T16:32:01.906Z - [32minfo[39m: [00:32:01] Reload for file change: /Users/damithch/Repos/nus-cs2103/cs2103-website-base/book/_site/testing/testCoverage/what/unit-inElsewhere-asFlat._include_.html
2026-07-28T16:32:01.906Z - [32minfo[39m: Synchronizing opened pages list before reload
2026-07-28T16:32:01.906Z - [32minfo[39m: Current opened pages, from most-to-least recent:
2026-07-28T16:32:01.906Z - [32minfo[39m: 1. schedule/week6/topics
2026-07-28T16:32:01.906Z - [32minfo[39m: [00:32:01] Reload for file change: /Users/damithch/Repos/nus-cs2103/cs2103-website-base/book/_site/modeling/modelingStructures/compositeStructureDiagrams/unit-inElsewhere-asFlat._include_.html
2026-07-28T16:32:01.906Z - [32minfo[39m: Synchronizing opened pages list before reload
2026-07-28T16:32:01.906Z - [32minfo[39m: Current opened pages, from most-to-least recent:
2026-07-28T16:32:01.906Z - [32minfo[39m: 1. schedule/week6/topics
2026-07-28T16:32:01.907Z - [32minfo[39m: [00:32:01] Reload for file change: /Users/damithch/Repos/nus-cs2103/cs2103-website-base/book/_site/processModels/introduction/sequentialModels/unit-inElsewhere-asFlat._include_.html
2026-07-28T16:32:01.907Z - [32minfo[39m: Synchronizing opened pages list before reload
2026-07-28T16:32:01.907Z - [32minfo[39m: Current opened pages, from most-to-least recent:
2026-07-28T16:32:01.907Z - [32minfo[39m: 1. schedule/week6/topics
2026-07-28T16:32:01.907Z - [32minfo[39m: [00:32:01] Reload for file change: /Users/damithch/Repos/nus-cs2103/cs2103-website-base/book/_site/uml/notes/notes/unit-inElsewhere-asFlat._include_.html
2026-07-28T16:32:01.907Z - [32minfo[39m: Synchronizing opened pages list before reload
2026-07-28T16:32:01.907Z - [32minfo[39m: Current opened pages, from most-to-least recent:
2026-07-28T16:32:01.907Z - [32minfo[39m: 1. schedule/week6/topics
2026-07-28T16:32:01.907Z - [32minfo[39m: [00:32:01] Reload for file change: /Users/damithch/Repos/nus-cs2103/cs2103-website-base/book/_site/processModels/summary/recap/unit-inElsewhere-asFlat._include_.html
2026-07-28T16:32:01.907Z - [32minfo[39m: Synchronizing opened pages list before reload
2026-07-28T16:32:01.908Z - [32minfo[39m: Current opened pages, from most-to-least recent:
2026-07-28T16:32:01.908Z - [32minfo[39m: 1. schedule/week6/topics
2026-07-28T16:32:01.908Z - [32minfo[39m: [00:32:01] Reload for file change: /Users/damithch/Repos/nus-cs2103/cs2103-website-base/book/_site/specifyingRequirements/useCases/usage/unit-inElsewhere-asFlat._include_.html
2026-07-28T16:32:01.908Z - [32minfo[39m: Synchronizing opened pages list before reload
2026-07-28T16:32:01.908Z - [32minfo[39m: Current opened pages, from most-to-least recent:
2026-07-28T16:32:01.908Z - [32minfo[39m: 1. schedule/week6/topics
2026-07-28T16:32:01.908Z - [32minfo[39m: [00:32:01] Reload for file change: /Users/damithch/Repos/nus-cs2103/cs2103-website-base/book/_site/testCaseDesign/summary/recap/unit-inElsewhere-asFlat._include_.html
2026-07-28T16:32:01.908Z - [32minfo[39m: Synchronizing opened pages list before reload
2026-07-28T16:32:01.908Z - [32minfo[39m: Current opened pages, from most-to-least recent:
2026-07-28T16:32:01.908Z - [32minfo[39m: 1. schedule/week6/topics
2026-07-28T16:32:01.908Z - [32minfo[39m: [00:32:01] Reload for file change: /Users/damithch/Repos/nus-cs2103/cs2103-website-base/book/_site/testing/testCoverage/how/unit-inElsewhere-asFlat._include_.html
2026-07-28T16:32:01.908Z - [32minfo[39m: Synchronizing opened pages list before reload
2026-07-28T16:32:01.908Z - [32minfo[39m: Current opened pages, from most-to-least recent:
2026-07-28T16:32:01.908Z - [32minfo[39m: 1. schedule/week6/topics
2026-07-28T16:32:01.908Z - [32minfo[39m: [00:32:01] Reload for file change: /Users/damithch/Repos/nus-cs2103/cs2103-website-base/book/_site/specifyingRequirements/userStories/usage/unit-inElsewhere-asFlat._include_.html
2026-07-28T16:32:01.908Z - [32minfo[39m: Synchronizing opened pages list before reload
2026-07-28T16:32:01.908Z - [32minfo[39m: Current opened pages, from most-to-least recent:
2026-07-28T16:32:01.908Z - [32minfo[39m: 1. schedule/week6/topics
2026-07-28T16:32:01.908Z - [32minfo[39m: [00:32:01] Reload for file change: /Users/damithch/Repos/nus-cs2103/cs2103-website-base/book/_site/testCaseDesign/summary/exercises/unit-inElsewhere-asFlat._include_.html
2026-07-28T16:32:01.908Z - [32minfo[39m: Synchronizing opened pages list before reload
2026-07-28T16:32:01.908Z - [32minfo[39m: Current opened pages, from most-to-least recent:
2026-07-28T16:32:01.908Z - [32minfo[39m: 1. schedule/week6/topics
2026-07-28T16:32:01.908Z - [32minfo[39m: [00:32:01] Reload for file change: /Users/damithch/Repos/nus-cs2103/cs2103-website-base/book/_site/qualityAssurance/formalVerification/what/unit-inElsewhere-asFlat._include_.html
2026-07-28T16:32:01.908Z - [32minfo[39m: Synchronizing opened pages list before reload
2026-07-28T16:32:01.908Z - [32minfo[39m: Current opened pages, from most-to-least recent:
2026-07-28T16:32:01.908Z - [32minfo[39m: 1. schedule/week6/topics
2026-07-28T16:32:01.908Z - [32minfo[39m: [00:32:01] Reload for file change: /Users/damithch/Repos/nus-cs2103/cs2103-website-base/book/_site/oop/polymorphism/what/unit-inElsewhere-asFlat._include_.html
2026-07-28T16:32:01.908Z - [32minfo[39m: Synchronizing opened pages list before reload
2026-07-28T16:32:01.908Z - [32minfo[39m: Current opened pages, from most-to-least recent:
2026-07-28T16:32:01.908Z - [32minfo[39m: 1. schedule/week6/topics
2026-07-28T16:32:01.909Z - [32minfo[39m: [00:32:01] Reload for file change: /Users/damithch/Repos/nus-cs2103/cs2103-website-base/book/_site/uml/sequenceDiagrams/objectCreation/unit-inElsewhere-asFlat._include_.html
2026-07-28T16:32:01.909Z - [32minfo[39m: Synchronizing opened pages list before reload
2026-07-28T16:32:01.909Z - [32minfo[39m: Current opened pages, from most-to-least recent:
2026-07-28T16:32:01.909Z - [32minfo[39m: 1. schedule/week6/topics
2026-07-28T16:32:01.909Z - [32minfo[39m: [00:32:01] Reload for file change: /Users/damithch/Repos/nus-cs2103/cs2103-website-base/book/_site/processModels/introduction/agileModels/unit-inElsewhere-asFlat._include_.html
2026-07-28T16:32:01.909Z - [32minfo[39m: Synchronizing opened pages list before reload
2026-07-28T16:32:01.909Z - [32minfo[39m: Current opened pages, from most-to-least recent:
2026-07-28T16:32:01.909Z - [32minfo[39m: 1. schedule/week6/topics
2026-07-28T16:32:01.909Z - [32minfo[39m: [00:32:01] Reload for file change: /Users/damithch/Repos/nus-cs2103/cs2103-website-base/book/_site/specifyingRequirements/userStories/introduction/unit-inElsewhere-asFlat._include_.html
2026-07-28T16:32:01.909Z - [32minfo[39m: Synchronizing opened pages list before reload
2026-07-28T16:32:01.909Z - [32minfo[39m: Current opened pages, from most-to-least recent:
2026-07-28T16:32:01.909Z - [32minfo[39m: 1. schedule/week6/topics
2026-07-28T16:32:01.909Z - [32minfo[39m: [00:32:01] Reload for file change: /Users/damithch/Repos/nus-cs2103/cs2103-website-base/book/_site/uml/sequenceDiagrams/referenceFrames/unit-inElsewhere-asFlat._include_.html
2026-07-28T16:32:01.909Z - [32minfo[39m: Synchronizing opened pages list before reload
2026-07-28T16:32:01.909Z - [32minfo[39m: Current opened pages, from most-to-least recent:
2026-07-28T16:32:01.909Z - [32minfo[39m: 1. schedule/week6/topics
2026-07-28T16:32:01.909Z - [32minfo[39m: [00:32:01] Reload for file change: /Users/damithch/Repos/nus-cs2103/cs2103-website-base/book/_site/uml/sequenceDiagrams/basic/unit-inElsewhere-asFlat._include_.html
2026-07-28T16:32:01.909Z - [32minfo[39m: Synchronizing opened pages list before reload
2026-07-28T16:32:01.909Z - [32minfo[39m: Current opened pages, from most-to-least recent:
2026-07-28T16:32:01.909Z - [32minfo[39m: 1. schedule/week6/topics
2026-07-28T16:32:01.909Z - [32minfo[39m: [00:32:01] Reload for file change: /Users/damithch/Repos/nus-cs2103/cs2103-website-base/book/_site/specifyingRequirements/prose/what/unit-inElsewhere-asFlat._include_.html
2026-07-28T16:32:01.909Z - [32minfo[39m: Synchronizing opened pages list before reload
2026-07-28T16:32:01.909Z - [32minfo[39m: Current opened pages, from most-to-least recent:
2026-07-28T16:32:01.909Z - [32minfo[39m: 1. schedule/week6/topics
2026-07-28T16:32:01.909Z - [32minfo[39m: [00:32:01] Reload for file change: /Users/damithch/Repos/nus-cs2103/cs2103-website-base/book/_site/testCaseDesign/equivalencePartitions/basic/unit-inElsewhere-asFlat._include_.html
2026-07-28T16:32:01.909Z - [32minfo[39m: Synchronizing opened pages list before reload
2026-07-28T16:32:01.909Z - [32minfo[39m: Current opened pages, from most-to-least recent:
2026-07-28T16:32:01.909Z - [32minfo[39m: 1. schedule/week6/topics
2026-07-28T16:32:01.909Z - [32minfo[39m: [00:32:01] Reload for file change: /Users/damithch/Repos/nus-cs2103/cs2103-website-base/book/_site/testing/testAutomation/testingGuis/unit-inElsewhere-asFlat._include_.html
2026-07-28T16:32:01.909Z - [32minfo[39m: Synchronizing opened pages list before reload
2026-07-28T16:32:01.909Z - [32minfo[39m: Current opened pages, from most-to-least recent:
2026-07-28T16:32:01.909Z - [32minfo[39m: 1. schedule/week6/topics
2026-07-28T16:32:01.909Z - [32minfo[39m: [00:32:01] Reload for file change: /Users/damithch/Repos/nus-cs2103/cs2103-website-base/book/_site/uml/sequenceDiagrams/introduction/unit-inElsewhere-asFlat._include_.html
2026-07-28T16:32:01.909Z - [32minfo[39m: Synchronizing opened pages list before reload
2026-07-28T16:32:01.909Z - [32minfo[39m: Current opened pages, from most-to-least recent:
2026-07-28T16:32:01.909Z - [32minfo[39m: 1. schedule/week6/topics
2026-07-28T16:32:01.909Z - [32minfo[39m: [00:32:01] Reload for file change: /Users/damithch/Repos/nus-cs2103/cs2103-website-base/book/_site/testing/tdd/what/unit-inElsewhere-asFlat._include_.html
2026-07-28T16:32:01.909Z - [32minfo[39m: Synchronizing opened pages list before reload
2026-07-28T16:32:01.909Z - [32minfo[39m: Current opened pages, from most-to-least recent:
2026-07-28T16:32:01.909Z - [32minfo[39m: 1. schedule/week6/topics
2026-07-28T16:32:01.909Z - [32minfo[39m: [00:32:01] Reload for file change: /Users/damithch/Repos/nus-cs2103/cs2103-website-base/book/_site/uml/sequenceDiagrams/parallelPaths/unit-inElsewhere-asFlat._include_.html
2026-07-28T16:32:01.909Z - [32minfo[39m: Synchronizing opened pages list before reload
2026-07-28T16:32:01.909Z - [32minfo[39m: Current opened pages, from most-to-least recent:
2026-07-28T16:32:01.910Z - [32minfo[39m: 1. schedule/week6/topics
2026-07-28T16:32:01.910Z - [32minfo[39m: [00:32:01] Reload for file change: /Users/damithch/Repos/nus-cs2103/cs2103-website-base/book/_site/uml/sequenceDiagrams/optionalPaths/unit-inElsewhere-asFlat._include_.html
2026-07-28T16:32:01.910Z - [32minfo[39m: Synchronizing opened pages list before reload
2026-07-28T16:32:01.910Z - [32minfo[39m: Current opened pages, from most-to-least recent:
2026-07-28T16:32:01.910Z - [32minfo[39m: 1. schedule/week6/topics
2026-07-28T16:32:01.910Z - [32minfo[39m: [00:32:01] Reload for file change: /Users/damithch/Repos/nus-cs2103/cs2103-website-base/book/_site/testing/testAutomation/usingTestDrivers/unit-inElsewhere-asFlat._include_.html
2026-07-28T16:32:01.910Z - [32minfo[39m: Synchronizing opened pages list before reload
2026-07-28T16:32:01.910Z - [32minfo[39m: Current opened pages, from most-to-least recent:
2026-07-28T16:32:01.910Z - [32minfo[39m: 1. schedule/week6/topics
2026-07-28T16:32:01.910Z - [32minfo[39m: [00:32:01] Reload for file change: /Users/damithch/Repos/nus-cs2103/cs2103-website-base/book/_site/uml/sequenceDiagrams/alternativePaths/unit-inElsewhere-asFlat._include_.html
2026-07-28T16:32:01.910Z - [32minfo[39m: Synchronizing opened pages list before reload
2026-07-28T16:32:01.910Z - [32minfo[39m: Current opened pages, from most-to-least recent:
2026-07-28T16:32:01.910Z - [32minfo[39m: 1. schedule/week6/topics
2026-07-28T16:32:01.910Z - [32minfo[39m: [00:32:01] Reload for file change: /Users/damithch/Repos/nus-cs2103/cs2103-website-base/book/_site/uml/objectDiagrams/associations/unit-inElsewhere-asFlat._include_.html
2026-07-28T16:32:01.910Z - [32minfo[39m: Synchronizing opened pages list before reload
2026-07-28T16:32:01.910Z - [32minfo[39m: Current opened pages, from most-to-least recent:
2026-07-28T16:32:01.910Z - [32minfo[39m: 1. schedule/week6/topics
2026-07-28T16:32:01.910Z - [32minfo[39m: [00:32:01] Reload for file change: /Users/damithch/Repos/nus-cs2103/cs2103-website-base/book/_site/testCaseDesign/more/testingUseCases/unit-inElsewhere-asFlat._include_.html
2026-07-28T16:32:01.910Z - [32minfo[39m: Synchronizing opened pages list before reload
2026-07-28T16:32:01.910Z - [32minfo[39m: Current opened pages, from most-to-least recent:
2026-07-28T16:32:01.910Z - [32minfo[39m: 1. schedule/week6/topics
2026-07-28T16:32:01.910Z - [32minfo[39m: [00:32:01] Reload for file change: /Users/damithch/Repos/nus-cs2103/cs2103-website-base/book/_site/testing/introduction/testability/unit-inElsewhere-asFlat._include_.html
2026-07-28T16:32:01.910Z - [32minfo[39m: Synchronizing opened pages list before reload
2026-07-28T16:32:01.910Z - [32minfo[39m: Current opened pages, from most-to-least recent:
2026-07-28T16:32:01.910Z - [32minfo[39m: 1. schedule/week6/topics
2026-07-28T16:32:01.910Z - [32minfo[39m: [00:32:01] Reload for file change: /Users/damithch/Repos/nus-cs2103/cs2103-website-base/book/_site/reuse/cloudComputing/services/unit-inElsewhere-asFlat._include_.html
2026-07-28T16:32:01.910Z - [32minfo[39m: Synchronizing opened pages list before reload
2026-07-28T16:32:01.910Z - [32minfo[39m: Current opened pages, from most-to-least recent:
2026-07-28T16:32:01.910Z - [32minfo[39m: 1. schedule/week6/topics
2026-07-28T16:32:01.910Z - [32minfo[39m: [00:32:01] Reload for file change: /Users/damithch/Repos/nus-cs2103/cs2103-website-base/book/_site/uml/objectDiagrams/objects/unit-inElsewhere-asFlat._include_.html
2026-07-28T16:32:01.910Z - [32minfo[39m: Synchronizing opened pages list before reload
2026-07-28T16:32:01.910Z - [32minfo[39m: Current opened pages, from most-to-least recent:
2026-07-28T16:32:01.910Z - [32minfo[39m: 1. schedule/week6/topics
2026-07-28T16:32:01.910Z - [32minfo[39m: [00:32:01] Reload for file change: /Users/damithch/Repos/nus-cs2103/cs2103-website-base/book/_site/testing/testAutomation/what/unit-inElsewhere-asFlat._include_.html
2026-07-28T16:32:01.910Z - [32minfo[39m: Synchronizing opened pages list before reload
2026-07-28T16:32:01.910Z - [32minfo[39m: Current opened pages, from most-to-least recent:
2026-07-28T16:32:01.910Z - [32minfo[39m: 1. schedule/week6/topics
2026-07-28T16:32:01.910Z - [32minfo[39m: [00:32:01] Reload for file change: /Users/damithch/Repos/nus-cs2103/cs2103-website-base/book/_site/oop/introduction/what/unit-inElsewhere-asFlat._include_.html
2026-07-28T16:32:01.910Z - [32minfo[39m: Synchronizing opened pages list before reload
2026-07-28T16:32:01.910Z - [32minfo[39m: Current opened pages, from most-to-least recent:
2026-07-28T16:32:01.910Z - [32minfo[39m: 1. schedule/week6/topics
2026-07-28T16:32:01.910Z - [32minfo[39m: [00:32:01] Reload for file change: /Users/damithch/Repos/nus-cs2103/cs2103-website-base/book/_site/specifyingRequirements/supplementaryRequirements/what/unit-inElsewhere-asFlat._include_.html
2026-07-28T16:32:01.910Z - [32minfo[39m: Synchronizing opened pages list before reload
2026-07-28T16:32:01.910Z - [32minfo[39m: Current opened pages, from most-to-least recent:
2026-07-28T16:32:01.910Z - [32minfo[39m: 1. schedule/week6/topics
2026-07-28T16:32:01.910Z - [32minfo[39m: [00:32:01] Reload for file change: /Users/damithch/Repos/nus-cs2103/cs2103-website-base/book/_site/testing/testAutomation/testingTextUis/unit-inElsewhere-asFlat._include_.html
2026-07-28T16:32:01.910Z - [32minfo[39m: Synchronizing opened pages list before reload
2026-07-28T16:32:01.910Z - [32minfo[39m: Current opened pages, from most-to-least recent:
2026-07-28T16:32:01.910Z - [32minfo[39m: 1. schedule/week6/topics
2026-07-28T16:32:01.910Z - [32minfo[39m: [00:32:01] Reload for file change: /Users/damithch/Repos/nus-cs2103/cs2103-website-base/book/_site/reuse/libraries/how/unit-inElsewhere-asFlat._include_.html
2026-07-28T16:32:01.910Z - [32minfo[39m: Synchronizing opened pages list before reload
2026-07-28T16:32:01.910Z - [32minfo[39m: Current opened pages, from most-to-least recent:
2026-07-28T16:32:01.910Z - [32minfo[39m: 1. schedule/week6/topics
2026-07-28T16:32:01.910Z - [32minfo[39m: [00:32:01] Reload for file change: /Users/damithch/Repos/nus-cs2103/cs2103-website-base/book/_site/testing/testAutomation/tools/unit-inElsewhere-asFlat._include_.html
2026-07-28T16:32:01.910Z - [32minfo[39m: Synchronizing opened pages list before reload
2026-07-28T16:32:01.910Z - [32minfo[39m: Current opened pages, from most-to-least recent:
2026-07-28T16:32:01.910Z - [32minfo[39m: 1. schedule/week6/topics
2026-07-28T16:32:01.911Z - [32minfo[39m: [00:32:01] Reload for file change: /Users/damithch/Repos/nus-cs2103/cs2103-website-base/book/_site/testCaseDesign/introduction/positiveVsNegative/unit-inElsewhere-asFlat._include_.html
2026-07-28T16:32:01.911Z - [32minfo[39m: Synchronizing opened pages list before reload
2026-07-28T16:32:01.911Z - [32minfo[39m: Current opened pages, from most-to-least recent:
2026-07-28T16:32:01.911Z - [32minfo[39m: 1. schedule/week6/topics
2026-07-28T16:32:01.911Z - [32minfo[39m: [00:32:01] Reload for file change: /Users/damithch/Repos/nus-cs2103/cs2103-website-base/book/_site/testing/introduction/what/unit-inElsewhere-asFlat._include_.html
2026-07-28T16:32:01.911Z - [32minfo[39m: Synchronizing opened pages list before reload
2026-07-28T16:32:01.911Z - [32minfo[39m: Current opened pages, from most-to-least recent:
2026-07-28T16:32:01.911Z - [32minfo[39m: 1. schedule/week6/topics
2026-07-28T16:32:01.911Z - [32minfo[39m: [00:32:01] Reload for file change: /Users/damithch/Repos/nus-cs2103/cs2103-website-base/book/_site/uml/objectDiagrams/introduction/unit-inElsewhere-asFlat._include_.html
2026-07-28T16:32:01.911Z - [32minfo[39m: Synchronizing opened pages list before reload
2026-07-28T16:32:01.911Z - [32minfo[39m: Current opened pages, from most-to-least recent:
2026-07-28T16:32:01.911Z - [32minfo[39m: 1. schedule/week6/topics
2026-07-28T16:32:01.911Z - [32minfo[39m: [00:32:01] Reload for file change: /Users/damithch/Repos/nus-cs2103/cs2103-website-base/book/_site/designApproaches/agileDesign/what/unit-inElsewhere-asFlat._include_.html
2026-07-28T16:32:01.911Z - [32minfo[39m: Synchronizing opened pages list before reload
2026-07-28T16:32:01.911Z - [32minfo[39m: Current opened pages, from most-to-least recent:
2026-07-28T16:32:01.911Z - [32minfo[39m: 1. schedule/week6/topics
2026-07-28T16:32:01.911Z - [32minfo[39m: [00:32:01] Reload for file change: /Users/damithch/Repos/nus-cs2103/cs2103-website-base/book/_site/uml/miscellaneous/objectVsClassDiagrams/unit-inElsewhere-asFlat._include_.html
2026-07-28T16:32:01.911Z - [32minfo[39m: Synchronizing opened pages list before reload
2026-07-28T16:32:01.911Z - [32minfo[39m: Current opened pages, from most-to-least recent:
2026-07-28T16:32:01.911Z - [32minfo[39m: 1. schedule/week6/topics
2026-07-28T16:32:01.911Z - [32minfo[39m: [00:32:01] Reload for file change: /Users/damithch/Repos/nus-cs2103/cs2103-website-base/book/_site/designApproaches/multilevelDesign/what/unit-inElsewhere-asFlat._include_.html
2026-07-28T16:32:01.911Z - [32minfo[39m: Synchronizing opened pages list before reload
2026-07-28T16:32:01.911Z - [32minfo[39m: Current opened pages, from most-to-least recent:
2026-07-28T16:32:01.911Z - [32minfo[39m: 1. schedule/week6/topics
2026-07-28T16:32:01.912Z - [32minfo[39m: [00:32:01] Reload for file change: /Users/damithch/Repos/nus-cs2103/cs2103-website-base/book/_site/testCaseDesign/combiningTestInputs/combinationStrategies/unit-inElsewhere-asFlat._include_.html
2026-07-28T16:32:01.912Z - [32minfo[39m: Synchronizing opened pages list before reload
2026-07-28T16:32:01.912Z - [32minfo[39m: Current opened pages, from most-to-least recent:
2026-07-28T16:32:01.912Z - [32minfo[39m: 1. schedule/week6/topics
2026-07-28T16:32:01.912Z - [32minfo[39m: [00:32:01] Reload for file change: /Users/damithch/Repos/nus-cs2103/cs2103-website-base/book/_site/processModels/introduction/iterativeModels/unit-inElsewhere-asFlat._include_.html
2026-07-28T16:32:01.912Z - [32minfo[39m: Synchronizing opened pages list before reload
2026-07-28T16:32:01.912Z - [32minfo[39m: Current opened pages, from most-to-least recent:
2026-07-28T16:32:01.912Z - [32minfo[39m: 1. schedule/week6/topics
2026-07-28T16:32:01.912Z - [32minfo[39m: [00:32:01] Reload for file change: /Users/damithch/Repos/nus-cs2103/cs2103-website-base/book/_site/uml/sequenceDiagrams/objectDeletion/unit-inElsewhere-asFlat._include_.html
2026-07-28T16:32:01.912Z - [32minfo[39m: Synchronizing opened pages list before reload
2026-07-28T16:32:01.912Z - [32minfo[39m: Current opened pages, from most-to-least recent:
2026-07-28T16:32:01.912Z - [32minfo[39m: 1. schedule/week6/topics
2026-07-28T16:32:01.912Z - [32minfo[39m: [00:32:01] Reload for file change: /Users/damithch/Repos/nus-cs2103/cs2103-website-base/book/_site/testing/dependencyInjection/what/unit-inElsewhere-asFlat._include_.html
2026-07-28T16:32:01.912Z - [32minfo[39m: Synchronizing opened pages list before reload
2026-07-28T16:32:01.912Z - [32minfo[39m: Current opened pages, from most-to-least recent:
2026-07-28T16:32:01.912Z - [32minfo[39m: 1. schedule/week6/topics
2026-07-28T16:32:01.912Z - [32minfo[39m: [00:32:01] Reload for file change: /Users/damithch/Repos/nus-cs2103/cs2103-website-base/book/_site/uml/sequenceDiagrams/selfInvocation/unit-inElsewhere-asFlat._include_.html
2026-07-28T16:32:01.912Z - [32minfo[39m: Synchronizing opened pages list before reload
2026-07-28T16:32:01.912Z - [32minfo[39m: Current opened pages, from most-to-least recent:
2026-07-28T16:32:01.912Z - [32minfo[39m: 1. schedule/week6/topics
2026-07-28T16:32:01.912Z - [32minfo[39m: [00:32:01] Reload for file change: /Users/damithch/Repos/nus-cs2103/cs2103-website-base/book/_site/designApproaches/topDownBottomUp/what/unit-inElsewhere-asFlat._include_.html
2026-07-28T16:32:01.912Z - [32minfo[39m: Synchronizing opened pages list before reload
2026-07-28T16:32:01.912Z - [32minfo[39m: Current opened pages, from most-to-least recent:
2026-07-28T16:32:01.912Z - [32minfo[39m: 1. schedule/week6/topics
2026-07-28T16:32:01.912Z - [32minfo[39m: [00:32:01] Reload for file change: /Users/damithch/Repos/nus-cs2103/cs2103-website-base/book/_site/oop/inheritance/abstractClasses/unit-inElsewhere-asFlat._include_.html
2026-07-28T16:32:01.912Z - [32minfo[39m: Synchronizing opened pages list before reload
2026-07-28T16:32:01.912Z - [32minfo[39m: Current opened pages, from most-to-least recent:
2026-07-28T16:32:01.912Z - [32minfo[39m: 1. schedule/week6/topics
2026-07-28T16:32:01.912Z - [32minfo[39m: [00:32:01] Reload for file change: /Users/damithch/Repos/nus-cs2103/cs2103-website-base/book/_site/designFundamentals/cohesion/what/unit-inElsewhere-asFlat._include_.html
2026-07-28T16:32:01.912Z - [32minfo[39m: Synchronizing opened pages list before reload
2026-07-28T16:32:01.912Z - [32minfo[39m: Current opened pages, from most-to-least recent:
2026-07-28T16:32:01.912Z - [32minfo[39m: 1. schedule/week6/topics
2026-07-28T16:32:01.912Z - [32minfo[39m: [00:32:01] Reload for file change: /Users/damithch/Repos/nus-cs2103/cs2103-website-base/book/_site/processModels/exampleProcessModels/unifiedProcess/unit-inElsewhere-asFlat._include_.html
2026-07-28T16:32:01.912Z - [32minfo[39m: Synchronizing opened pages list before reload
2026-07-28T16:32:01.912Z - [32minfo[39m: Current opened pages, from most-to-least recent:
2026-07-28T16:32:01.912Z - [32minfo[39m: 1. schedule/week6/topics
2026-07-28T16:32:01.912Z - [32minfo[39m: [00:32:01] Reload for file change: /Users/damithch/Repos/nus-cs2103/cs2103-website-base/book/_site/softwareEngineering/introduction/prosAndCons/unit-inElsewhere-asFlat._include_.html
2026-07-28T16:32:01.912Z - [32minfo[39m: Synchronizing opened pages list before reload
2026-07-28T16:32:01.912Z - [32minfo[39m: Current opened pages, from most-to-least recent:
2026-07-28T16:32:01.912Z - [32minfo[39m: 1. schedule/week6/topics
2026-07-28T16:32:01.912Z - [32minfo[39m: [00:32:01] Reload for file change: /Users/damithch/Repos/nus-cs2103/cs2103-website-base/book/_site/testing/dependencyInjection/how/unit-inElsewhere-asFlat._include_.html
2026-07-28T16:32:01.912Z - [32minfo[39m: Synchronizing opened pages list before reload
2026-07-28T16:32:01.912Z - [32minfo[39m: Current opened pages, from most-to-least recent:
2026-07-28T16:32:01.912Z - [32minfo[39m: 1. schedule/week6/topics
2026-07-28T16:32:01.912Z - [32minfo[39m: [00:32:01] Reload for file change: /Users/damithch/Repos/nus-cs2103/cs2103-website-base/book/_site/testing/tdd/how/unit-inElsewhere-asFlat._include_.html
2026-07-28T16:32:01.912Z - [32minfo[39m: Synchronizing opened pages list before reload
2026-07-28T16:32:01.912Z - [32minfo[39m: Current opened pages, from most-to-least recent:
2026-07-28T16:32:01.912Z - [32minfo[39m: 1. schedule/week6/topics
2026-07-28T16:32:02.558Z - [32minfo[39m: [00:32:02] Reload for file change: /Users/damithch/Repos/nus-cs2103/cs2103-website-base/book/_site/common/outcomes.html
2026-07-28T16:32:02.558Z - [32minfo[39m: Synchronizing opened pages list before reload
2026-07-28T16:32:02.558Z - [32minfo[39m: Current opened pages, from most-to-least recent:
2026-07-28T16:32:02.558Z - [32minfo[39m: 1. schedule/week6/topics
2026-07-28T16:32:02.559Z - [32minfo[39m: [00:32:02] Reload for file change: /Users/damithch/Repos/nus-cs2103/cs2103-website-base/book/_site/common/outcomes.page-vue-render.js
2026-07-28T16:32:02.559Z - [32minfo[39m: Synchronizing opened pages list before reload
2026-07-28T16:32:02.559Z - [32minfo[39m: Current opened pages, from most-to-least recent:
2026-07-28T16:32:02.559Z - [32minfo[39m: 1. schedule/week6/topics
2026-07-28T16:32:02.560Z - [32minfo[39m: [00:32:02] Reload for file change: /Users/damithch/Repos/nus-cs2103/cs2103-website-base/book/_markbind/logs/markbind-2026-07-29.log
2026-07-28T16:32:02.560Z - [32minfo[39m: Synchronizing opened pages list before reload
2026-07-28T16:32:02.560Z - [32minfo[39m: Current opened pages, from most-to-least recent:
2026-07-28T16:32:02.560Z - [32minfo[39m: 1. schedule/week6/topics
2026-07-28T16:32:02.562Z - [32minfo[39m: [00:32:02] Reload for file change: /Users/damithch/Repos/nus-cs2103/cs2103-website-base/book/_site/siteData.json
2026-07-28T16:32:02.562Z - [32minfo[39m: Synchronizing opened pages list before reload
2026-07-28T16:32:02.562Z - [32minfo[39m: Current opened pages, from most-to-least recent:
2026-07-28T16:32:02.562Z - [32minfo[39m: 1. schedule/week6/topics
2026-07-28T16:32:02.655Z - [32minfo[39m: [00:32:02] Reload for file change: /Users/damithch/Repos/nus-cs2103/cs2103-website-base/book/_markbind/logs/markbind-2026-07-29.log
2026-07-28T16:32:02.656Z - [32minfo[39m: Synchronizing opened pages list before reload
2026-07-28T16:32:02.656Z - [32minfo[39m: Current opened pages, from most-to-least recent:
2026-07-28T16:32:02.656Z - [32minfo[39m: 1. schedule/week6/topics
2026-07-28T16:32:02.938Z - [32minfo[39m: Assets built
2026-07-28T16:32:33.067Z - [32minfo[39m: [00:32:33] Reload for file change: /Users/damithch/Repos/nus-cs2103/cs2103-website-base/book/intellij/debuggingBasic/index.md
2026-07-28T16:32:33.080Z - [32minfo[39m: Synchronizing opened pages list before reload
2026-07-28T16:32:33.090Z - [32minfo[39m: Current opened pages, from most-to-least recent:
2026-07-28T16:32:33.092Z - [32minfo[39m: 1. schedule/week6/topics
2026-07-28T16:32:33.256Z - [32minfo[39m: [00:32:33] Reload for file change: /Users/damithch/Repos/nus-cs2103/cs2103-website-base/book/_markbind/logs/markbind-2026-07-29.log
2026-07-28T16:32:33.257Z - [32minfo[39m: Synchronizing opened pages list before reload
2026-07-28T16:32:33.257Z - [32minfo[39m: Current opened pages, from most-to-least recent:
2026-07-28T16:32:33.257Z - [32minfo[39m: 1. schedule/week6/topics
2026-07-28T16:32:34.147Z - [32minfo[39m: No pages needed to be rebuilt
2026-07-28T16:32:34.259Z - [32minfo[39m: [00:32:34] Reload for file change: /Users/damithch/Repos/nus-cs2103/cs2103-website-base/book/_site/intellij/debuggingBasic/index.html
2026-07-28T16:32:34.259Z - [32minfo[39m: Synchronizing opened pages list before reload
2026-07-28T16:32:34.259Z - [32minfo[39m: Current opened pages, from most-to-least recent:
2026-07-28T16:32:34.259Z - [32minfo[39m: 1. schedule/week6/topics
2026-07-28T16:32:34.260Z - [32minfo[39m: [00:32:34] Reload for file change: /Users/damithch/Repos/nus-cs2103/cs2103-website-base/book/_site/intellij/debuggingBasic/index.page-vue-render.js
2026-07-28T16:32:34.260Z - [32minfo[39m: Synchronizing opened pages list before reload
2026-07-28T16:32:34.260Z - [32minfo[39m: Current opened pages, from most-to-least recent:
2026-07-28T16:32:34.260Z - [32minfo[39m: 1. schedule/week6/topics
2026-07-28T16:32:34.268Z - [32minfo[39m: [00:32:34] Reload for file change: /Users/damithch/Repos/nus-cs2103/cs2103-website-base/book/_markbind/logs/markbind-2026-07-29.log
2026-07-28T16:32:34.268Z - [32minfo[39m: Synchronizing opened pages list before reload
2026-07-28T16:32:34.268Z - [32minfo[39m: Current opened pages, from most-to-least recent:
2026-07-28T16:32:34.268Z - [32minfo[39m: 1. schedule/week6/topics
2026-07-28T16:32:34.276Z - [32minfo[39m: Assets built
2026-07-28T16:32:34.357Z - [32minfo[39m: [00:32:34] Reload for file change: /Users/damithch/Repos/nus-cs2103/cs2103-website-base/book/_site/siteData.json
2026-07-28T16:32:34.357Z - [32minfo[39m: Synchronizing opened pages list before reload
2026-07-28T16:32:34.357Z - [32minfo[39m: Current opened pages, from most-to-least recent:
2026-07-28T16:32:34.357Z - [32minfo[39m: 1. schedule/week6/topics
2026-07-28T16:32:35.282Z - [32minfo[39m: Assets built
2026-07-28T16:33:09.495Z - [32minfo[39m: [00:33:09] Reload for file change: /Users/damithch/Repos/nus-cs2103/cs2103-website-base/book/_markbind/logs/markbind-2026-07-29.log
2026-07-28T16:33:09.496Z - [32minfo[39m: Synchronizing opened pages list before reload
2026-07-28T16:33:09.497Z - [32minfo[39m: Current opened pages, from most-to-least recent:
2026-07-28T16:33:09.497Z - [32minfo[39m: 1. schedule/week6/topics
2026-07-28T16:33:09.510Z - [32minfo[39m: [00:33:09] Reload for file change: /Users/damithch/Repos/nus-cs2103/cs2103-website-base/book/intellij/debuggingBasic/text.md
2026-07-28T16:33:09.510Z - [32minfo[39m: Synchronizing opened pages list before reload
2026-07-28T16:33:09.510Z - [32minfo[39m: Current opened pages, from most-to-least recent:
2026-07-28T16:33:09.510Z - [32minfo[39m: 1. schedule/week6/topics
2026-07-28T16:33:10.515Z - [32minfo[39m: Assets built
2026-07-28T16:33:10.524Z - [32minfo[39m: Rebuilding 1 pages
2026-07-28T16:33:10.956Z - [32minfo[39m: [00:33:10] Reload for file change: /Users/damithch/Repos/nus-cs2103/cs2103-website-base/book/_markbind/logs/markbind-2026-07-29.log
2026-07-28T16:33:10.956Z - [32minfo[39m: Synchronizing opened pages list before reload
2026-07-28T16:33:10.956Z - [32minfo[39m: Current opened pages, from most-to-least recent:
2026-07-28T16:33:10.956Z - [32minfo[39m: 1. schedule/week6/topics
2026-07-28T16:33:11.145Z - [36mverbose[39m: Rendering page: /Users/damithch/Repos/nus-cs2103/cs2103-website-base/schedule/week6/topics.md
2026-07-28T16:33:11.199Z - [32minfo[39m: Site data built
2026-07-28T16:33:11.199Z - [32minfo[39m: Pages rebuilt
2026-07-28T16:33:11.199Z - [32minfo[39m: Website regeneration complete! Total build time: 0.682s
2026-07-28T16:33:11.958Z - [32minfo[39m: Assets built
2026-07-28T16:33:12.865Z - [32minfo[39m: [00:33:12] Reload for file change: /Users/damithch/Repos/nus-cs2103/cs2103-website-base/book/_site/testing/dependencyInjection/what/unit-inElsewhere-asFlat._include_.html
2026-07-28T16:33:12.865Z - [32minfo[39m: Synchronizing opened pages list before reload
2026-07-28T16:33:12.865Z - [32minfo[39m: Current opened pages, from most-to-least recent:
2026-07-28T16:33:12.865Z - [32minfo[39m: 1. schedule/week6/topics
2026-07-28T16:33:12.870Z - [32minfo[39m: [00:33:12] Reload for file change: /Users/damithch/Repos/nus-cs2103/cs2103-website-base/book/_site/testing/dependencyInjection/how/unit-inElsewhere-asFlat._include_.html
2026-07-28T16:33:12.871Z - [32minfo[39m: Synchronizing opened pages list before reload
2026-07-28T16:33:12.872Z - [32minfo[39m: Current opened pages, from most-to-least recent:
2026-07-28T16:33:12.872Z - [32minfo[39m: 1. schedule/week6/topics
2026-07-28T16:33:12.873Z - [32minfo[39m: [00:33:12] Reload for file change: /Users/damithch/Repos/nus-cs2103/cs2103-website-base/book/_site/oop/introduction/what/unit-inElsewhere-asFlat._include_.html
2026-07-28T16:33:12.873Z - [32minfo[39m: Synchronizing opened pages list before reload
2026-07-28T16:33:12.873Z - [32minfo[39m: Current opened pages, from most-to-least recent:
2026-07-28T16:33:12.873Z - [32minfo[39m: 1. schedule/week6/topics
2026-07-28T16:33:12.873Z - [32minfo[39m: [00:33:12] Reload for file change: /Users/damithch/Repos/nus-cs2103/cs2103-website-base/book/_site/testing/introduction/what/unit-inElsewhere-asFlat._include_.html
2026-07-28T16:33:12.876Z - [32minfo[39m: Synchronizing opened pages list before reload
2026-07-28T16:33:12.876Z - [32minfo[39m: Current opened pages, from most-to-least recent:
2026-07-28T16:33:12.877Z - [32minfo[39m: 1. schedule/week6/topics
2026-07-28T16:33:12.879Z - [32minfo[39m: [00:33:12] Reload for file change: /Users/damithch/Repos/nus-cs2103/cs2103-website-base/book/_site/processModels/exampleProcessModels/unifiedProcess/unit-inElsewhere-asFlat._include_.html
2026-07-28T16:33:12.879Z - [32minfo[39m: Synchronizing opened pages list before reload
2026-07-28T16:33:12.879Z - [32minfo[39m: Current opened pages, from most-to-least recent:
2026-07-28T16:33:12.879Z - [32minfo[39m: 1. schedule/week6/topics
2026-07-28T16:33:12.880Z - [32minfo[39m: [00:33:12] Reload for file change: /Users/damithch/Repos/nus-cs2103/cs2103-website-base/book/_site/designApproaches/agileDesign/what/unit-inElsewhere-asFlat._include_.html
2026-07-28T16:33:12.880Z - [32minfo[39m: Synchronizing opened pages list before reload
2026-07-28T16:33:12.880Z - [32minfo[39m: Current opened pages, from most-to-least recent:
2026-07-28T16:33:12.880Z - [32minfo[39m: 1. schedule/week6/topics
2026-07-28T16:33:12.881Z - [32minfo[39m: [00:33:12] Reload for file change: /Users/damithch/Repos/nus-cs2103/cs2103-website-base/book/_site/oop/inheritance/abstractClasses/unit-inElsewhere-asFlat._include_.html
2026-07-28T16:33:12.881Z - [32minfo[39m: Synchronizing opened pages list before reload
2026-07-28T16:33:12.881Z - [32minfo[39m: Current opened pages, from most-to-least recent:
2026-07-28T16:33:12.881Z - [32minfo[39m: 1. schedule/week6/topics
2026-07-28T16:33:12.883Z - [32minfo[39m: [00:33:12] Reload for file change: /Users/damithch/Repos/nus-cs2103/cs2103-website-base/book/_site/modeling/modelingStructures/compositeStructureDiagrams/unit-inElsewhere-asFlat._include_.html
2026-07-28T16:33:12.883Z - [32minfo[39m: Synchronizing opened pages list before reload
2026-07-28T16:33:12.883Z - [32minfo[39m: Current opened pages, from most-to-least recent:
2026-07-28T16:33:12.883Z - [32minfo[39m: 1. schedule/week6/topics
2026-07-28T16:33:12.888Z - [32minfo[39m: [00:33:12] Reload for file change: /Users/damithch/Repos/nus-cs2103/cs2103-website-base/book/_site/qualityAssurance/formalVerification/what/unit-inElsewhere-asFlat._include_.html
2026-07-28T16:33:12.889Z - [32minfo[39m: Synchronizing opened pages list before reload
2026-07-28T16:33:12.889Z - [32minfo[39m: Current opened pages, from most-to-least recent:
2026-07-28T16:33:12.889Z - [32minfo[39m: 1. schedule/week6/topics
2026-07-28T16:33:12.890Z - [32minfo[39m: [00:33:12] Reload for file change: /Users/damithch/Repos/nus-cs2103/cs2103-website-base/book/_site/reuse/libraries/how/unit-inElsewhere-asFlat._include_.html
2026-07-28T16:33:12.890Z - [32minfo[39m: Synchronizing opened pages list before reload
2026-07-28T16:33:12.890Z - [32minfo[39m: Current opened pages, from most-to-least recent:
2026-07-28T16:33:12.890Z - [32minfo[39m: 1. schedule/week6/topics
2026-07-28T16:33:12.890Z - [32minfo[39m: [00:33:12] Reload for file change: /Users/damithch/Repos/nus-cs2103/cs2103-website-base/book/_site/processModels/more/cmmi/unit-inElsewhere-asFlat._include_.html
2026-07-28T16:33:12.892Z - [32minfo[39m: Synchronizing opened pages list before reload
2026-07-28T16:33:12.892Z - [32minfo[39m: Current opened pages, from most-to-least recent:
2026-07-28T16:33:12.892Z - [32minfo[39m: 1. schedule/week6/topics
2026-07-28T16:33:12.893Z - [32minfo[39m: [00:33:12] Reload for file change: /Users/damithch/Repos/nus-cs2103/cs2103-website-base/book/_site/uml/sequenceDiagrams/optionalPaths/unit-inElsewhere-asFlat._include_.html
2026-07-28T16:33:12.893Z - [32minfo[39m: Synchronizing opened pages list before reload
2026-07-28T16:33:12.893Z - [32minfo[39m: Current opened pages, from most-to-least recent:
2026-07-28T16:33:12.893Z - [32minfo[39m: 1. schedule/week6/topics
2026-07-28T16:33:12.895Z - [32minfo[39m: [00:33:12] Reload for file change: /Users/damithch/Repos/nus-cs2103/cs2103-website-base/book/_site/designFundamentals/cohesion/what/unit-inElsewhere-asFlat._include_.html
2026-07-28T16:33:12.896Z - [32minfo[39m: Synchronizing opened pages list before reload
2026-07-28T16:33:12.896Z - [32minfo[39m: Current opened pages, from most-to-least recent:
2026-07-28T16:33:12.896Z - [32minfo[39m: 1. schedule/week6/topics
2026-07-28T16:33:12.896Z - [32minfo[39m: [00:33:12] Reload for file change: /Users/damithch/Repos/nus-cs2103/cs2103-website-base/book/_site/uml/sequenceDiagrams/objectDeletion/unit-inElsewhere-asFlat._include_.html
2026-07-28T16:33:12.896Z - [32minfo[39m: Synchronizing opened pages list before reload
2026-07-28T16:33:12.896Z - [32minfo[39m: Current opened pages, from most-to-least recent:
2026-07-28T16:33:12.897Z - [32minfo[39m: 1. schedule/week6/topics
2026-07-28T16:33:12.897Z - [32minfo[39m: [00:33:12] Reload for file change: /Users/damithch/Repos/nus-cs2103/cs2103-website-base/book/_site/softwareEngineering/introduction/prosAndCons/unit-inElsewhere-asFlat._include_.html
2026-07-28T16:33:12.897Z - [32minfo[39m: Synchronizing opened pages list before reload
2026-07-28T16:33:12.897Z - [32minfo[39m: Current opened pages, from most-to-least recent:
2026-07-28T16:33:12.897Z - [32minfo[39m: 1. schedule/week6/topics
2026-07-28T16:33:12.898Z - [32minfo[39m: [00:33:12] Reload for file change: /Users/damithch/Repos/nus-cs2103/cs2103-website-base/book/_site/uml/activityDiagrams/basicNotations/linearPaths/unit-inElsewhere-asFlat._include_.html
2026-07-28T16:33:12.898Z - [32minfo[39m: Synchronizing opened pages list before reload
2026-07-28T16:33:12.898Z - [32minfo[39m: Current opened pages, from most-to-least recent:
2026-07-28T16:33:12.898Z - [32minfo[39m: 1. schedule/week6/topics
2026-07-28T16:33:12.898Z - [32minfo[39m: [00:33:12] Reload for file change: /Users/damithch/Repos/nus-cs2103/cs2103-website-base/book/_site/uml/classDiagrams/associations/roles/unit-inElsewhere-asFlat._include_.html
2026-07-28T16:33:12.898Z - [32minfo[39m: Synchronizing opened pages list before reload
2026-07-28T16:33:12.898Z - [32minfo[39m: Current opened pages, from most-to-least recent:
2026-07-28T16:33:12.898Z - [32minfo[39m: 1. schedule/week6/topics
2026-07-28T16:33:12.898Z - [32minfo[39m: [00:33:12] Reload for file change: /Users/damithch/Repos/nus-cs2103/cs2103-website-base/book/_site/uml/classDiagrams/interfaces/what/unit-inElsewhere-asFlat._include_.html
2026-07-28T16:33:12.898Z - [32minfo[39m: Synchronizing opened pages list before reload
2026-07-28T16:33:12.898Z - [32minfo[39m: Current opened pages, from most-to-least recent:
2026-07-28T16:33:12.898Z - [32minfo[39m: 1. schedule/week6/topics
2026-07-28T16:33:12.898Z - [32minfo[39m: [00:33:12] Reload for file change: /Users/damithch/Repos/nus-cs2103/cs2103-website-base/book/_site/uml/classDiagrams/associations/navigability/unit-inElsewhere-asFlat._include_.html
2026-07-28T16:33:12.898Z - [32minfo[39m: Synchronizing opened pages list before reload
2026-07-28T16:33:12.898Z - [32minfo[39m: Current opened pages, from most-to-least recent:
2026-07-28T16:33:12.898Z - [32minfo[39m: 1. schedule/week6/topics
2026-07-28T16:33:12.898Z - [32minfo[39m: [00:33:12] Reload for file change: /Users/damithch/Repos/nus-cs2103/cs2103-website-base/book/_site/uml/activityDiagrams/basicNotations/parallelPaths/unit-inElsewhere-asFlat._include_.html
2026-07-28T16:33:12.898Z - [32minfo[39m: Synchronizing opened pages list before reload
2026-07-28T16:33:12.898Z - [32minfo[39m: Current opened pages, from most-to-least recent:
2026-07-28T16:33:12.898Z - [32minfo[39m: 1. schedule/week6/topics
2026-07-28T16:33:12.898Z - [32minfo[39m: [00:33:12] Reload for file change: /Users/damithch/Repos/nus-cs2103/cs2103-website-base/book/_site/uml/activityDiagrams/basicNotations/swimlanes/unit-inElsewhere-asFlat._include_.html
2026-07-28T16:33:12.898Z - [32minfo[39m: Synchronizing opened pages list before reload
2026-07-28T16:33:12.898Z - [32minfo[39m: Current opened pages, from most-to-least recent:
2026-07-28T16:33:12.898Z - [32minfo[39m: 1. schedule/week6/topics
2026-07-28T16:33:12.898Z - [32minfo[39m: [00:33:12] Reload for file change: /Users/damithch/Repos/nus-cs2103/cs2103-website-base/book/_site/codeQuality/avoidShortcuts/intermediate/minimiseVariableScope/unit-inElsewhere-asFlat._include_.html
2026-07-28T16:33:12.898Z - [32minfo[39m: Synchronizing opened pages list before reload
2026-07-28T16:33:12.898Z - [32minfo[39m: Current opened pages, from most-to-least recent:
2026-07-28T16:33:12.898Z - [32minfo[39m: 1. schedule/week6/topics
2026-07-28T16:33:12.898Z - [32minfo[39m: [00:33:12] Reload for file change: /Users/damithch/Repos/nus-cs2103/cs2103-website-base/book/_site/codeQuality/avoidShortcuts/basic/deleteDeadCode/unit-inElsewhere-asFlat._include_.html
2026-07-28T16:33:12.898Z - [32minfo[39m: Synchronizing opened pages list before reload
2026-07-28T16:33:12.898Z - [32minfo[39m: Current opened pages, from most-to-least recent:
2026-07-28T16:33:12.898Z - [32minfo[39m: 1. schedule/week6/topics
2026-07-28T16:33:12.898Z - [32minfo[39m: [00:33:12] Reload for file change: /Users/damithch/Repos/nus-cs2103/cs2103-website-base/book/_site/codeQuality/maximizeReadability/advanced/makeHappyPathProminent/unit-inElsewhere-asFlat._include_.html
2026-07-28T16:33:12.898Z - [32minfo[39m: Synchronizing opened pages list before reload
2026-07-28T16:33:12.898Z - [32minfo[39m: Current opened pages, from most-to-least recent:
2026-07-28T16:33:12.898Z - [32minfo[39m: 1. schedule/week6/topics
2026-07-28T16:33:12.898Z - [32minfo[39m: [00:33:12] Reload for file change: /Users/damithch/Repos/nus-cs2103/cs2103-website-base/book/_site/codeQuality/avoidShortcuts/basic/useDefaultBranch/unit-inElsewhere-asFlat._include_.html
2026-07-28T16:33:12.898Z - [32minfo[39m: Synchronizing opened pages list before reload
2026-07-28T16:33:12.898Z - [32minfo[39m: Current opened pages, from most-to-least recent:
2026-07-28T16:33:12.898Z - [32minfo[39m: 1. schedule/week6/topics
2026-07-28T16:33:12.899Z - [32minfo[39m: [00:33:12] Reload for file change: /Users/damithch/Repos/nus-cs2103/cs2103-website-base/book/_site/documentation/guidelines/documentMinimally/what/unit-inElsewhere-asFlat._include_.html
2026-07-28T16:33:12.899Z - [32minfo[39m: Synchronizing opened pages list before reload
2026-07-28T16:33:12.899Z - [32minfo[39m: Current opened pages, from most-to-least recent:
2026-07-28T16:33:12.899Z - [32minfo[39m: 1. schedule/week6/topics
2026-07-28T16:33:12.899Z - [32minfo[39m: [00:33:12] Reload for file change: /Users/damithch/Repos/nus-cs2103/cs2103-website-base/book/_site/codeQuality/maximizeReadability/intermediate/avoidPrematureOptimizations/unit-inElsewhere-asFlat._include_.html
2026-07-28T16:33:12.899Z - [32minfo[39m: Synchronizing opened pages list before reload
2026-07-28T16:33:12.899Z - [32minfo[39m: Current opened pages, from most-to-least recent:
2026-07-28T16:33:12.899Z - [32minfo[39m: 1. schedule/week6/topics
2026-07-28T16:33:12.899Z - [32minfo[39m: [00:33:12] Reload for file change: /Users/damithch/Repos/nus-cs2103/cs2103-website-base/book/_site/codeQuality/avoidShortcuts/basic/avoidEmptyCatchBlocks/unit-inElsewhere-asFlat._include_.html
2026-07-28T16:33:12.899Z - [32minfo[39m: Synchronizing opened pages list before reload
2026-07-28T16:33:12.899Z - [32minfo[39m: Current opened pages, from most-to-least recent:
2026-07-28T16:33:12.899Z - [32minfo[39m: 1. schedule/week6/topics
2026-07-28T16:33:12.899Z - [32minfo[39m: [00:33:12] Reload for file change: /Users/damithch/Repos/nus-cs2103/cs2103-website-base/book/_site/uml/classDiagrams/classes/what/unit-inElsewhere-asFlat._include_.html
2026-07-28T16:33:12.899Z - [32minfo[39m: Synchronizing opened pages list before reload
2026-07-28T16:33:12.899Z - [32minfo[39m: Current opened pages, from most-to-least recent:
2026-07-28T16:33:12.899Z - [32minfo[39m: 1. schedule/week6/topics
2026-07-28T16:33:12.899Z - [32minfo[39m: [00:33:12] Reload for file change: /Users/damithch/Repos/nus-cs2103/cs2103-website-base/book/_site/testing/testingTypes/systemTesting/what/unit-inElsewhere-asFlat._include_.html
2026-07-28T16:33:12.899Z - [32minfo[39m: Synchronizing opened pages list before reload
2026-07-28T16:33:12.899Z - [32minfo[39m: Current opened pages, from most-to-least recent:
2026-07-28T16:33:12.899Z - [32minfo[39m: 1. schedule/week6/topics
2026-07-28T16:33:12.899Z - [32minfo[39m: [00:33:12] Reload for file change: /Users/damithch/Repos/nus-cs2103/cs2103-website-base/book/_site/architecture/architecturalStyles/introduction/what/unit-inElsewhere-asFlat._include_.html
2026-07-28T16:33:12.899Z - [32minfo[39m: Synchronizing opened pages list before reload
2026-07-28T16:33:12.899Z - [32minfo[39m: Current opened pages, from most-to-least recent:
2026-07-28T16:33:12.899Z - [32minfo[39m: 1. schedule/week6/topics
2026-07-28T16:33:12.899Z - [32minfo[39m: [00:33:12] Reload for file change: /Users/damithch/Repos/nus-cs2103/cs2103-website-base/book/_site/codeQuality/commentMinimally/basic/writeToReader/unit-inElsewhere-asFlat._include_.html
2026-07-28T16:33:12.899Z - [32minfo[39m: Synchronizing opened pages list before reload
2026-07-28T16:33:12.899Z - [32minfo[39m: Current opened pages, from most-to-least recent:
2026-07-28T16:33:12.899Z - [32minfo[39m: 1. schedule/week6/topics
2026-07-28T16:33:12.899Z - [32minfo[39m: [00:33:12] Reload for file change: /Users/damithch/Repos/nus-cs2103/cs2103-website-base/book/_site/testing/testingTypes/unitTesting/stubs/unit-inElsewhere-asFlat._include_.html
2026-07-28T16:33:12.899Z - [32minfo[39m: Synchronizing opened pages list before reload
2026-07-28T16:33:12.899Z - [32minfo[39m: Current opened pages, from most-to-least recent:
2026-07-28T16:33:12.899Z - [32minfo[39m: 1. schedule/week6/topics
2026-07-28T16:33:12.899Z - [32minfo[39m: [00:33:12] Reload for file change: /Users/damithch/Repos/nus-cs2103/cs2103-website-base/book/_site/documentation/guidelines/goTopDown/what/unit-inElsewhere-asFlat._include_.html
2026-07-28T16:33:12.899Z - [32minfo[39m: Synchronizing opened pages list before reload
2026-07-28T16:33:12.899Z - [32minfo[39m: Current opened pages, from most-to-least recent:
2026-07-28T16:33:12.900Z - [32minfo[39m: 1. schedule/week6/topics
2026-07-28T16:33:12.900Z - [32minfo[39m: [00:33:12] Reload for file change: /Users/damithch/Repos/nus-cs2103/cs2103-website-base/book/_site/uml/activityDiagrams/basicNotations/rakes/unit-inElsewhere-asFlat._include_.html
2026-07-28T16:33:12.900Z - [32minfo[39m: Synchronizing opened pages list before reload
2026-07-28T16:33:12.900Z - [32minfo[39m: Current opened pages, from most-to-least recent:
2026-07-28T16:33:12.900Z - [32minfo[39m: 1. schedule/week6/topics
2026-07-28T16:33:12.900Z - [32minfo[39m: [00:33:12] Reload for file change: /Users/damithch/Repos/nus-cs2103/cs2103-website-base/book/_site/testing/testingTypes/exploratoryVsScriptedTesting/when/unit-inElsewhere-asFlat._include_.html
2026-07-28T16:33:12.900Z - [32minfo[39m: Synchronizing opened pages list before reload
2026-07-28T16:33:12.900Z - [32minfo[39m: Current opened pages, from most-to-least recent:
2026-07-28T16:33:12.900Z - [32minfo[39m: 1. schedule/week6/topics
2026-07-28T16:33:12.900Z - [32minfo[39m: [00:33:12] Reload for file change: /Users/damithch/Repos/nus-cs2103/cs2103-website-base/book/_site/testing/testingTypes/developerTesting/what/unit-inElsewhere-asFlat._include_.html
2026-07-28T16:33:12.900Z - [32minfo[39m: Synchronizing opened pages list before reload
2026-07-28T16:33:12.900Z - [32minfo[39m: Current opened pages, from most-to-least recent:
2026-07-28T16:33:12.900Z - [32minfo[39m: 1. schedule/week6/topics
2026-07-28T16:33:12.900Z - [32minfo[39m: [00:33:12] Reload for file change: /Users/damithch/Repos/nus-cs2103/cs2103-website-base/book/_site/documentation/tools/javaDoc/how/unit-inElsewhere-asFlat._include_.html
2026-07-28T16:33:12.900Z - [32minfo[39m: Synchronizing opened pages list before reload
2026-07-28T16:33:12.900Z - [32minfo[39m: Current opened pages, from most-to-least recent:
2026-07-28T16:33:12.901Z - [32minfo[39m: 1. schedule/week6/topics
2026-07-28T16:33:12.901Z - [32minfo[39m: [00:33:12] Reload for file change: /Users/damithch/Repos/nus-cs2103/cs2103-website-base/book/_site/documentation/tools/javaDoc/what/unit-inElsewhere-asFlat._include_.html
2026-07-28T16:33:12.901Z - [32minfo[39m: Synchronizing opened pages list before reload
2026-07-28T16:33:12.901Z - [32minfo[39m: Current opened pages, from most-to-least recent:
2026-07-28T16:33:12.901Z - [32minfo[39m: 1. schedule/week6/topics
2026-07-28T16:33:12.901Z - [32minfo[39m: [00:33:12] Reload for file change: /Users/damithch/Repos/nus-cs2103/cs2103-website-base/book/_site/uml/classDiagrams/classLevelMembers/what/unit-inElsewhere-asFlat._include_.html
2026-07-28T16:33:12.901Z - [32minfo[39m: Synchronizing opened pages list before reload
2026-07-28T16:33:12.901Z - [32minfo[39m: Current opened pages, from most-to-least recent:
2026-07-28T16:33:12.901Z - [32minfo[39m: 1. schedule/week6/topics
2026-07-28T16:33:12.901Z - [32minfo[39m: [00:33:12] Reload for file change: /Users/damithch/Repos/nus-cs2103/cs2103-website-base/book/_site/documentation/guidelines/goTopDown/why/unit-inElsewhere-asFlat._include_.html
2026-07-28T16:33:12.901Z - [32minfo[39m: Synchronizing opened pages list before reload
2026-07-28T16:33:12.902Z - [32minfo[39m: Current opened pages, from most-to-least recent:
2026-07-28T16:33:12.902Z - [32minfo[39m: 1. schedule/week6/topics
2026-07-28T16:33:12.903Z - [32minfo[39m: [00:33:12] Reload for file change: /Users/damithch/Repos/nus-cs2103/cs2103-website-base/book/_site/uml/classDiagrams/aggregation/what/unit-inElsewhere-asFlat._include_.html
2026-07-28T16:33:12.903Z - [32minfo[39m: Synchronizing opened pages list before reload
2026-07-28T16:33:12.903Z - [32minfo[39m: Current opened pages, from most-to-least recent:
2026-07-28T16:33:12.903Z - [32minfo[39m: 1. schedule/week6/topics
2026-07-28T16:33:12.903Z - [32minfo[39m: [00:33:12] Reload for file change: /Users/damithch/Repos/nus-cs2103/cs2103-website-base/book/_site/codeQuality/maximizeReadability/intermediate/practiceKISSing/unit-inElsewhere-asFlat._include_.html
2026-07-28T16:33:12.903Z - [32minfo[39m: Synchronizing opened pages list before reload
2026-07-28T16:33:12.903Z - [32minfo[39m: Current opened pages, from most-to-least recent:
2026-07-28T16:33:12.903Z - [32minfo[39m: 1. schedule/week6/topics
2026-07-28T16:33:12.903Z - [32minfo[39m: [00:33:12] Reload for file change: /Users/damithch/Repos/nus-cs2103/cs2103-website-base/book/_site/architecture/architecturalStyles/eventDriven/what/unit-inElsewhere-asFlat._include_.html
2026-07-28T16:33:12.903Z - [32minfo[39m: Synchronizing opened pages list before reload
2026-07-28T16:33:12.903Z - [32minfo[39m: Current opened pages, from most-to-least recent:
2026-07-28T16:33:12.903Z - [32minfo[39m: 1. schedule/week6/topics
2026-07-28T16:33:12.903Z - [32minfo[39m: [00:33:12] Reload for file change: /Users/damithch/Repos/nus-cs2103/cs2103-website-base/book/_site/testing/testingTypes/dogfooding/what/unit-inElsewhere-asFlat._include_.html
2026-07-28T16:33:12.903Z - [32minfo[39m: Synchronizing opened pages list before reload
2026-07-28T16:33:12.903Z - [32minfo[39m: Current opened pages, from most-to-least recent:
2026-07-28T16:33:12.903Z - [32minfo[39m: 1. schedule/week6/topics
2026-07-28T16:33:12.903Z - [32minfo[39m: [00:33:12] Reload for file change: /Users/damithch/Repos/nus-cs2103/cs2103-website-base/book/_site/codeQuality/maximizeReadability/intermediate/slapHard/unit-inElsewhere-asFlat._include_.html
2026-07-28T16:33:12.903Z - [32minfo[39m: Synchronizing opened pages list before reload
2026-07-28T16:33:12.903Z - [32minfo[39m: Current opened pages, from most-to-least recent:
2026-07-28T16:33:12.903Z - [32minfo[39m: 1. schedule/week6/topics
2026-07-28T16:33:12.903Z - [32minfo[39m: [00:33:12] Reload for file change: /Users/damithch/Repos/nus-cs2103/cs2103-website-base/book/_site/architecture/architecturalStyles/more/usingStyles/unit-inElsewhere-asFlat._include_.html
2026-07-28T16:33:12.903Z - [32minfo[39m: Synchronizing opened pages list before reload
2026-07-28T16:33:12.903Z - [32minfo[39m: Current opened pages, from most-to-least recent:
2026-07-28T16:33:12.903Z - [32minfo[39m: 1. schedule/week6/topics
2026-07-28T16:33:12.903Z - [32minfo[39m: [00:33:12] Reload for file change: /Users/damithch/Repos/nus-cs2103/cs2103-website-base/book/_site/documentation/guidelines/documentMinimally/how/unit-inElsewhere-asFlat._include_.html
2026-07-28T16:33:12.903Z - [32minfo[39m: Synchronizing opened pages list before reload
2026-07-28T16:33:12.903Z - [32minfo[39m: Current opened pages, from most-to-least recent:
2026-07-28T16:33:12.903Z - [32minfo[39m: 1. schedule/week6/topics
2026-07-28T16:33:12.903Z - [32minfo[39m: [00:33:12] Reload for file change: /Users/damithch/Repos/nus-cs2103/cs2103-website-base/book/_site/testing/testingTypes/alphaBetaTesting/what/unit-inElsewhere-asFlat._include_.html
2026-07-28T16:33:12.903Z - [32minfo[39m: Synchronizing opened pages list before reload
2026-07-28T16:33:12.903Z - [32minfo[39m: Current opened pages, from most-to-least recent:
2026-07-28T16:33:12.903Z - [32minfo[39m: 1. schedule/week6/topics
2026-07-28T16:33:12.904Z - [32minfo[39m: [00:33:12] Reload for file change: /Users/damithch/Repos/nus-cs2103/cs2103-website-base/book/_site/uml/classDiagrams/associations/multiplicity/unit-inElsewhere-asFlat._include_.html
2026-07-28T16:33:12.904Z - [32minfo[39m: Synchronizing opened pages list before reload
2026-07-28T16:33:12.904Z - [32minfo[39m: Current opened pages, from most-to-least recent:
2026-07-28T16:33:12.904Z - [32minfo[39m: 1. schedule/week6/topics
2026-07-28T16:33:12.904Z - [32minfo[39m: [00:33:12] Reload for file change: /Users/damithch/Repos/nus-cs2103/cs2103-website-base/book/_site/codeQuality/maximizeReadability/basic/avoidDeepNesting/unit-inElsewhere-asFlat._include_.html
2026-07-28T16:33:12.904Z - [32minfo[39m: Synchronizing opened pages list before reload
2026-07-28T16:33:12.904Z - [32minfo[39m: Current opened pages, from most-to-least recent:
2026-07-28T16:33:12.904Z - [32minfo[39m: 1. schedule/week6/topics
2026-07-28T16:33:12.904Z - [32minfo[39m: [00:33:12] Reload for file change: /Users/damithch/Repos/nus-cs2103/cs2103-website-base/book/_site/uml/classDiagrams/associationsAsAttributes/what/unit-inElsewhere-asFlat._include_.html
2026-07-28T16:33:12.904Z - [32minfo[39m: Synchronizing opened pages list before reload
2026-07-28T16:33:12.904Z - [32minfo[39m: Current opened pages, from most-to-least recent:
2026-07-28T16:33:12.904Z - [32minfo[39m: 1. schedule/week6/topics
2026-07-28T16:33:12.905Z - [32minfo[39m: [00:33:12] Reload for file change: /Users/damithch/Repos/nus-cs2103/cs2103-website-base/book/_site/uml/classDiagrams/introduction/what/unit-inElsewhere-asFlat._include_.html
2026-07-28T16:33:12.905Z - [32minfo[39m: Synchronizing opened pages list before reload
2026-07-28T16:33:12.905Z - [32minfo[39m: Current opened pages, from most-to-least recent:
2026-07-28T16:33:12.905Z - [32minfo[39m: 1. schedule/week6/topics
2026-07-28T16:33:12.905Z - [32minfo[39m: [00:33:12] Reload for file change: /Users/damithch/Repos/nus-cs2103/cs2103-website-base/book/_site/codeQuality/avoidShortcuts/intermediate/minimiseCodeDuplication/unit-inElsewhere-asFlat._include_.html
2026-07-28T16:33:12.906Z - [32minfo[39m: Synchronizing opened pages list before reload
2026-07-28T16:33:12.906Z - [32minfo[39m: Current opened pages, from most-to-least recent:
2026-07-28T16:33:12.906Z - [32minfo[39m: 1. schedule/week6/topics
2026-07-28T16:33:12.906Z - [32minfo[39m: [00:33:12] Reload for file change: /Users/damithch/Repos/nus-cs2103/cs2103-website-base/book/_site/uml/classDiagrams/associationClasses/what/unit-inElsewhere-asFlat._include_.html
2026-07-28T16:33:12.906Z - [32minfo[39m: Synchronizing opened pages list before reload
2026-07-28T16:33:12.906Z - [32minfo[39m: Current opened pages, from most-to-least recent:
2026-07-28T16:33:12.906Z - [32minfo[39m: 1. schedule/week6/topics
2026-07-28T16:33:12.906Z - [32minfo[39m: [00:33:12] Reload for file change: /Users/damithch/Repos/nus-cs2103/cs2103-website-base/book/_site/uml/classDiagrams/enumerations/what/unit-inElsewhere-asFlat._include_.html
2026-07-28T16:33:12.906Z - [32minfo[39m: Synchronizing opened pages list before reload
2026-07-28T16:33:12.906Z - [32minfo[39m: Current opened pages, from most-to-least recent:
2026-07-28T16:33:12.906Z - [32minfo[39m: 1. schedule/week6/topics
2026-07-28T16:33:12.906Z - [32minfo[39m: [00:33:12] Reload for file change: /Users/damithch/Repos/nus-cs2103/cs2103-website-base/book/_site/codeQuality/nameWell/basic/nounsAndVerbsAsNames/unit-inElsewhere-asFlat._include_.html
2026-07-28T16:33:12.906Z - [32minfo[39m: Synchronizing opened pages list before reload
2026-07-28T16:33:12.906Z - [32minfo[39m: Current opened pages, from most-to-least recent:
2026-07-28T16:33:12.906Z - [32minfo[39m: 1. schedule/week6/topics
2026-07-28T16:33:12.906Z - [32minfo[39m: [00:33:12] Reload for file change: /Users/damithch/Repos/nus-cs2103/cs2103-website-base/book/_site/testing/testingTypes/acceptanceTesting/acceptanceVsSystemTesting/unit-inElsewhere-asFlat._include_.html
2026-07-28T16:33:12.906Z - [32minfo[39m: Synchronizing opened pages list before reload
2026-07-28T16:33:12.907Z - [32minfo[39m: Current opened pages, from most-to-least recent:
2026-07-28T16:33:12.907Z - [32minfo[39m: 1. schedule/week6/topics
2026-07-28T16:33:12.907Z - [32minfo[39m: [00:33:12] Reload for file change: /Users/damithch/Repos/nus-cs2103/cs2103-website-base/book/_site/codeQuality/nameWell/intermediate/avoidMisleadingNames/unit-inElsewhere-asFlat._include_.html
2026-07-28T16:33:12.907Z - [32minfo[39m: Synchronizing opened pages list before reload
2026-07-28T16:33:12.907Z - [32minfo[39m: Current opened pages, from most-to-least recent:
2026-07-28T16:33:12.907Z - [32minfo[39m: 1. schedule/week6/topics
2026-07-28T16:33:12.907Z - [32minfo[39m: [00:33:12] Reload for file change: /Users/damithch/Repos/nus-cs2103/cs2103-website-base/book/_site/codeQuality/commentMinimally/basic/dontRepeatObvious/unit-inElsewhere-asFlat._include_.html
2026-07-28T16:33:12.907Z - [32minfo[39m: Synchronizing opened pages list before reload
2026-07-28T16:33:12.907Z - [32minfo[39m: Current opened pages, from most-to-least recent:
2026-07-28T16:33:12.907Z - [32minfo[39m: 1. schedule/week6/topics
2026-07-28T16:33:12.907Z - [32minfo[39m: [00:33:12] Reload for file change: /Users/damithch/Repos/nus-cs2103/cs2103-website-base/book/_site/uml/activityDiagrams/introduction/what/unit-inElsewhere-asFlat._include_.html
2026-07-28T16:33:12.907Z - [32minfo[39m: Synchronizing opened pages list before reload
2026-07-28T16:33:12.907Z - [32minfo[39m: Current opened pages, from most-to-least recent:
2026-07-28T16:33:12.907Z - [32minfo[39m: 1. schedule/week6/topics
2026-07-28T16:33:12.908Z - [32minfo[39m: [00:33:12] Reload for file change: /Users/damithch/Repos/nus-cs2103/cs2103-website-base/book/_site/architecture/architecturalStyles/clientServer/what/unit-inElsewhere-asFlat._include_.html
2026-07-28T16:33:12.908Z - [32minfo[39m: Synchronizing opened pages list before reload
2026-07-28T16:33:12.908Z - [32minfo[39m: Current opened pages, from most-to-least recent:
2026-07-28T16:33:12.908Z - [32minfo[39m: 1. schedule/week6/topics
2026-07-28T16:33:12.908Z - [32minfo[39m: [00:33:12] Reload for file change: /Users/damithch/Repos/nus-cs2103/cs2103-website-base/book/_site/uml/classDiagrams/composition/what/unit-inElsewhere-asFlat._include_.html
2026-07-28T16:33:12.908Z - [32minfo[39m: Synchronizing opened pages list before reload
2026-07-28T16:33:12.908Z - [32minfo[39m: Current opened pages, from most-to-least recent:
2026-07-28T16:33:12.908Z - [32minfo[39m: 1. schedule/week6/topics
2026-07-28T16:33:12.908Z - [32minfo[39m: [00:33:12] Reload for file change: /Users/damithch/Repos/nus-cs2103/cs2103-website-base/book/_site/documentation/guidelines/aimForComprehensibility/how/unit-inElsewhere-asFlat._include_.html
2026-07-28T16:33:12.908Z - [32minfo[39m: Synchronizing opened pages list before reload
2026-07-28T16:33:12.908Z - [32minfo[39m: Current opened pages, from most-to-least recent:
2026-07-28T16:33:12.908Z - [32minfo[39m: 1. schedule/week6/topics
2026-07-28T16:33:12.908Z - [32minfo[39m: [00:33:12] Reload for file change: /Users/damithch/Repos/nus-cs2103/cs2103-website-base/book/_site/testing/testingTypes/regressionTesting/what/unit-inElsewhere-asFlat._include_.html
2026-07-28T16:33:12.908Z - [32minfo[39m: Synchronizing opened pages list before reload
2026-07-28T16:33:12.908Z - [32minfo[39m: Current opened pages, from most-to-least recent:
2026-07-28T16:33:12.908Z - [32minfo[39m: 1. schedule/week6/topics
2026-07-28T16:33:12.908Z - [32minfo[39m: [00:33:12] Reload for file change: /Users/damithch/Repos/nus-cs2103/cs2103-website-base/book/_site/codeQuality/maximizeReadability/basic/makeCodeObvious/unit-inElsewhere-asFlat._include_.html
2026-07-28T16:33:12.908Z - [32minfo[39m: Synchronizing opened pages list before reload
2026-07-28T16:33:12.908Z - [32minfo[39m: Current opened pages, from most-to-least recent:
2026-07-28T16:33:12.908Z - [32minfo[39m: 1. schedule/week6/topics
2026-07-28T16:33:12.908Z - [32minfo[39m: [00:33:12] Reload for file change: /Users/damithch/Repos/nus-cs2103/cs2103-website-base/book/_site/uml/classDiagrams/classInheritance/what/unit-inElsewhere-asFlat._include_.html
2026-07-28T16:33:12.908Z - [32minfo[39m: Synchronizing opened pages list before reload
2026-07-28T16:33:12.908Z - [32minfo[39m: Current opened pages, from most-to-least recent:
2026-07-28T16:33:12.908Z - [32minfo[39m: 1. schedule/week6/topics
2026-07-28T16:33:12.908Z - [32minfo[39m: [00:33:12] Reload for file change: /Users/damithch/Repos/nus-cs2103/cs2103-website-base/book/_site/uml/classDiagrams/associations/labels/unit-inElsewhere-asFlat._include_.html
2026-07-28T16:33:12.908Z - [32minfo[39m: Synchronizing opened pages list before reload
2026-07-28T16:33:12.908Z - [32minfo[39m: Current opened pages, from most-to-least recent:
2026-07-28T16:33:12.908Z - [32minfo[39m: 1. schedule/week6/topics
2026-07-28T16:33:12.908Z - [32minfo[39m: [00:33:12] Reload for file change: /Users/damithch/Repos/nus-cs2103/cs2103-website-base/book/_site/architecture/architecturalStyles/more/moreStyles/unit-inElsewhere-asFlat._include_.html
2026-07-28T16:33:12.908Z - [32minfo[39m: Synchronizing opened pages list before reload
2026-07-28T16:33:12.908Z - [32minfo[39m: Current opened pages, from most-to-least recent:
2026-07-28T16:33:12.908Z - [32minfo[39m: 1. schedule/week6/topics
2026-07-28T16:33:12.908Z - [32minfo[39m: [00:33:12] Reload for file change: /Users/damithch/Repos/nus-cs2103/cs2103-website-base/book/_site/documentation/guidelines/aimForComprehensibility/what/unit-inElsewhere-asFlat._include_.html
2026-07-28T16:33:12.908Z - [32minfo[39m: Synchronizing opened pages list before reload
2026-07-28T16:33:12.908Z - [32minfo[39m: Current opened pages, from most-to-least recent:
2026-07-28T16:33:12.908Z - [32minfo[39m: 1. schedule/week6/topics
2026-07-28T16:33:12.908Z - [32minfo[39m: [00:33:12] Reload for file change: /Users/damithch/Repos/nus-cs2103/cs2103-website-base/book/_site/architecture/architecturalStyles/serviceOriented/what/unit-inElsewhere-asFlat._include_.html
2026-07-28T16:33:12.908Z - [32minfo[39m: Synchronizing opened pages list before reload
2026-07-28T16:33:12.908Z - [32minfo[39m: Current opened pages, from most-to-least recent:
2026-07-28T16:33:12.908Z - [32minfo[39m: 1. schedule/week6/topics
2026-07-28T16:33:12.908Z - [32minfo[39m: [00:33:12] Reload for file change: /Users/damithch/Repos/nus-cs2103/cs2103-website-base/book/_site/documentation/guidelines/goTopDown/how/unit-inElsewhere-asFlat._include_.html
2026-07-28T16:33:12.908Z - [32minfo[39m: Synchronizing opened pages list before reload
2026-07-28T16:33:12.908Z - [32minfo[39m: Current opened pages, from most-to-least recent:
2026-07-28T16:33:12.908Z - [32minfo[39m: 1. schedule/week6/topics
2026-07-28T16:33:12.908Z - [32minfo[39m: [00:33:12] Reload for file change: /Users/damithch/Repos/nus-cs2103/cs2103-website-base/book/_site/codeQuality/maximizeReadability/basic/avoidComplicatedExpressions/unit-inElsewhere-asFlat._include_.html
2026-07-28T16:33:12.908Z - [32minfo[39m: Synchronizing opened pages list before reload
2026-07-28T16:33:12.908Z - [32minfo[39m: Current opened pages, from most-to-least recent:
2026-07-28T16:33:12.908Z - [32minfo[39m: 1. schedule/week6/topics
2026-07-28T16:33:12.909Z - [32minfo[39m: [00:33:12] Reload for file change: /Users/damithch/Repos/nus-cs2103/cs2103-website-base/book/_site/documentation/tools/asciiDoc/what/unit-inElsewhere-asFlat._include_.html
2026-07-28T16:33:12.909Z - [32minfo[39m: Synchronizing opened pages list before reload
2026-07-28T16:33:12.909Z - [32minfo[39m: Current opened pages, from most-to-least recent:
2026-07-28T16:33:12.909Z - [32minfo[39m: 1. schedule/week6/topics
2026-07-28T16:33:12.909Z - [32minfo[39m: [00:33:12] Reload for file change: /Users/damithch/Repos/nus-cs2103/cs2103-website-base/book/_site/testing/testingTypes/exploratoryVsScriptedTesting/what/unit-inElsewhere-asFlat._include_.html
2026-07-28T16:33:12.909Z - [32minfo[39m: Synchronizing opened pages list before reload
2026-07-28T16:33:12.909Z - [32minfo[39m: Current opened pages, from most-to-least recent:
2026-07-28T16:33:12.909Z - [32minfo[39m: 1. schedule/week6/topics
2026-07-28T16:33:12.909Z - [32minfo[39m: [00:33:12] Reload for file change: /Users/damithch/Repos/nus-cs2103/cs2103-website-base/book/_site/uml/classDiagrams/abstractClasses/what/unit-inElsewhere-asFlat._include_.html
2026-07-28T16:33:12.909Z - [32minfo[39m: Synchronizing opened pages list before reload
2026-07-28T16:33:12.909Z - [32minfo[39m: Current opened pages, from most-to-least recent:
2026-07-28T16:33:12.909Z - [32minfo[39m: 1. schedule/week6/topics
2026-07-28T16:33:12.909Z - [32minfo[39m: [00:33:12] Reload for file change: /Users/damithch/Repos/nus-cs2103/cs2103-website-base/book/_site/intellij/index.page-vue-render.js
2026-07-28T16:33:12.909Z - [32minfo[39m: Synchronizing opened pages list before reload
2026-07-28T16:33:12.909Z - [32minfo[39m: Current opened pages, from most-to-least recent:
2026-07-28T16:33:12.909Z - [32minfo[39m: 1. schedule/week6/topics
2026-07-28T16:33:12.910Z - [32minfo[39m: [00:33:12] Reload for file change: /Users/damithch/Repos/nus-cs2103/cs2103-website-base/book/_site/intellij/index.html
2026-07-28T16:33:12.910Z - [32minfo[39m: Synchronizing opened pages list before reload
2026-07-28T16:33:12.910Z - [32minfo[39m: Current opened pages, from most-to-least recent:
2026-07-28T16:33:12.910Z - [32minfo[39m: 1. schedule/week6/topics
2026-07-28T16:33:12.910Z - [32minfo[39m: [00:33:12] Reload for file change: /Users/damithch/Repos/nus-cs2103/cs2103-website-base/book/_site/intellij/print.html
2026-07-28T16:33:12.910Z - [32minfo[39m: Synchronizing opened pages list before reload
2026-07-28T16:33:12.911Z - [32minfo[39m: Current opened pages, from most-to-least recent:
2026-07-28T16:33:12.911Z - [32minfo[39m: 1. schedule/week6/topics
2026-07-28T16:33:12.911Z - [32minfo[39m: [00:33:12] Reload for file change: /Users/damithch/Repos/nus-cs2103/cs2103-website-base/book/_site/intellij/print.page-vue-render.js
2026-07-28T16:33:12.911Z - [32minfo[39m: Synchronizing opened pages list before reload
2026-07-28T16:33:12.911Z - [32minfo[39m: Current opened pages, from most-to-least recent:
2026-07-28T16:33:12.911Z - [32minfo[39m: 1. schedule/week6/topics
2026-07-28T16:33:12.911Z - [32minfo[39m: [00:33:12] Reload for file change: /Users/damithch/Repos/nus-cs2103/cs2103-website-base/book/_site/intellij/projectSetup/unit-inElsewhere-asFlat._include_.html
2026-07-28T16:33:12.911Z - [32minfo[39m: Synchronizing opened pages list before reload
2026-07-28T16:33:12.911Z - [32minfo[39m: Current opened pages, from most-to-least recent:
2026-07-28T16:33:12.911Z - [32minfo[39m: 1. schedule/week6/topics
2026-07-28T16:33:12.911Z - [32minfo[39m: [00:33:12] Reload for file change: /Users/damithch/Repos/nus-cs2103/cs2103-website-base/book/_site/debugging/what/unit-inElsewhere-asFlat._include_.html
2026-07-28T16:33:12.911Z - [32minfo[39m: Synchronizing opened pages list before reload
2026-07-28T16:33:12.911Z - [32minfo[39m: Current opened pages, from most-to-least recent:
2026-07-28T16:33:12.911Z - [32minfo[39m: 1. schedule/week6/topics
2026-07-28T16:33:12.912Z - [32minfo[39m: [00:33:12] Reload for file change: /Users/damithch/Repos/nus-cs2103/cs2103-website-base/book/_site/debugging/fixing/unit-inElsewhere-asFlat._include_.html
2026-07-28T16:33:12.912Z - [32minfo[39m: Synchronizing opened pages list before reload
2026-07-28T16:33:12.912Z - [32minfo[39m: Current opened pages, from most-to-least recent:
2026-07-28T16:33:12.912Z - [32minfo[39m: 1. schedule/week6/topics
2026-07-28T16:33:12.912Z - [32minfo[39m: [00:33:12] Reload for file change: /Users/damithch/Repos/nus-cs2103/cs2103-website-base/book/_site/debugging/advanced/unit-inElsewhere-asFlat._include_.html
2026-07-28T16:33:12.912Z - [32minfo[39m: Synchronizing opened pages list before reload
2026-07-28T16:33:12.912Z - [32minfo[39m: Current opened pages, from most-to-least recent:
2026-07-28T16:33:12.912Z - [32minfo[39m: 1. schedule/week6/topics
2026-07-28T16:33:12.912Z - [32minfo[39m: [00:33:12] Reload for file change: /Users/damithch/Repos/nus-cs2103/cs2103-website-base/book/_site/debugging/tools/unit-inElsewhere-asFlat._include_.html
2026-07-28T16:33:12.912Z - [32minfo[39m: Synchronizing opened pages list before reload
2026-07-28T16:33:12.912Z - [32minfo[39m: Current opened pages, from most-to-least recent:
2026-07-28T16:33:12.912Z - [32minfo[39m: 1. schedule/week6/topics
2026-07-28T16:33:12.912Z - [32minfo[39m: [00:33:12] Reload for file change: /Users/damithch/Repos/nus-cs2103/cs2103-website-base/book/_site/requirements/quality/unit-inElsewhere-asFlat._include_.html
2026-07-28T16:33:12.912Z - [32minfo[39m: Synchronizing opened pages list before reload
2026-07-28T16:33:12.912Z - [32minfo[39m: Current opened pages, from most-to-least recent:
2026-07-28T16:33:12.912Z - [32minfo[39m: 1. schedule/week6/topics
2026-07-28T16:33:12.912Z - [32minfo[39m: [00:33:12] Reload for file change: /Users/damithch/Repos/nus-cs2103/cs2103-website-base/book/_site/intellij/debuggingBasic/index.html
2026-07-28T16:33:12.912Z - [32minfo[39m: Synchronizing opened pages list before reload
2026-07-28T16:33:12.912Z - [32minfo[39m: Current opened pages, from most-to-least recent:
2026-07-28T16:33:12.912Z - [32minfo[39m: 1. schedule/week6/topics
2026-07-28T16:33:12.912Z - [32minfo[39m: [00:33:12] Reload for file change: /Users/damithch/Repos/nus-cs2103/cs2103-website-base/book/_site/refactoring/how/unit-inElsewhere-asFlat._include_.html
2026-07-28T16:33:12.912Z - [32minfo[39m: Synchronizing opened pages list before reload
2026-07-28T16:33:12.912Z - [32minfo[39m: Current opened pages, from most-to-least recent:
2026-07-28T16:33:12.912Z - [32minfo[39m: 1. schedule/week6/topics
2026-07-28T16:33:12.912Z - [32minfo[39m: [00:33:12] Reload for file change: /Users/damithch/Repos/nus-cs2103/cs2103-website-base/book/_site/security/how/unit-inElsewhere-asFlat._include_.html
2026-07-28T16:33:12.912Z - [32minfo[39m: Synchronizing opened pages list before reload
2026-07-28T16:33:12.912Z - [32minfo[39m: Current opened pages, from most-to-least recent:
2026-07-28T16:33:12.912Z - [32minfo[39m: 1. schedule/week6/topics
2026-07-28T16:33:12.912Z - [32minfo[39m: [00:33:12] Reload for file change: /Users/damithch/Repos/nus-cs2103/cs2103-website-base/book/_site/intellij/refactoring/unit-inElsewhere-asFlat._include_.html
2026-07-28T16:33:12.912Z - [32minfo[39m: Synchronizing opened pages list before reload
2026-07-28T16:33:12.912Z - [32minfo[39m: Current opened pages, from most-to-least recent:
2026-07-28T16:33:12.912Z - [32minfo[39m: 1. schedule/week6/topics
2026-07-28T16:33:12.912Z - [32minfo[39m: [00:33:12] Reload for file change: /Users/damithch/Repos/nus-cs2103/cs2103-website-base/book/_site/security/ai/unit-inElsewhere-asFlat._include_.html
2026-07-28T16:33:12.912Z - [32minfo[39m: Synchronizing opened pages list before reload
2026-07-28T16:33:12.912Z - [32minfo[39m: Current opened pages, from most-to-least recent:
2026-07-28T16:33:12.912Z - [32minfo[39m: 1. schedule/week6/topics
2026-07-28T16:33:12.912Z - [32minfo[39m: [00:33:12] Reload for file change: /Users/damithch/Repos/nus-cs2103/cs2103-website-base/book/_site/security/what/unit-inElsewhere-asFlat._include_.html
2026-07-28T16:33:12.912Z - [32minfo[39m: Synchronizing opened pages list before reload
2026-07-28T16:33:12.912Z - [32minfo[39m: Current opened pages, from most-to-least recent:
2026-07-28T16:33:12.912Z - [32minfo[39m: 1. schedule/week6/topics
2026-07-28T16:33:12.912Z - [32minfo[39m: [00:33:12] Reload for file change: /Users/damithch/Repos/nus-cs2103/cs2103-website-base/book/_site/gatheringRequirements/observation/unit-inElsewhere-asFlat._include_.html
2026-07-28T16:33:12.912Z - [32minfo[39m: Synchronizing opened pages list before reload
2026-07-28T16:33:12.912Z - [32minfo[39m: Current opened pages, from most-to-least recent:
2026-07-28T16:33:12.912Z - [32minfo[39m: 1. schedule/week6/topics
2026-07-28T16:33:12.912Z - [32minfo[39m: [00:33:12] Reload for file change: /Users/damithch/Repos/nus-cs2103/cs2103-website-base/book/_site/gatheringRequirements/focusGroups/unit-inElsewhere-asFlat._include_.html
2026-07-28T16:33:12.912Z - [32minfo[39m: Synchronizing opened pages list before reload
2026-07-28T16:33:12.912Z - [32minfo[39m: Current opened pages, from most-to-least recent:
2026-07-28T16:33:12.912Z - [32minfo[39m: 1. schedule/week6/topics
2026-07-28T16:33:12.912Z - [32minfo[39m: [00:33:12] Reload for file change: /Users/damithch/Repos/nus-cs2103/cs2103-website-base/book/_site/gatheringRequirements/productSurveys/unit-inElsewhere-asFlat._include_.html
2026-07-28T16:33:12.912Z - [32minfo[39m: Synchronizing opened pages list before reload
2026-07-28T16:33:12.912Z - [32minfo[39m: Current opened pages, from most-to-least recent:
2026-07-28T16:33:12.912Z - [32minfo[39m: 1. schedule/week6/topics
2026-07-28T16:33:12.912Z - [32minfo[39m: [00:33:12] Reload for file change: /Users/damithch/Repos/nus-cs2103/cs2103-website-base/book/_site/projectPlanning/issueTrackers/unit-inElsewhere-asFlat._include_.html
2026-07-28T16:33:12.912Z - [32minfo[39m: Synchronizing opened pages list before reload
2026-07-28T16:33:12.912Z - [32minfo[39m: Current opened pages, from most-to-least recent:
2026-07-28T16:33:12.912Z - [32minfo[39m: 1. schedule/week6/topics
2026-07-28T16:33:12.912Z - [32minfo[39m: [00:33:12] Reload for file change: /Users/damithch/Repos/nus-cs2103/cs2103-website-base/book/_site/gatheringRequirements/prototyping/unit-inElsewhere-asFlat._include_.html
2026-07-28T16:33:12.912Z - [32minfo[39m: Synchronizing opened pages list before reload
2026-07-28T16:33:12.913Z - [32minfo[39m: Current opened pages, from most-to-least recent:
2026-07-28T16:33:12.913Z - [32minfo[39m: 1. schedule/week6/topics
2026-07-28T16:33:12.913Z - [32minfo[39m: [00:33:12] Reload for file change: /Users/damithch/Repos/nus-cs2103/cs2103-website-base/book/_site/principles/dryPrinciple/unit-inElsewhere-asFlat._include_.html
2026-07-28T16:33:12.913Z - [32minfo[39m: Synchronizing opened pages list before reload
2026-07-28T16:33:12.913Z - [32minfo[39m: Current opened pages, from most-to-least recent:
2026-07-28T16:33:12.913Z - [32minfo[39m: 1. schedule/week6/topics
2026-07-28T16:33:12.913Z - [32minfo[39m: [00:33:12] Reload for file change: /Users/damithch/Repos/nus-cs2103/cs2103-website-base/book/_site/security/wrapUp/unit-inElsewhere-asFlat._include_.html
2026-07-28T16:33:12.913Z - [32minfo[39m: Synchronizing opened pages list before reload
2026-07-28T16:33:12.913Z - [32minfo[39m: Current opened pages, from most-to-least recent:
2026-07-28T16:33:12.913Z - [32minfo[39m: 1. schedule/week6/topics
2026-07-28T16:33:12.913Z - [32minfo[39m: [00:33:12] Reload for file change: /Users/damithch/Repos/nus-cs2103/cs2103-website-base/book/_site/principles/yagniPrinciple/unit-inElsewhere-asFlat._include_.html
2026-07-28T16:33:12.913Z - [32minfo[39m: Synchronizing opened pages list before reload
2026-07-28T16:33:12.913Z - [32minfo[39m: Current opened pages, from most-to-least recent:
2026-07-28T16:33:12.913Z - [32minfo[39m: 1. schedule/week6/topics
2026-07-28T16:33:12.913Z - [32minfo[39m: [00:33:12] Reload for file change: /Users/damithch/Repos/nus-cs2103/cs2103-website-base/book/_site/refactoring/when/unit-inElsewhere-asFlat._include_.html
2026-07-28T16:33:12.913Z - [32minfo[39m: Synchronizing opened pages list before reload
2026-07-28T16:33:12.913Z - [32minfo[39m: Current opened pages, from most-to-least recent:
2026-07-28T16:33:12.913Z - [32minfo[39m: 1. schedule/week6/topics
2026-07-28T16:33:12.913Z - [32minfo[39m: [00:33:12] Reload for file change: /Users/damithch/Repos/nus-cs2103/cs2103-website-base/book/_site/principles/dependencyInversionPrinciple/unit-inElsewhere-asFlat._include_.html
2026-07-28T16:33:12.913Z - [32minfo[39m: Synchronizing opened pages list before reload
2026-07-28T16:33:12.913Z - [32minfo[39m: Current opened pages, from most-to-least recent:
2026-07-28T16:33:12.913Z - [32minfo[39m: 1. schedule/week6/topics
2026-07-28T16:33:12.913Z - [32minfo[39m: [00:33:12] Reload for file change: /Users/damithch/Repos/nus-cs2103/cs2103-website-base/book/_site/principles/brooksLaw/unit-inElsewhere-asFlat._include_.html
2026-07-28T16:33:12.913Z - [32minfo[39m: Synchronizing opened pages list before reload
2026-07-28T16:33:12.913Z - [32minfo[39m: Current opened pages, from most-to-least recent:
2026-07-28T16:33:12.913Z - [32minfo[39m: 1. schedule/week6/topics
2026-07-28T16:33:12.913Z - [32minfo[39m: [00:33:12] Reload for file change: /Users/damithch/Repos/nus-cs2103/cs2103-website-base/book/_site/intellij/productivityShortcuts/unit-inElsewhere-asFlat._include_.html
2026-07-28T16:33:12.913Z - [32minfo[39m: Synchronizing opened pages list before reload
2026-07-28T16:33:12.913Z - [32minfo[39m: Current opened pages, from most-to-least recent:
2026-07-28T16:33:12.913Z - [32minfo[39m: 1. schedule/week6/topics
2026-07-28T16:33:12.913Z - [32minfo[39m: [00:33:12] Reload for file change: /Users/damithch/Repos/nus-cs2103/cs2103-website-base/book/_site/teamwork/teamStructures/unit-inElsewhere-asFlat._include_.html
2026-07-28T16:33:12.913Z - [32minfo[39m: Synchronizing opened pages list before reload
2026-07-28T16:33:12.913Z - [32minfo[39m: Current opened pages, from most-to-least recent:
2026-07-28T16:33:12.913Z - [32minfo[39m: 1. schedule/week6/topics
2026-07-28T16:33:12.913Z - [32minfo[39m: [00:33:12] Reload for file change: /Users/damithch/Repos/nus-cs2103/cs2103-website-base/book/_site/principles/openClosedPrinciple/unit-inElsewhere-asFlat._include_.html
2026-07-28T16:33:12.913Z - [32minfo[39m: Synchronizing opened pages list before reload
2026-07-28T16:33:12.913Z - [32minfo[39m: Current opened pages, from most-to-least recent:
2026-07-28T16:33:12.913Z - [32minfo[39m: 1. schedule/week6/topics
2026-07-28T16:33:12.913Z - [32minfo[39m: [00:33:12] Reload for file change: /Users/damithch/Repos/nus-cs2103/cs2103-website-base/book/_site/security/why/unit-inElsewhere-asFlat._include_.html
2026-07-28T16:33:12.913Z - [32minfo[39m: Synchronizing opened pages list before reload
2026-07-28T16:33:12.913Z - [32minfo[39m: Current opened pages, from most-to-least recent:
2026-07-28T16:33:12.913Z - [32minfo[39m: 1. schedule/week6/topics
2026-07-28T16:33:12.913Z - [32minfo[39m: [00:33:12] Reload for file change: /Users/damithch/Repos/nus-cs2103/cs2103-website-base/book/_site/debugging/how/unit-inElsewhere-asFlat._include_.html
2026-07-28T16:33:12.913Z - [32minfo[39m: Synchronizing opened pages list before reload
2026-07-28T16:33:12.913Z - [32minfo[39m: Current opened pages, from most-to-least recent:
2026-07-28T16:33:12.913Z - [32minfo[39m: 1. schedule/week6/topics
2026-07-28T16:33:12.913Z - [32minfo[39m: [00:33:12] Reload for file change: /Users/damithch/Repos/nus-cs2103/cs2103-website-base/book/_site/projectPlanning/pertCharts/unit-inElsewhere-asFlat._include_.html
2026-07-28T16:33:12.913Z - [32minfo[39m: Synchronizing opened pages list before reload
2026-07-28T16:33:12.913Z - [32minfo[39m: Current opened pages, from most-to-least recent:
2026-07-28T16:33:12.913Z - [32minfo[39m: 1. schedule/week6/topics
2026-07-28T16:33:12.913Z - [32minfo[39m: [00:33:12] Reload for file change: /Users/damithch/Repos/nus-cs2103/cs2103-website-base/book/_site/principles/liskovSubstitutionPrinciple/unit-inElsewhere-asFlat._include_.html
2026-07-28T16:33:12.913Z - [32minfo[39m: Synchronizing opened pages list before reload
2026-07-28T16:33:12.913Z - [32minfo[39m: Current opened pages, from most-to-least recent:
2026-07-28T16:33:12.913Z - [32minfo[39m: 1. schedule/week6/topics
2026-07-28T16:33:12.913Z - [32minfo[39m: [00:33:12] Reload for file change: /Users/damithch/Repos/nus-cs2103/cs2103-website-base/book/_site/principles/lawOfDemeter/unit-inElsewhere-asFlat._include_.html
2026-07-28T16:33:12.913Z - [32minfo[39m: Synchronizing opened pages list before reload
2026-07-28T16:33:12.914Z - [32minfo[39m: Current opened pages, from most-to-least recent:
2026-07-28T16:33:12.914Z - [32minfo[39m: 1. schedule/week6/topics
2026-07-28T16:33:12.914Z - [32minfo[39m: [00:33:12] Reload for file change: /Users/damithch/Repos/nus-cs2103/cs2103-website-base/book/_site/projectPlanning/workBreakdownStructure/unit-inElsewhere-asFlat._include_.html
2026-07-28T16:33:12.914Z - [32minfo[39m: Synchronizing opened pages list before reload
2026-07-28T16:33:12.914Z - [32minfo[39m: Current opened pages, from most-to-least recent:
2026-07-28T16:33:12.914Z - [32minfo[39m: 1. schedule/week6/topics
2026-07-28T16:33:12.914Z - [32minfo[39m: [00:33:12] Reload for file change: /Users/damithch/Repos/nus-cs2103/cs2103-website-base/book/_site/security/when/unit-inElsewhere-asFlat._include_.html
2026-07-28T16:33:12.914Z - [32minfo[39m: Synchronizing opened pages list before reload
2026-07-28T16:33:12.914Z - [32minfo[39m: Current opened pages, from most-to-least recent:
2026-07-28T16:33:12.914Z - [32minfo[39m: 1. schedule/week6/topics
2026-07-28T16:33:12.914Z - [32minfo[39m: [00:33:12] Reload for file change: /Users/damithch/Repos/nus-cs2103/cs2103-website-base/book/_site/intellij/codeNavigation/unit-inElsewhere-asFlat._include_.html
2026-07-28T16:33:12.914Z - [32minfo[39m: Synchronizing opened pages list before reload
2026-07-28T16:33:12.914Z - [32minfo[39m: Current opened pages, from most-to-least recent:
2026-07-28T16:33:12.914Z - [32minfo[39m: 1. schedule/week6/topics
2026-07-28T16:33:12.914Z - [32minfo[39m: [00:33:12] Reload for file change: /Users/damithch/Repos/nus-cs2103/cs2103-website-base/book/_site/requirements/introduction/unit-inElsewhere-asFlat._include_.html
2026-07-28T16:33:12.914Z - [32minfo[39m: Synchronizing opened pages list before reload
2026-07-28T16:33:12.914Z - [32minfo[39m: Current opened pages, from most-to-least recent:
2026-07-28T16:33:12.914Z - [32minfo[39m: 1. schedule/week6/topics
2026-07-28T16:33:12.914Z - [32minfo[39m: [00:33:12] Reload for file change: /Users/damithch/Repos/nus-cs2103/cs2103-website-base/book/_site/projectPlanning/buffers/unit-inElsewhere-asFlat._include_.html
2026-07-28T16:33:12.914Z - [32minfo[39m: Synchronizing opened pages list before reload
2026-07-28T16:33:12.914Z - [32minfo[39m: Current opened pages, from most-to-least recent:
2026-07-28T16:33:12.914Z - [32minfo[39m: 1. schedule/week6/topics
2026-07-28T16:33:12.914Z - [32minfo[39m: [00:33:12] Reload for file change: /Users/damithch/Repos/nus-cs2103/cs2103-website-base/book/_site/principles/singleResponsibilityPrinciple/unit-inElsewhere-asFlat._include_.html
2026-07-28T16:33:12.914Z - [32minfo[39m: Synchronizing opened pages list before reload
2026-07-28T16:33:12.914Z - [32minfo[39m: Current opened pages, from most-to-least recent:
2026-07-28T16:33:12.914Z - [32minfo[39m: 1. schedule/week6/topics
2026-07-28T16:33:12.914Z - [32minfo[39m: [00:33:12] Reload for file change: /Users/damithch/Repos/nus-cs2103/cs2103-website-base/book/_site/refactoring/what/unit-inElsewhere-asFlat._include_.html
2026-07-28T16:33:12.914Z - [32minfo[39m: Synchronizing opened pages list before reload
2026-07-28T16:33:12.914Z - [32minfo[39m: Current opened pages, from most-to-least recent:
2026-07-28T16:33:12.914Z - [32minfo[39m: 1. schedule/week6/topics
2026-07-28T16:33:12.914Z - [32minfo[39m: [00:33:12] Reload for file change: /Users/damithch/Repos/nus-cs2103/cs2103-website-base/book/_site/requirements/prioritizing/unit-inElsewhere-asFlat._include_.html
2026-07-28T16:33:12.914Z - [32minfo[39m: Synchronizing opened pages list before reload
2026-07-28T16:33:12.915Z - [32minfo[39m: Current opened pages, from most-to-least recent:
2026-07-28T16:33:12.915Z - [32minfo[39m: 1. schedule/week6/topics
2026-07-28T16:33:12.915Z - [32minfo[39m: [00:33:12] Reload for file change: /Users/damithch/Repos/nus-cs2103/cs2103-website-base/book/_site/intellij/debuggingBasic/index.page-vue-render.js
2026-07-28T16:33:12.915Z - [32minfo[39m: Synchronizing opened pages list before reload
2026-07-28T16:33:12.915Z - [32minfo[39m: Current opened pages, from most-to-least recent:
2026-07-28T16:33:12.915Z - [32minfo[39m: 1. schedule/week6/topics
2026-07-28T16:33:12.915Z - [32minfo[39m: [00:33:12] Reload for file change: /Users/damithch/Repos/nus-cs2103/cs2103-website-base/book/_site/principles/interfaceSegregationPrinciple/unit-inElsewhere-asFlat._include_.html
2026-07-28T16:33:12.915Z - [32minfo[39m: Synchronizing opened pages list before reload
2026-07-28T16:33:12.915Z - [32minfo[39m: Current opened pages, from most-to-least recent:
2026-07-28T16:33:12.915Z - [32minfo[39m: 1. schedule/week6/topics
2026-07-28T16:33:12.915Z - [32minfo[39m: [00:33:12] Reload for file change: /Users/damithch/Repos/nus-cs2103/cs2103-website-base/book/_site/gatheringRequirements/userSurveys/unit-inElsewhere-asFlat._include_.html
2026-07-28T16:33:12.915Z - [32minfo[39m: Synchronizing opened pages list before reload
2026-07-28T16:33:12.915Z - [32minfo[39m: Current opened pages, from most-to-least recent:
2026-07-28T16:33:12.915Z - [32minfo[39m: 1. schedule/week6/topics
2026-07-28T16:33:12.915Z - [32minfo[39m: [00:33:12] Reload for file change: /Users/damithch/Repos/nus-cs2103/cs2103-website-base/book/_site/intellij/debuggingBasic/unit-inElsewhere-asFlat._include_.html
2026-07-28T16:33:12.915Z - [32minfo[39m: Synchronizing opened pages list before reload
2026-07-28T16:33:12.915Z - [32minfo[39m: Current opened pages, from most-to-least recent:
2026-07-28T16:33:12.915Z - [32minfo[39m: 1. schedule/week6/topics
2026-07-28T16:33:12.915Z - [32minfo[39m: [00:33:12] Reload for file change: /Users/damithch/Repos/nus-cs2103/cs2103-website-base/book/_site/requirements/nonFunctionalRequirements/unit-inElsewhere-asFlat._include_.html
2026-07-28T16:33:12.915Z - [32minfo[39m: Synchronizing opened pages list before reload
2026-07-28T16:33:12.915Z - [32minfo[39m: Current opened pages, from most-to-least recent:
2026-07-28T16:33:12.915Z - [32minfo[39m: 1. schedule/week6/topics
2026-07-28T16:33:12.915Z - [32minfo[39m: [00:33:12] Reload for file change: /Users/damithch/Repos/nus-cs2103/cs2103-website-base/book/_site/principles/review/unit-inElsewhere-asFlat._include_.html
2026-07-28T16:33:12.915Z - [32minfo[39m: Synchronizing opened pages list before reload
2026-07-28T16:33:12.915Z - [32minfo[39m: Current opened pages, from most-to-least recent:
2026-07-28T16:33:12.915Z - [32minfo[39m: 1. schedule/week6/topics
2026-07-28T16:33:12.917Z - [32minfo[39m: [00:33:12] Reload for file change: /Users/damithch/Repos/nus-cs2103/cs2103-website-base/book/_site/principles/solidPrinciples/unit-inElsewhere-asFlat._include_.html
2026-07-28T16:33:12.917Z - [32minfo[39m: Synchronizing opened pages list before reload
2026-07-28T16:33:12.917Z - [32minfo[39m: Current opened pages, from most-to-least recent:
2026-07-28T16:33:12.917Z - [32minfo[39m: 1. schedule/week6/topics
2026-07-28T16:33:12.918Z - [32minfo[39m: [00:33:12] Reload for file change: /Users/damithch/Repos/nus-cs2103/cs2103-website-base/book/_site/gatheringRequirements/brainstorming/unit-inElsewhere-asFlat._include_.html
2026-07-28T16:33:12.918Z - [32minfo[39m: Synchronizing opened pages list before reload
2026-07-28T16:33:12.918Z - [32minfo[39m: Current opened pages, from most-to-least recent:
2026-07-28T16:33:12.918Z - [32minfo[39m: 1. schedule/week6/topics
2026-07-28T16:33:12.918Z - [32minfo[39m: [00:33:12] Reload for file change: /Users/damithch/Repos/nus-cs2103/cs2103-website-base/book/_markbind/logs/markbind-2026-07-29.log
2026-07-28T16:33:12.918Z - [32minfo[39m: Synchronizing opened pages list before reload
2026-07-28T16:33:12.918Z - [32minfo[39m: Current opened pages, from most-to-least recent:
2026-07-28T16:33:12.918Z - [32minfo[39m: 1. schedule/week6/topics
2026-07-28T16:33:12.918Z - [32minfo[39m: [00:33:12] Reload for file change: /Users/damithch/Repos/nus-cs2103/cs2103-website-base/book/_site/gatheringRequirements/interviews/unit-inElsewhere-asFlat._include_.html
2026-07-28T16:33:12.918Z - [32minfo[39m: Synchronizing opened pages list before reload
2026-07-28T16:33:12.918Z - [32minfo[39m: Current opened pages, from most-to-least recent:
2026-07-28T16:33:12.918Z - [32minfo[39m: 1. schedule/week6/topics
2026-07-28T16:33:12.918Z - [32minfo[39m: [00:33:12] Reload for file change: /Users/damithch/Repos/nus-cs2103/cs2103-website-base/book/_site/projectPlanning/milestones/unit-inElsewhere-asFlat._include_.html
2026-07-28T16:33:12.918Z - [32minfo[39m: Synchronizing opened pages list before reload
2026-07-28T16:33:12.918Z - [32minfo[39m: Current opened pages, from most-to-least recent:
2026-07-28T16:33:12.918Z - [32minfo[39m: 1. schedule/week6/topics
2026-07-28T16:33:12.918Z - [32minfo[39m: [00:33:12] Reload for file change: /Users/damithch/Repos/nus-cs2103/cs2103-website-base/book/_site/principles/separationOfConcernsPrinciple/unit-inElsewhere-asFlat._include_.html
2026-07-28T16:33:12.918Z - [32minfo[39m: Synchronizing opened pages list before reload
2026-07-28T16:33:12.918Z - [32minfo[39m: Current opened pages, from most-to-least recent:
2026-07-28T16:33:12.918Z - [32minfo[39m: 1. schedule/week6/topics
2026-07-28T16:33:12.918Z - [32minfo[39m: [00:33:12] Reload for file change: /Users/damithch/Repos/nus-cs2103/cs2103-website-base/book/_site/projectPlanning/ganttCharts/unit-inElsewhere-asFlat._include_.html
2026-07-28T16:33:12.918Z - [32minfo[39m: Synchronizing opened pages list before reload
2026-07-28T16:33:12.918Z - [32minfo[39m: Current opened pages, from most-to-least recent:
2026-07-28T16:33:12.918Z - [32minfo[39m: 1. schedule/week6/topics
2026-07-28T16:33:12.919Z - [32minfo[39m: [00:33:12] Reload for file change: /Users/damithch/Repos/nus-cs2103/cs2103-website-base/book/_site/codeQuality/maximizeReadability/basic/avoidLongMethods/unit-inElsewhere-asFlat._include_.html
2026-07-28T16:33:12.919Z - [32minfo[39m: Synchronizing opened pages list before reload
2026-07-28T16:33:12.919Z - [32minfo[39m: Current opened pages, from most-to-least recent:
2026-07-28T16:33:12.919Z - [32minfo[39m: 1. schedule/week6/topics
2026-07-28T16:33:12.919Z - [32minfo[39m: [00:33:12] Reload for file change: /Users/damithch/Repos/nus-cs2103/cs2103-website-base/book/_site/uml/classDiagrams/associations/what/unit-inElsewhere-asFlat._include_.html
2026-07-28T16:33:12.919Z - [32minfo[39m: Synchronizing opened pages list before reload
2026-07-28T16:33:12.919Z - [32minfo[39m: Current opened pages, from most-to-least recent:
2026-07-28T16:33:12.919Z - [32minfo[39m: 1. schedule/week6/topics
2026-07-28T16:33:12.919Z - [32minfo[39m: [00:33:12] Reload for file change: /Users/damithch/Repos/nus-cs2103/cs2103-website-base/book/_site/testing/testingTypes/acceptanceTesting/what/unit-inElsewhere-asFlat._include_.html
2026-07-28T16:33:12.919Z - [32minfo[39m: Synchronizing opened pages list before reload
2026-07-28T16:33:12.919Z - [32minfo[39m: Current opened pages, from most-to-least recent:
2026-07-28T16:33:12.919Z - [32minfo[39m: 1. schedule/week6/topics
2026-07-28T16:33:12.919Z - [32minfo[39m: [00:33:12] Reload for file change: /Users/damithch/Repos/nus-cs2103/cs2103-website-base/book/_site/codeQuality/maximizeReadability/intermediate/structureCodeLogically/unit-inElsewhere-asFlat._include_.html
2026-07-28T16:33:12.919Z - [32minfo[39m: Synchronizing opened pages list before reload
2026-07-28T16:33:12.919Z - [32minfo[39m: Current opened pages, from most-to-least recent:
2026-07-28T16:33:12.919Z - [32minfo[39m: 1. schedule/week6/topics
2026-07-28T16:33:12.919Z - [32minfo[39m: [00:33:12] Reload for file change: /Users/damithch/Repos/nus-cs2103/cs2103-website-base/book/_site/testing/testingTypes/integrationTesting/what/unit-inElsewhere-asFlat._include_.html
2026-07-28T16:33:12.919Z - [32minfo[39m: Synchronizing opened pages list before reload
2026-07-28T16:33:12.919Z - [32minfo[39m: Current opened pages, from most-to-least recent:
2026-07-28T16:33:12.919Z - [32minfo[39m: 1. schedule/week6/topics
2026-07-28T16:33:12.919Z - [32minfo[39m: [00:33:12] Reload for file change: /Users/damithch/Repos/nus-cs2103/cs2103-website-base/book/_site/documentation/tools/markdown/how/unit-inElsewhere-asFlat._include_.html
2026-07-28T16:33:12.919Z - [32minfo[39m: Synchronizing opened pages list before reload
2026-07-28T16:33:12.919Z - [32minfo[39m: Current opened pages, from most-to-least recent:
2026-07-28T16:33:12.919Z - [32minfo[39m: 1. schedule/week6/topics
2026-07-28T16:33:12.920Z - [32minfo[39m: [00:33:12] Reload for file change: /Users/damithch/Repos/nus-cs2103/cs2103-website-base/book/_site/testing/testingTypes/unitTesting/what/unit-inElsewhere-asFlat._include_.html
2026-07-28T16:33:12.920Z - [32minfo[39m: Synchronizing opened pages list before reload
2026-07-28T16:33:12.920Z - [32minfo[39m: Current opened pages, from most-to-least recent:
2026-07-28T16:33:12.920Z - [32minfo[39m: 1. schedule/week6/topics
2026-07-28T16:33:12.920Z - [32minfo[39m: [00:33:12] Reload for file change: /Users/damithch/Repos/nus-cs2103/cs2103-website-base/book/_site/uml/classDiagrams/dependencies/what/unit-inElsewhere-asFlat._include_.html
2026-07-28T16:33:12.920Z - [32minfo[39m: Synchronizing opened pages list before reload
2026-07-28T16:33:12.920Z - [32minfo[39m: Current opened pages, from most-to-least recent:
2026-07-28T16:33:12.920Z - [32minfo[39m: 1. schedule/week6/topics
2026-07-28T16:33:12.920Z - [32minfo[39m: [00:33:12] Reload for file change: /Users/damithch/Repos/nus-cs2103/cs2103-website-base/book/_site/codeQuality/nameWell/intermediate/notTooLongNorShort/unit-inElsewhere-asFlat._include_.html
2026-07-28T16:33:12.920Z - [32minfo[39m: Synchronizing opened pages list before reload
2026-07-28T16:33:12.920Z - [32minfo[39m: Current opened pages, from most-to-least recent:
2026-07-28T16:33:12.920Z - [32minfo[39m: 1. schedule/week6/topics
2026-07-28T16:33:12.920Z - [32minfo[39m: [00:33:12] Reload for file change: /Users/damithch/Repos/nus-cs2103/cs2103-website-base/book/_site/codeQuality/maximizeReadability/basic/avoidMagicNumbers/unit-inElsewhere-asFlat._include_.html
2026-07-28T16:33:12.920Z - [32minfo[39m: Synchronizing opened pages list before reload
2026-07-28T16:33:12.920Z - [32minfo[39m: Current opened pages, from most-to-least recent:
2026-07-28T16:33:12.920Z - [32minfo[39m: 1. schedule/week6/topics
2026-07-28T16:33:12.920Z - [32minfo[39m: [00:33:12] Reload for file change: /Users/damithch/Repos/nus-cs2103/cs2103-website-base/book/_site/uml/activityDiagrams/basicNotations/alternatePaths/unit-inElsewhere-asFlat._include_.html
2026-07-28T16:33:12.920Z - [32minfo[39m: Synchronizing opened pages list before reload
2026-07-28T16:33:12.920Z - [32minfo[39m: Current opened pages, from most-to-least recent:
2026-07-28T16:33:12.920Z - [32minfo[39m: 1. schedule/week6/topics
2026-07-28T16:33:12.920Z - [32minfo[39m: [00:33:12] Reload for file change: /Users/damithch/Repos/nus-cs2103/cs2103-website-base/book/_site/codeQuality/maximizeReadability/intermediate/dontTripReader/unit-inElsewhere-asFlat._include_.html
2026-07-28T16:33:12.920Z - [32minfo[39m: Synchronizing opened pages list before reload
2026-07-28T16:33:12.920Z - [32minfo[39m: Current opened pages, from most-to-least recent:
2026-07-28T16:33:12.920Z - [32minfo[39m: 1. schedule/week6/topics
2026-07-28T16:33:12.920Z - [32minfo[39m: [00:33:12] Reload for file change: /Users/damithch/Repos/nus-cs2103/cs2103-website-base/book/_site/codeQuality/commentMinimally/intermediate/explainWhatWhyNotHow/unit-inElsewhere-asFlat._include_.html
2026-07-28T16:33:12.920Z - [32minfo[39m: Synchronizing opened pages list before reload
2026-07-28T16:33:12.920Z - [32minfo[39m: Current opened pages, from most-to-least recent:
2026-07-28T16:33:12.920Z - [32minfo[39m: 1. schedule/week6/topics
2026-07-28T16:33:12.920Z - [32minfo[39m: [00:33:12] Reload for file change: /Users/damithch/Repos/nus-cs2103/cs2103-website-base/book/_site/codeQuality/nameWell/intermediate/useNameExplain/unit-inElsewhere-asFlat._include_.html
2026-07-28T16:33:12.920Z - [32minfo[39m: Synchronizing opened pages list before reload
2026-07-28T16:33:12.920Z - [32minfo[39m: Current opened pages, from most-to-least recent:
2026-07-28T16:33:12.920Z - [32minfo[39m: 1. schedule/week6/topics
2026-07-28T16:33:12.920Z - [32minfo[39m: [00:33:12] Reload for file change: /Users/damithch/Repos/nus-cs2103/cs2103-website-base/book/_site/testing/testingTypes/developerTesting/why/unit-inElsewhere-asFlat._include_.html
2026-07-28T16:33:12.920Z - [32minfo[39m: Synchronizing opened pages list before reload
2026-07-28T16:33:12.920Z - [32minfo[39m: Current opened pages, from most-to-least recent:
2026-07-28T16:33:12.920Z - [32minfo[39m: 1. schedule/week6/topics
2026-07-28T16:33:12.920Z - [32minfo[39m: [00:33:12] Reload for file change: /Users/damithch/Repos/nus-cs2103/cs2103-website-base/book/_site/documentation/tools/markdown/what/unit-inElsewhere-asFlat._include_.html
2026-07-28T16:33:12.920Z - [32minfo[39m: Synchronizing opened pages list before reload
2026-07-28T16:33:12.920Z - [32minfo[39m: Current opened pages, from most-to-least recent:
2026-07-28T16:33:12.920Z - [32minfo[39m: 1. schedule/week6/topics
2026-07-28T16:33:12.920Z - [32minfo[39m: [00:33:12] Reload for file change: /Users/damithch/Repos/nus-cs2103/cs2103-website-base/book/_site/codeQuality/avoidShortcuts/basic/dontRecycleVarsOrParams/unit-inElsewhere-asFlat._include_.html
2026-07-28T16:33:12.920Z - [32minfo[39m: Synchronizing opened pages list before reload
2026-07-28T16:33:12.920Z - [32minfo[39m: Current opened pages, from most-to-least recent:
2026-07-28T16:33:12.920Z - [32minfo[39m: 1. schedule/week6/topics
2026-07-28T16:33:12.920Z - [32minfo[39m: [00:33:12] Reload for file change: /Users/damithch/Repos/nus-cs2103/cs2103-website-base/book/_site/architecture/architecturalStyles/layered/what/unit-inElsewhere-asFlat._include_.html
2026-07-28T16:33:12.920Z - [32minfo[39m: Synchronizing opened pages list before reload
2026-07-28T16:33:12.920Z - [32minfo[39m: Current opened pages, from most-to-least recent:
2026-07-28T16:33:12.920Z - [32minfo[39m: 1. schedule/week6/topics
2026-07-28T16:33:12.923Z - [32minfo[39m: [00:33:12] Reload for file change: /Users/damithch/Repos/nus-cs2103/cs2103-website-base/book/_site/codeQuality/nameWell/basic/useStandardWords/unit-inElsewhere-asFlat._include_.html
2026-07-28T16:33:12.923Z - [32minfo[39m: Synchronizing opened pages list before reload
2026-07-28T16:33:12.923Z - [32minfo[39m: Current opened pages, from most-to-least recent:
2026-07-28T16:33:12.923Z - [32minfo[39m: 1. schedule/week6/topics
2026-07-28T16:33:12.923Z - [32minfo[39m: [00:33:12] Reload for file change: /Users/damithch/Repos/nus-cs2103/cs2103-website-base/book/_site/codeQuality/commentMinimally/introduction/unit-inElsewhere-asFlat._include_.html
2026-07-28T16:33:12.923Z - [32minfo[39m: Synchronizing opened pages list before reload
2026-07-28T16:33:12.923Z - [32minfo[39m: Current opened pages, from most-to-least recent:
2026-07-28T16:33:12.923Z - [32minfo[39m: 1. schedule/week6/topics
2026-07-28T16:33:12.923Z - [32minfo[39m: [00:33:12] Reload for file change: /Users/damithch/Repos/nus-cs2103/cs2103-website-base/book/_site/designFundamentals/coupling/what/unit-inElsewhere-asFlat._include_.html
2026-07-28T16:33:12.923Z - [32minfo[39m: Synchronizing opened pages list before reload
2026-07-28T16:33:12.923Z - [32minfo[39m: Current opened pages, from most-to-least recent:
2026-07-28T16:33:12.923Z - [32minfo[39m: 1. schedule/week6/topics
2026-07-28T16:33:12.923Z - [32minfo[39m: [00:33:12] Reload for file change: /Users/damithch/Repos/nus-cs2103/cs2103-website-base/book/_site/codeQuality/introduction/basic/unit-inElsewhere-asFlat._include_.html
2026-07-28T16:33:12.923Z - [32minfo[39m: Synchronizing opened pages list before reload
2026-07-28T16:33:12.923Z - [32minfo[39m: Current opened pages, from most-to-least recent:
2026-07-28T16:33:12.923Z - [32minfo[39m: 1. schedule/week6/topics
2026-07-28T16:33:12.923Z - [32minfo[39m: [00:33:12] Reload for file change: /Users/damithch/Repos/nus-cs2103/cs2103-website-base/book/_site/architecture/architectureDiagrams/drawing/unit-inElsewhere-asFlat._include_.html
2026-07-28T16:33:12.923Z - [32minfo[39m: Synchronizing opened pages list before reload
2026-07-28T16:33:12.923Z - [32minfo[39m: Current opened pages, from most-to-least recent:
2026-07-28T16:33:12.923Z - [32minfo[39m: 1. schedule/week6/topics
2026-07-28T16:33:12.923Z - [32minfo[39m: [00:33:12] Reload for file change: /Users/damithch/Repos/nus-cs2103/cs2103-website-base/book/_site/codeQuality/maximizeReadability/introduction/unit-inElsewhere-asFlat._include_.html
2026-07-28T16:33:12.923Z - [32minfo[39m: Synchronizing opened pages list before reload
2026-07-28T16:33:12.923Z - [32minfo[39m: Current opened pages, from most-to-least recent:
2026-07-28T16:33:12.923Z - [32minfo[39m: 1. schedule/week6/topics
2026-07-28T16:33:12.923Z - [32minfo[39m: [00:33:12] Reload for file change: /Users/damithch/Repos/nus-cs2103/cs2103-website-base/book/_site/codeQuality/followStandard/basic/unit-inElsewhere-asFlat._include_.html
2026-07-28T16:33:12.923Z - [32minfo[39m: Synchronizing opened pages list before reload
2026-07-28T16:33:12.923Z - [32minfo[39m: Current opened pages, from most-to-least recent:
2026-07-28T16:33:12.923Z - [32minfo[39m: 1. schedule/week6/topics
2026-07-28T16:33:12.923Z - [32minfo[39m: [00:33:12] Reload for file change: /Users/damithch/Repos/nus-cs2103/cs2103-website-base/book/_site/codeQuality/followStandard/intermediate/unit-inElsewhere-asFlat._include_.html
2026-07-28T16:33:12.923Z - [32minfo[39m: Synchronizing opened pages list before reload
2026-07-28T16:33:12.923Z - [32minfo[39m: Current opened pages, from most-to-least recent:
2026-07-28T16:33:12.923Z - [32minfo[39m: 1. schedule/week6/topics
2026-07-28T16:33:12.923Z - [32minfo[39m: [00:33:12] Reload for file change: /Users/damithch/Repos/nus-cs2103/cs2103-website-base/book/_site/designPatterns/more/otherDesignPatterns/unit-inElsewhere-asFlat._include_.html
2026-07-28T16:33:12.923Z - [32minfo[39m: Synchronizing opened pages list before reload
2026-07-28T16:33:12.923Z - [32minfo[39m: Current opened pages, from most-to-least recent:
2026-07-28T16:33:12.923Z - [32minfo[39m: 1. schedule/week6/topics
2026-07-28T16:33:12.923Z - [32minfo[39m: [00:33:12] Reload for file change: /Users/damithch/Repos/nus-cs2103/cs2103-website-base/book/_site/codeQuality/avoidShortcuts/introduction/unit-inElsewhere-asFlat._include_.html
2026-07-28T16:33:12.923Z - [32minfo[39m: Synchronizing opened pages list before reload
2026-07-28T16:33:12.923Z - [32minfo[39m: Current opened pages, from most-to-least recent:
2026-07-28T16:33:12.923Z - [32minfo[39m: 1. schedule/week6/topics
2026-07-28T16:33:12.923Z - [32minfo[39m: [00:33:12] Reload for file change: /Users/damithch/Repos/nus-cs2103/cs2103-website-base/book/_site/architecture/introduction/what/unit-inElsewhere-asFlat._include_.html
2026-07-28T16:33:12.923Z - [32minfo[39m: Synchronizing opened pages list before reload
2026-07-28T16:33:12.924Z - [32minfo[39m: Current opened pages, from most-to-least recent:
2026-07-28T16:33:12.924Z - [32minfo[39m: 1. schedule/week6/topics
2026-07-28T16:33:12.924Z - [32minfo[39m: [00:33:12] Reload for file change: /Users/damithch/Repos/nus-cs2103/cs2103-website-base/book/_site/designPatterns/more/usingDesignPatterns/unit-inElsewhere-asFlat._include_.html
2026-07-28T16:33:12.924Z - [32minfo[39m: Synchronizing opened pages list before reload
2026-07-28T16:33:12.924Z - [32minfo[39m: Current opened pages, from most-to-least recent:
2026-07-28T16:33:12.924Z - [32minfo[39m: 1. schedule/week6/topics
2026-07-28T16:33:12.924Z - [32minfo[39m: [00:33:12] Reload for file change: /Users/damithch/Repos/nus-cs2103/cs2103-website-base/book/_site/architecture/architectureDiagrams/reading/unit-inElsewhere-asFlat._include_.html
2026-07-28T16:33:12.924Z - [32minfo[39m: Synchronizing opened pages list before reload
2026-07-28T16:33:12.924Z - [32minfo[39m: Current opened pages, from most-to-least recent:
2026-07-28T16:33:12.924Z - [32minfo[39m: 1. schedule/week6/topics
2026-07-28T16:33:12.924Z - [32minfo[39m: [00:33:12] Reload for file change: /Users/damithch/Repos/nus-cs2103/cs2103-website-base/book/_site/designPatterns/more/otherTypesOfPatterns/unit-inElsewhere-asFlat._include_.html
2026-07-28T16:33:12.924Z - [32minfo[39m: Synchronizing opened pages list before reload
2026-07-28T16:33:12.924Z - [32minfo[39m: Current opened pages, from most-to-least recent:
2026-07-28T16:33:12.924Z - [32minfo[39m: 1. schedule/week6/topics
2026-07-28T16:33:12.924Z - [32minfo[39m: [00:33:12] Reload for file change: /Users/damithch/Repos/nus-cs2103/cs2103-website-base/book/_site/designPatterns/command/what/unit-inElsewhere-asFlat._include_.html
2026-07-28T16:33:12.924Z - [32minfo[39m: Synchronizing opened pages list before reload
2026-07-28T16:33:12.924Z - [32minfo[39m: Current opened pages, from most-to-least recent:
2026-07-28T16:33:12.924Z - [32minfo[39m: 1. schedule/week6/topics
2026-07-28T16:33:12.924Z - [32minfo[39m: [00:33:12] Reload for file change: /Users/damithch/Repos/nus-cs2103/cs2103-website-base/book/_site/designPatterns/observer/what/unit-inElsewhere-asFlat._include_.html
2026-07-28T16:33:12.924Z - [32minfo[39m: Synchronizing opened pages list before reload
2026-07-28T16:33:12.924Z - [32minfo[39m: Current opened pages, from most-to-least recent:
2026-07-28T16:33:12.924Z - [32minfo[39m: 1. schedule/week6/topics
2026-07-28T16:33:12.924Z - [32minfo[39m: [00:33:12] Reload for file change: /Users/damithch/Repos/nus-cs2103/cs2103-website-base/book/_site/designPatterns/singleton/evaluation/unit-inElsewhere-asFlat._include_.html
2026-07-28T16:33:12.924Z - [32minfo[39m: Synchronizing opened pages list before reload
2026-07-28T16:33:12.924Z - [32minfo[39m: Current opened pages, from most-to-least recent:
2026-07-28T16:33:12.924Z - [32minfo[39m: 1. schedule/week6/topics
2026-07-28T16:33:12.924Z - [32minfo[39m: [00:33:12] Reload for file change: /Users/damithch/Repos/nus-cs2103/cs2103-website-base/book/_site/codeQuality/nameWell/introduction/unit-inElsewhere-asFlat._include_.html
2026-07-28T16:33:12.924Z - [32minfo[39m: Synchronizing opened pages list before reload
2026-07-28T16:33:12.924Z - [32minfo[39m: Current opened pages, from most-to-least recent:
2026-07-28T16:33:12.924Z - [32minfo[39m: 1. schedule/week6/topics
2026-07-28T16:33:12.924Z - [32minfo[39m: [00:33:12] Reload for file change: /Users/damithch/Repos/nus-cs2103/cs2103-website-base/book/_site/designPatterns/introduction/format/unit-inElsewhere-asFlat._include_.html
2026-07-28T16:33:12.924Z - [32minfo[39m: Synchronizing opened pages list before reload
2026-07-28T16:33:12.924Z - [32minfo[39m: Current opened pages, from most-to-least recent:
2026-07-28T16:33:12.924Z - [32minfo[39m: 1. schedule/week6/topics
2026-07-28T16:33:12.924Z - [32minfo[39m: [00:33:12] Reload for file change: /Users/damithch/Repos/nus-cs2103/cs2103-website-base/book/_site/designPatterns/singleton/implementation/unit-inElsewhere-asFlat._include_.html
2026-07-28T16:33:12.924Z - [32minfo[39m: Synchronizing opened pages list before reload
2026-07-28T16:33:12.924Z - [32minfo[39m: Current opened pages, from most-to-least recent:
2026-07-28T16:33:12.924Z - [32minfo[39m: 1. schedule/week6/topics
2026-07-28T16:33:12.924Z - [32minfo[39m: [00:33:12] Reload for file change: /Users/damithch/Repos/nus-cs2103/cs2103-website-base/book/_site/designPatterns/singleton/what/unit-inElsewhere-asFlat._include_.html
2026-07-28T16:33:12.924Z - [32minfo[39m: Synchronizing opened pages list before reload
2026-07-28T16:33:12.924Z - [32minfo[39m: Current opened pages, from most-to-least recent:
2026-07-28T16:33:12.924Z - [32minfo[39m: 1. schedule/week6/topics
2026-07-28T16:33:12.924Z - [32minfo[39m: [00:33:12] Reload for file change: /Users/damithch/Repos/nus-cs2103/cs2103-website-base/book/_site/codeQuality/followStandard/introduction/unit-inElsewhere-asFlat._include_.html
2026-07-28T16:33:12.924Z - [32minfo[39m: Synchronizing opened pages list before reload
2026-07-28T16:33:12.924Z - [32minfo[39m: Current opened pages, from most-to-least recent:
2026-07-28T16:33:12.924Z - [32minfo[39m: 1. schedule/week6/topics
2026-07-28T16:33:12.924Z - [32minfo[39m: [00:33:12] Reload for file change: /Users/damithch/Repos/nus-cs2103/cs2103-website-base/book/_site/designPatterns/introduction/what/unit-inElsewhere-asFlat._include_.html
2026-07-28T16:33:12.924Z - [32minfo[39m: Synchronizing opened pages list before reload
2026-07-28T16:33:12.924Z - [32minfo[39m: Current opened pages, from most-to-least recent:
2026-07-28T16:33:12.924Z - [32minfo[39m: 1. schedule/week6/topics
2026-07-28T16:33:12.924Z - [32minfo[39m: [00:33:12] Reload for file change: /Users/damithch/Repos/nus-cs2103/cs2103-website-base/book/_site/errorHandling/exceptions/when/unit-inElsewhere-asFlat._include_.html
2026-07-28T16:33:12.924Z - [32minfo[39m: Synchronizing opened pages list before reload
2026-07-28T16:33:12.924Z - [32minfo[39m: Current opened pages, from most-to-least recent:
2026-07-28T16:33:12.924Z - [32minfo[39m: 1. schedule/week6/topics
2026-07-28T16:33:12.924Z - [32minfo[39m: [00:33:12] Reload for file change: /Users/damithch/Repos/nus-cs2103/cs2103-website-base/book/_site/errorHandling/logging/how/unit-inElsewhere-asFlat._include_.html
2026-07-28T16:33:12.924Z - [32minfo[39m: Synchronizing opened pages list before reload
2026-07-28T16:33:12.924Z - [32minfo[39m: Current opened pages, from most-to-least recent:
2026-07-28T16:33:12.924Z - [32minfo[39m: 1. schedule/week6/topics
2026-07-28T16:33:12.925Z - [32minfo[39m: [00:33:12] Reload for file change: /Users/damithch/Repos/nus-cs2103/cs2103-website-base/book/_site/designFundamentals/abstraction/what/unit-inElsewhere-asFlat._include_.html
2026-07-28T16:33:12.925Z - [32minfo[39m: Synchronizing opened pages list before reload
2026-07-28T16:33:12.925Z - [32minfo[39m: Current opened pages, from most-to-least recent:
2026-07-28T16:33:12.925Z - [32minfo[39m: 1. schedule/week6/topics
2026-07-28T16:33:12.925Z - [32minfo[39m: [00:33:12] Reload for file change: /Users/damithch/Repos/nus-cs2103/cs2103-website-base/book/_site/oop/associations/what/unit-inElsewhere-asFlat._include_.html
2026-07-28T16:33:12.925Z - [32minfo[39m: Synchronizing opened pages list before reload
2026-07-28T16:33:12.925Z - [32minfo[39m: Current opened pages, from most-to-least recent:
2026-07-28T16:33:12.925Z - [32minfo[39m: 1. schedule/week6/topics
2026-07-28T16:33:12.925Z - [32minfo[39m: [00:33:12] Reload for file change: /Users/damithch/Repos/nus-cs2103/cs2103-website-base/book/_site/designPatterns/facade/what/unit-inElsewhere-asFlat._include_.html
2026-07-28T16:33:12.925Z - [32minfo[39m: Synchronizing opened pages list before reload
2026-07-28T16:33:12.925Z - [32minfo[39m: Current opened pages, from most-to-least recent:
2026-07-28T16:33:12.925Z - [32minfo[39m: 1. schedule/week6/topics
2026-07-28T16:33:12.925Z - [32minfo[39m: [00:33:12] Reload for file change: /Users/damithch/Repos/nus-cs2103/cs2103-website-base/book/_site/oop/associations/dependencies/unit-inElsewhere-asFlat._include_.html
2026-07-28T16:33:12.925Z - [32minfo[39m: Synchronizing opened pages list before reload
2026-07-28T16:33:12.925Z - [32minfo[39m: Current opened pages, from most-to-least recent:
2026-07-28T16:33:12.925Z - [32minfo[39m: 1. schedule/week6/topics
2026-07-28T16:33:12.925Z - [32minfo[39m: [00:33:12] Reload for file change: /Users/damithch/Repos/nus-cs2103/cs2103-website-base/book/_site/documentation/introduction/what/unit-inElsewhere-asFlat._include_.html
2026-07-28T16:33:12.925Z - [32minfo[39m: Synchronizing opened pages list before reload
2026-07-28T16:33:12.925Z - [32minfo[39m: Current opened pages, from most-to-least recent:
2026-07-28T16:33:12.925Z - [32minfo[39m: 1. schedule/week6/topics
2026-07-28T16:33:12.925Z - [32minfo[39m: [00:33:12] Reload for file change: /Users/damithch/Repos/nus-cs2103/cs2103-website-base/book/_site/oop/classes/what/unit-inElsewhere-asFlat._include_.html
2026-07-28T16:33:12.925Z - [32minfo[39m: Synchronizing opened pages list before reload
2026-07-28T16:33:12.925Z - [32minfo[39m: Current opened pages, from most-to-least recent:
2026-07-28T16:33:12.925Z - [32minfo[39m: 1. schedule/week6/topics
2026-07-28T16:33:12.925Z - [32minfo[39m: [00:33:12] Reload for file change: /Users/damithch/Repos/nus-cs2103/cs2103-website-base/book/_site/errorHandling/assertions/how/unit-inElsewhere-asFlat._include_.html
2026-07-28T16:33:12.925Z - [32minfo[39m: Synchronizing opened pages list before reload
2026-07-28T16:33:12.925Z - [32minfo[39m: Current opened pages, from most-to-least recent:
2026-07-28T16:33:12.925Z - [32minfo[39m: 1. schedule/week6/topics
2026-07-28T16:33:12.925Z - [32minfo[39m: [00:33:12] Reload for file change: /Users/damithch/Repos/nus-cs2103/cs2103-website-base/book/_site/designFundamentals/coupling/how/unit-inElsewhere-asFlat._include_.html
2026-07-28T16:33:12.925Z - [32minfo[39m: Synchronizing opened pages list before reload
2026-07-28T16:33:12.925Z - [32minfo[39m: Current opened pages, from most-to-least recent:
2026-07-28T16:33:12.925Z - [32minfo[39m: 1. schedule/week6/topics
2026-07-28T16:33:12.925Z - [32minfo[39m: [00:33:12] Reload for file change: /Users/damithch/Repos/nus-cs2103/cs2103-website-base/book/_site/oop/classes/classLevelMembers/unit-inElsewhere-asFlat._include_.html
2026-07-28T16:33:12.925Z - [32minfo[39m: Synchronizing opened pages list before reload
2026-07-28T16:33:12.925Z - [32minfo[39m: Current opened pages, from most-to-least recent:
2026-07-28T16:33:12.925Z - [32minfo[39m: 1. schedule/week6/topics
2026-07-28T16:33:12.925Z - [32minfo[39m: [00:33:12] Reload for file change: /Users/damithch/Repos/nus-cs2103/cs2103-website-base/book/_site/oop/inheritance/overriding/unit-inElsewhere-asFlat._include_.html
2026-07-28T16:33:12.925Z - [32minfo[39m: Synchronizing opened pages list before reload
2026-07-28T16:33:12.925Z - [32minfo[39m: Current opened pages, from most-to-least recent:
2026-07-28T16:33:12.925Z - [32minfo[39m: 1. schedule/week6/topics
2026-07-28T16:33:12.925Z - [32minfo[39m: [00:33:12] Reload for file change: /Users/damithch/Repos/nus-cs2103/cs2103-website-base/book/_site/designPatterns/abstractionOccurrence/what/unit-inElsewhere-asFlat._include_.html
2026-07-28T16:33:12.925Z - [32minfo[39m: Synchronizing opened pages list before reload
2026-07-28T16:33:12.925Z - [32minfo[39m: Current opened pages, from most-to-least recent:
2026-07-28T16:33:12.925Z - [32minfo[39m: 1. schedule/week6/topics
2026-07-28T16:33:12.926Z - [32minfo[39m: [00:33:12] Reload for file change: /Users/damithch/Repos/nus-cs2103/cs2103-website-base/book/_site/oop/inheritance/what/unit-inElsewhere-asFlat._include_.html
2026-07-28T16:33:12.926Z - [32minfo[39m: Synchronizing opened pages list before reload
2026-07-28T16:33:12.926Z - [32minfo[39m: Current opened pages, from most-to-least recent:
2026-07-28T16:33:12.926Z - [32minfo[39m: 1. schedule/week6/topics
2026-07-28T16:33:12.926Z - [32minfo[39m: [00:33:12] Reload for file change: /Users/damithch/Repos/nus-cs2103/cs2103-website-base/book/_site/oop/inheritance/overloading/unit-inElsewhere-asFlat._include_.html
2026-07-28T16:33:12.926Z - [32minfo[39m: Synchronizing opened pages list before reload
2026-07-28T16:33:12.926Z - [32minfo[39m: Current opened pages, from most-to-least recent:
2026-07-28T16:33:12.926Z - [32minfo[39m: 1. schedule/week6/topics
2026-07-28T16:33:12.926Z - [32minfo[39m: [00:33:12] Reload for file change: /Users/damithch/Repos/nus-cs2103/cs2103-website-base/book/_site/errorHandling/assertions/when/unit-inElsewhere-asFlat._include_.html
2026-07-28T16:33:12.926Z - [32minfo[39m: Synchronizing opened pages list before reload
2026-07-28T16:33:12.926Z - [32minfo[39m: Current opened pages, from most-to-least recent:
2026-07-28T16:33:12.926Z - [32minfo[39m: 1. schedule/week6/topics
2026-07-28T16:33:12.926Z - [32minfo[39m: [00:33:12] Reload for file change: /Users/damithch/Repos/nus-cs2103/cs2103-website-base/book/_site/errorHandling/exceptions/how/unit-inElsewhere-asFlat._include_.html
2026-07-28T16:33:12.926Z - [32minfo[39m: Synchronizing opened pages list before reload
2026-07-28T16:33:12.926Z - [32minfo[39m: Current opened pages, from most-to-least recent:
2026-07-28T16:33:12.926Z - [32minfo[39m: 1. schedule/week6/topics
2026-07-28T16:33:12.926Z - [32minfo[39m: [00:33:12] Reload for file change: /Users/damithch/Repos/nus-cs2103/cs2103-website-base/book/_site/errorHandling/logging/what/unit-inElsewhere-asFlat._include_.html
2026-07-28T16:33:12.926Z - [32minfo[39m: Synchronizing opened pages list before reload
2026-07-28T16:33:12.926Z - [32minfo[39m: Current opened pages, from most-to-least recent:
2026-07-28T16:33:12.926Z - [32minfo[39m: 1. schedule/week6/topics
2026-07-28T16:33:12.926Z - [32minfo[39m: [00:33:12] Reload for file change: /Users/damithch/Repos/nus-cs2103/cs2103-website-base/book/_site/designPatterns/more/vsPrinciples/unit-inElsewhere-asFlat._include_.html
2026-07-28T16:33:12.926Z - [32minfo[39m: Synchronizing opened pages list before reload
2026-07-28T16:33:12.926Z - [32minfo[39m: Current opened pages, from most-to-least recent:
2026-07-28T16:33:12.926Z - [32minfo[39m: 1. schedule/week6/topics
2026-07-28T16:33:12.926Z - [32minfo[39m: [00:33:12] Reload for file change: /Users/damithch/Repos/nus-cs2103/cs2103-website-base/book/_site/oop/associations/associationClasses/unit-inElsewhere-asFlat._include_.html
2026-07-28T16:33:12.926Z - [32minfo[39m: Synchronizing opened pages list before reload
2026-07-28T16:33:12.926Z - [32minfo[39m: Current opened pages, from most-to-least recent:
2026-07-28T16:33:12.926Z - [32minfo[39m: 1. schedule/week6/topics
2026-07-28T16:33:12.926Z - [32minfo[39m: [00:33:12] Reload for file change: /Users/damithch/Repos/nus-cs2103/cs2103-website-base/book/_site/errorHandling/defensiveProgramming/1to1Associations/unit-inElsewhere-asFlat._include_.html
2026-07-28T16:33:12.926Z - [32minfo[39m: Synchronizing opened pages list before reload
2026-07-28T16:33:12.926Z - [32minfo[39m: Current opened pages, from most-to-least recent:
2026-07-28T16:33:12.926Z - [32minfo[39m: 1. schedule/week6/topics
2026-07-28T16:33:12.926Z - [32minfo[39m: [00:33:12] Reload for file change: /Users/damithch/Repos/nus-cs2103/cs2103-website-base/book/_site/integration/approaches/lateVsEarly/unit-inElsewhere-asFlat._include_.html
2026-07-28T16:33:12.926Z - [32minfo[39m: Synchronizing opened pages list before reload
2026-07-28T16:33:12.926Z - [32minfo[39m: Current opened pages, from most-to-least recent:
2026-07-28T16:33:12.926Z - [32minfo[39m: 1. schedule/week6/topics
2026-07-28T16:33:12.926Z - [32minfo[39m: [00:33:12] Reload for file change: /Users/damithch/Repos/nus-cs2103/cs2103-website-base/book/_site/designFundamentals/cohesion/how/unit-inElsewhere-asFlat._include_.html
2026-07-28T16:33:12.926Z - [32minfo[39m: Synchronizing opened pages list before reload
2026-07-28T16:33:12.926Z - [32minfo[39m: Current opened pages, from most-to-least recent:
2026-07-28T16:33:12.926Z - [32minfo[39m: 1. schedule/week6/topics
2026-07-28T16:33:12.926Z - [32minfo[39m: [00:33:12] Reload for file change: /Users/damithch/Repos/nus-cs2103/cs2103-website-base/book/_site/oop/objects/what/unit-inElsewhere-asFlat._include_.html
2026-07-28T16:33:12.926Z - [32minfo[39m: Synchronizing opened pages list before reload
2026-07-28T16:33:12.926Z - [32minfo[39m: Current opened pages, from most-to-least recent:
2026-07-28T16:33:12.926Z - [32minfo[39m: 1. schedule/week6/topics
2026-07-28T16:33:12.926Z - [32minfo[39m: [00:33:12] Reload for file change: /Users/damithch/Repos/nus-cs2103/cs2103-website-base/book/_site/oop/objects/abstraction/unit-inElsewhere-asFlat._include_.html
2026-07-28T16:33:12.926Z - [32minfo[39m: Synchronizing opened pages list before reload
2026-07-28T16:33:12.926Z - [32minfo[39m: Current opened pages, from most-to-least recent:
2026-07-28T16:33:12.926Z - [32minfo[39m: 1. schedule/week6/topics
2026-07-28T16:33:12.926Z - [32minfo[39m: [00:33:12] Reload for file change: /Users/damithch/Repos/nus-cs2103/cs2103-website-base/book/_site/oop/more/review/unit-inElsewhere-asFlat._include_.html
2026-07-28T16:33:12.927Z - [32minfo[39m: Synchronizing opened pages list before reload
2026-07-28T16:33:12.927Z - [32minfo[39m: Current opened pages, from most-to-least recent:
2026-07-28T16:33:12.927Z - [32minfo[39m: 1. schedule/week6/topics
2026-07-28T16:33:12.927Z - [32minfo[39m: [00:33:12] Reload for file change: /Users/damithch/Repos/nus-cs2103/cs2103-website-base/book/_site/errorHandling/defensiveProgramming/when/unit-inElsewhere-asFlat._include_.html
2026-07-28T16:33:12.927Z - [32minfo[39m: Synchronizing opened pages list before reload
2026-07-28T16:33:12.927Z - [32minfo[39m: Current opened pages, from most-to-least recent:
2026-07-28T16:33:12.927Z - [32minfo[39m: 1. schedule/week6/topics
2026-07-28T16:33:12.927Z - [32minfo[39m: [00:33:12] Reload for file change: /Users/damithch/Repos/nus-cs2103/cs2103-website-base/book/_site/integration/approaches/bigBangVsIncremental/unit-inElsewhere-asFlat._include_.html
2026-07-28T16:33:12.927Z - [32minfo[39m: Synchronizing opened pages list before reload
2026-07-28T16:33:12.927Z - [32minfo[39m: Current opened pages, from most-to-least recent:
2026-07-28T16:33:12.927Z - [32minfo[39m: 1. schedule/week6/topics
2026-07-28T16:33:12.927Z - [32minfo[39m: [00:33:12] Reload for file change: /Users/damithch/Repos/nus-cs2103/cs2103-website-base/book/_site/integration/buildAutomation/what/unit-inElsewhere-asFlat._include_.html
2026-07-28T16:33:12.927Z - [32minfo[39m: Synchronizing opened pages list before reload
2026-07-28T16:33:12.927Z - [32minfo[39m: Current opened pages, from most-to-least recent:
2026-07-28T16:33:12.927Z - [32minfo[39m: 1. schedule/week6/topics
2026-07-28T16:33:12.927Z - [32minfo[39m: [00:33:12] Reload for file change: /Users/damithch/Repos/nus-cs2103/cs2103-website-base/book/_site/oop/associations/multiplicity/unit-inElsewhere-asFlat._include_.html
2026-07-28T16:33:12.927Z - [32minfo[39m: Synchronizing opened pages list before reload
2026-07-28T16:33:12.927Z - [32minfo[39m: Current opened pages, from most-to-least recent:
2026-07-28T16:33:12.927Z - [32minfo[39m: 1. schedule/week6/topics
2026-07-28T16:33:12.927Z - [32minfo[39m: [00:33:12] Reload for file change: /Users/damithch/Repos/nus-cs2103/cs2103-website-base/book/_site/designPatterns/more/combiningDesignPatterns/unit-inElsewhere-asFlat._include_.html
2026-07-28T16:33:12.927Z - [32minfo[39m: Synchronizing opened pages list before reload
2026-07-28T16:33:12.927Z - [32minfo[39m: Current opened pages, from most-to-least recent:
2026-07-28T16:33:12.927Z - [32minfo[39m: 1. schedule/week6/topics
2026-07-28T16:33:12.927Z - [32minfo[39m: [00:33:12] Reload for file change: /Users/damithch/Repos/nus-cs2103/cs2103-website-base/book/_site/modeling/modelingStructures/classDiagramsBasic/unit-inElsewhere-asFlat._include_.html
2026-07-28T16:33:12.927Z - [32minfo[39m: Synchronizing opened pages list before reload
2026-07-28T16:33:12.927Z - [32minfo[39m: Current opened pages, from most-to-least recent:
2026-07-28T16:33:12.927Z - [32minfo[39m: 1. schedule/week6/topics
2026-07-28T16:33:12.927Z - [32minfo[39m: [00:33:12] Reload for file change: /Users/damithch/Repos/nus-cs2103/cs2103-website-base/book/_site/errorHandling/introduction/what/unit-inElsewhere-asFlat._include_.html
2026-07-28T16:33:12.927Z - [32minfo[39m: Synchronizing opened pages list before reload
2026-07-28T16:33:12.927Z - [32minfo[39m: Current opened pages, from most-to-least recent:
2026-07-28T16:33:12.927Z - [32minfo[39m: 1. schedule/week6/topics
2026-07-28T16:33:12.927Z - [32minfo[39m: [00:33:12] Reload for file change: /Users/damithch/Repos/nus-cs2103/cs2103-website-base/book/_site/modeling/modelingASolution/intermediate/unit-inElsewhere-asFlat._include_.html
2026-07-28T16:33:12.927Z - [32minfo[39m: Synchronizing opened pages list before reload
2026-07-28T16:33:12.927Z - [32minfo[39m: Current opened pages, from most-to-least recent:
2026-07-28T16:33:12.927Z - [32minfo[39m: 1. schedule/week6/topics
2026-07-28T16:33:12.927Z - [32minfo[39m: [00:33:12] Reload for file change: /Users/damithch/Repos/nus-cs2103/cs2103-website-base/book/_site/oop/classes/enumerations/unit-inElsewhere-asFlat._include_.html
2026-07-28T16:33:12.927Z - [32minfo[39m: Synchronizing opened pages list before reload
2026-07-28T16:33:12.927Z - [32minfo[39m: Current opened pages, from most-to-least recent:
2026-07-28T16:33:12.927Z - [32minfo[39m: 1. schedule/week6/topics
2026-07-28T16:33:12.927Z - [32minfo[39m: [00:33:12] Reload for file change: /Users/damithch/Repos/nus-cs2103/cs2103-website-base/book/_site/oop/inheritance/dynamicAndStaticBinding/unit-inElsewhere-asFlat._include_.html
2026-07-28T16:33:12.927Z - [32minfo[39m: Synchronizing opened pages list before reload
2026-07-28T16:33:12.927Z - [32minfo[39m: Current opened pages, from most-to-least recent:
2026-07-28T16:33:12.927Z - [32minfo[39m: 1. schedule/week6/topics
2026-07-28T16:33:12.927Z - [32minfo[39m: [00:33:12] Reload for file change: /Users/damithch/Repos/nus-cs2103/cs2103-website-base/book/_site/oop/associations/aggregation/unit-inElsewhere-asFlat._include_.html
2026-07-28T16:33:12.927Z - [32minfo[39m: Synchronizing opened pages list before reload
2026-07-28T16:33:12.927Z - [32minfo[39m: Current opened pages, from most-to-least recent:
2026-07-28T16:33:12.927Z - [32minfo[39m: 1. schedule/week6/topics
2026-07-28T16:33:12.927Z - [32minfo[39m: [00:33:12] Reload for file change: /Users/damithch/Repos/nus-cs2103/cs2103-website-base/book/_site/modeling/modelingStructures/classDiagramsIntermediate/unit-inElsewhere-asFlat._include_.html
2026-07-28T16:33:12.927Z - [32minfo[39m: Synchronizing opened pages list before reload
2026-07-28T16:33:12.927Z - [32minfo[39m: Current opened pages, from most-to-least recent:
2026-07-28T16:33:12.927Z - [32minfo[39m: 1. schedule/week6/topics
2026-07-28T16:33:12.927Z - [32minfo[39m: [00:33:12] Reload for file change: /Users/damithch/Repos/nus-cs2103/cs2103-website-base/book/_site/modeling/modelingBehaviors/activityDiagrams/unit-inElsewhere-asFlat._include_.html
2026-07-28T16:33:12.927Z - [32minfo[39m: Synchronizing opened pages list before reload
2026-07-28T16:33:12.927Z - [32minfo[39m: Current opened pages, from most-to-least recent:
2026-07-28T16:33:12.927Z - [32minfo[39m: 1. schedule/week6/topics
2026-07-28T16:33:12.927Z - [32minfo[39m: [00:33:12] Reload for file change: /Users/damithch/Repos/nus-cs2103/cs2103-website-base/book/_site/integration/approaches/topDownVsBottomUp/unit-inElsewhere-asFlat._include_.html
2026-07-28T16:33:12.927Z - [32minfo[39m: Synchronizing opened pages list before reload
2026-07-28T16:33:12.927Z - [32minfo[39m: Current opened pages, from most-to-least recent:
2026-07-28T16:33:12.927Z - [32minfo[39m: 1. schedule/week6/topics
2026-07-28T16:33:12.927Z - [32minfo[39m: [00:33:12] Reload for file change: /Users/damithch/Repos/nus-cs2103/cs2103-website-base/book/_site/oop/polymorphism/how/unit-inElsewhere-asFlat._include_.html
2026-07-28T16:33:12.927Z - [32minfo[39m: Synchronizing opened pages list before reload
2026-07-28T16:33:12.927Z - [32minfo[39m: Current opened pages, from most-to-least recent:
2026-07-28T16:33:12.927Z - [32minfo[39m: 1. schedule/week6/topics
2026-07-28T16:33:12.928Z - [32minfo[39m: [00:33:12] Reload for file change: /Users/damithch/Repos/nus-cs2103/cs2103-website-base/book/_site/designPatterns/modelViewController/what/unit-inElsewhere-asFlat._include_.html
2026-07-28T16:33:12.928Z - [32minfo[39m: Synchronizing opened pages list before reload
2026-07-28T16:33:12.928Z - [32minfo[39m: Current opened pages, from most-to-least recent:
2026-07-28T16:33:12.928Z - [32minfo[39m: 1. schedule/week6/topics
2026-07-28T16:33:12.928Z - [32minfo[39m: [00:33:12] Reload for file change: /Users/damithch/Repos/nus-cs2103/cs2103-website-base/book/_site/modeling/modelingStructures/classDiagramsAdvanced/unit-inElsewhere-asFlat._include_.html
2026-07-28T16:33:12.928Z - [32minfo[39m: Synchronizing opened pages list before reload
2026-07-28T16:33:12.928Z - [32minfo[39m: Current opened pages, from most-to-least recent:
2026-07-28T16:33:12.928Z - [32minfo[39m: 1. schedule/week6/topics
2026-07-28T16:33:12.928Z - [32minfo[39m: [00:33:12] Reload for file change: /Users/damithch/Repos/nus-cs2103/cs2103-website-base/book/_site/oop/associations/composition/unit-inElsewhere-asFlat._include_.html
2026-07-28T16:33:12.928Z - [32minfo[39m: Synchronizing opened pages list before reload
2026-07-28T16:33:12.928Z - [32minfo[39m: Current opened pages, from most-to-least recent:
2026-07-28T16:33:12.928Z - [32minfo[39m: 1. schedule/week6/topics
2026-07-28T16:33:12.928Z - [32minfo[39m: [00:33:12] Reload for file change: /Users/damithch/Repos/nus-cs2103/cs2103-website-base/book/_site/integration/introduction/what/unit-inElsewhere-asFlat._include_.html
2026-07-28T16:33:12.928Z - [32minfo[39m: Synchronizing opened pages list before reload
2026-07-28T16:33:12.928Z - [32minfo[39m: Current opened pages, from most-to-least recent:
2026-07-28T16:33:12.928Z - [32minfo[39m: 1. schedule/week6/topics
2026-07-28T16:33:12.928Z - [32minfo[39m: [00:33:12] Reload for file change: /Users/damithch/Repos/nus-cs2103/cs2103-website-base/book/_site/modeling/introduction/how/unit-inElsewhere-asFlat._include_.html
2026-07-28T16:33:12.928Z - [32minfo[39m: Synchronizing opened pages list before reload
2026-07-28T16:33:12.928Z - [32minfo[39m: Current opened pages, from most-to-least recent:
2026-07-28T16:33:12.928Z - [32minfo[39m: 1. schedule/week6/topics
2026-07-28T16:33:12.928Z - [32minfo[39m: [00:33:12] Reload for file change: /Users/damithch/Repos/nus-cs2103/cs2103-website-base/book/_site/modeling/modelingBehaviors/communicationDiagrams/unit-inElsewhere-asFlat._include_.html
2026-07-28T16:33:12.928Z - [32minfo[39m: Synchronizing opened pages list before reload
2026-07-28T16:33:12.928Z - [32minfo[39m: Current opened pages, from most-to-least recent:
2026-07-28T16:33:12.928Z - [32minfo[39m: 1. schedule/week6/topics
2026-07-28T16:33:12.928Z - [32minfo[39m: [00:33:12] Reload for file change: /Users/damithch/Repos/nus-cs2103/cs2103-website-base/book/_site/modeling/modelingStructures/componentDiagrams/unit-inElsewhere-asFlat._include_.html
2026-07-28T16:33:12.928Z - [32minfo[39m: Synchronizing opened pages list before reload
2026-07-28T16:33:12.928Z - [32minfo[39m: Current opened pages, from most-to-least recent:
2026-07-28T16:33:12.928Z - [32minfo[39m: 1. schedule/week6/topics
2026-07-28T16:33:12.928Z - [32minfo[39m: [00:33:12] Reload for file change: /Users/damithch/Repos/nus-cs2103/cs2103-website-base/book/_site/modeling/introduction/umlModels/unit-inElsewhere-asFlat._include_.html
2026-07-28T16:33:12.928Z - [32minfo[39m: Synchronizing opened pages list before reload
2026-07-28T16:33:12.928Z - [32minfo[39m: Current opened pages, from most-to-least recent:
2026-07-28T16:33:12.928Z - [32minfo[39m: 1. schedule/week6/topics
2026-07-28T16:33:12.928Z - [32minfo[39m: [00:33:12] Reload for file change: /Users/damithch/Repos/nus-cs2103/cs2103-website-base/book/_site/modeling/modelingStructures/packageDiagrams/unit-inElsewhere-asFlat._include_.html
2026-07-28T16:33:12.928Z - [32minfo[39m: Synchronizing opened pages list before reload
2026-07-28T16:33:12.928Z - [32minfo[39m: Current opened pages, from most-to-least recent:
2026-07-28T16:33:12.928Z - [32minfo[39m: 1. schedule/week6/topics
2026-07-28T16:33:12.928Z - [32minfo[39m: [00:33:12] Reload for file change: /Users/damithch/Repos/nus-cs2103/cs2103-website-base/book/_site/modeling/introduction/what/unit-inElsewhere-asFlat._include_.html
2026-07-28T16:33:12.928Z - [32minfo[39m: Synchronizing opened pages list before reload
2026-07-28T16:33:12.928Z - [32minfo[39m: Current opened pages, from most-to-least recent:
2026-07-28T16:33:12.928Z - [32minfo[39m: 1. schedule/week6/topics
2026-07-28T16:33:12.928Z - [32minfo[39m: [00:33:12] Reload for file change: /Users/damithch/Repos/nus-cs2103/cs2103-website-base/book/_site/modeling/modelingStructures/deploymentDiagrams/unit-inElsewhere-asFlat._include_.html
2026-07-28T16:33:12.928Z - [32minfo[39m: Synchronizing opened pages list before reload
2026-07-28T16:33:12.928Z - [32minfo[39m: Current opened pages, from most-to-least recent:
2026-07-28T16:33:12.928Z - [32minfo[39m: 1. schedule/week6/topics
2026-07-28T16:33:12.928Z - [32minfo[39m: [00:33:12] Reload for file change: /Users/damithch/Repos/nus-cs2103/cs2103-website-base/book/_site/oop/inheritance/substitutability/unit-inElsewhere-asFlat._include_.html
2026-07-28T16:33:12.928Z - [32minfo[39m: Synchronizing opened pages list before reload
2026-07-28T16:33:12.929Z - [32minfo[39m: Current opened pages, from most-to-least recent:
2026-07-28T16:33:12.929Z - [32minfo[39m: 1. schedule/week6/topics
2026-07-28T16:33:12.929Z - [32minfo[39m: [00:33:12] Reload for file change: /Users/damithch/Repos/nus-cs2103/cs2103-website-base/book/_site/reuse/apis/what/unit-inElsewhere-asFlat._include_.html
2026-07-28T16:33:12.929Z - [32minfo[39m: Synchronizing opened pages list before reload
2026-07-28T16:33:12.929Z - [32minfo[39m: Current opened pages, from most-to-least recent:
2026-07-28T16:33:12.929Z - [32minfo[39m: 1. schedule/week6/topics
2026-07-28T16:33:12.929Z - [32minfo[39m: [00:33:12] Reload for file change: /Users/damithch/Repos/nus-cs2103/cs2103-website-base/book/_site/modeling/modelingASolution/basic/unit-inElsewhere-asFlat._include_.html
2026-07-28T16:33:12.929Z - [32minfo[39m: Synchronizing opened pages list before reload
2026-07-28T16:33:12.929Z - [32minfo[39m: Current opened pages, from most-to-least recent:
2026-07-28T16:33:12.929Z - [32minfo[39m: 1. schedule/week6/topics
2026-07-28T16:33:12.929Z - [32minfo[39m: [00:33:12] Reload for file change: /Users/damithch/Repos/nus-cs2103/cs2103-website-base/book/_site/oop/inheritance/interfaces/unit-inElsewhere-asFlat._include_.html
2026-07-28T16:33:12.929Z - [32minfo[39m: Synchronizing opened pages list before reload
2026-07-28T16:33:12.929Z - [32minfo[39m: Current opened pages, from most-to-least recent:
2026-07-28T16:33:12.929Z - [32minfo[39m: 1. schedule/week6/topics
2026-07-28T16:33:12.929Z - [32minfo[39m: [00:33:12] Reload for file change: /Users/damithch/Repos/nus-cs2103/cs2103-website-base/book/_site/modeling/modelingASolution/introduction/unit-inElsewhere-asFlat._include_.html
2026-07-28T16:33:12.929Z - [32minfo[39m: Synchronizing opened pages list before reload
2026-07-28T16:33:12.929Z - [32minfo[39m: Current opened pages, from most-to-least recent:
2026-07-28T16:33:12.929Z - [32minfo[39m: 1. schedule/week6/topics
2026-07-28T16:33:12.929Z - [32minfo[39m: [00:33:12] Reload for file change: /Users/damithch/Repos/nus-cs2103/cs2103-website-base/book/_site/ides/introduction/what/unit-inElsewhere-asFlat._include_.html
2026-07-28T16:33:12.929Z - [32minfo[39m: Synchronizing opened pages list before reload
2026-07-28T16:33:12.929Z - [32minfo[39m: Current opened pages, from most-to-least recent:
2026-07-28T16:33:12.929Z - [32minfo[39m: 1. schedule/week6/topics
2026-07-28T16:33:12.929Z - [32minfo[39m: [00:33:12] Reload for file change: /Users/damithch/Repos/nus-cs2103/cs2103-website-base/book/_site/ides/debugging/what/unit-inElsewhere-asFlat._include_.html
2026-07-28T16:33:12.929Z - [32minfo[39m: Synchronizing opened pages list before reload
2026-07-28T16:33:12.929Z - [32minfo[39m: Current opened pages, from most-to-least recent:
2026-07-28T16:33:12.929Z - [32minfo[39m: 1. schedule/week6/topics
2026-07-28T16:33:12.929Z - [32minfo[39m: [00:33:12] Reload for file change: /Users/damithch/Repos/nus-cs2103/cs2103-website-base/book/_site/modeling/modelingBehaviors/sequenceDiagramsAdvanced/unit-inElsewhere-asFlat._include_.html
2026-07-28T16:33:12.929Z - [32minfo[39m: Synchronizing opened pages list before reload
2026-07-28T16:33:12.929Z - [32minfo[39m: Current opened pages, from most-to-least recent:
2026-07-28T16:33:12.929Z - [32minfo[39m: 1. schedule/week6/topics
2026-07-28T16:33:12.929Z - [32minfo[39m: [00:33:12] Reload for file change: /Users/damithch/Repos/nus-cs2103/cs2103-website-base/book/_site/modeling/modelingBehaviors/timingDiagrams/unit-inElsewhere-asFlat._include_.html
2026-07-28T16:33:12.929Z - [32minfo[39m: Synchronizing opened pages list before reload
2026-07-28T16:33:12.929Z - [32minfo[39m: Current opened pages, from most-to-least recent:
2026-07-28T16:33:12.929Z - [32minfo[39m: 1. schedule/week6/topics
2026-07-28T16:33:12.929Z - [32minfo[39m: [00:33:12] Reload for file change: /Users/damithch/Repos/nus-cs2103/cs2103-website-base/book/_site/specifyingRequirements/useCases/details/unit-inElsewhere-asFlat._include_.html
2026-07-28T16:33:12.929Z - [32minfo[39m: Synchronizing opened pages list before reload
2026-07-28T16:33:12.929Z - [32minfo[39m: Current opened pages, from most-to-least recent:
2026-07-28T16:33:12.929Z - [32minfo[39m: 1. schedule/week6/topics
2026-07-28T16:33:12.929Z - [32minfo[39m: [00:33:12] Reload for file change: /Users/damithch/Repos/nus-cs2103/cs2103-website-base/book/_site/reuse/apis/designingAPIs/unit-inElsewhere-asFlat._include_.html
2026-07-28T16:33:12.929Z - [32minfo[39m: Synchronizing opened pages list before reload
2026-07-28T16:33:12.929Z - [32minfo[39m: Current opened pages, from most-to-least recent:
2026-07-28T16:33:12.929Z - [32minfo[39m: 1. schedule/week6/topics
2026-07-28T16:33:12.929Z - [32minfo[39m: [00:33:12] Reload for file change: /Users/damithch/Repos/nus-cs2103/cs2103-website-base/book/_site/modeling/modelingBehaviors/sequenceDiagramsBasic/unit-inElsewhere-asFlat._include_.html
2026-07-28T16:33:12.929Z - [32minfo[39m: Synchronizing opened pages list before reload
2026-07-28T16:33:12.929Z - [32minfo[39m: Current opened pages, from most-to-least recent:
2026-07-28T16:33:12.929Z - [32minfo[39m: 1. schedule/week6/topics
2026-07-28T16:33:12.929Z - [32minfo[39m: [00:33:12] Reload for file change: /Users/damithch/Repos/nus-cs2103/cs2103-website-base/book/_site/modeling/modelingBehaviors/stateMachineDiagrams/unit-inElsewhere-asFlat._include_.html
2026-07-28T16:33:12.929Z - [32minfo[39m: Synchronizing opened pages list before reload
2026-07-28T16:33:12.929Z - [32minfo[39m: Current opened pages, from most-to-least recent:
2026-07-28T16:33:12.929Z - [32minfo[39m: 1. schedule/week6/topics
2026-07-28T16:33:12.929Z - [32minfo[39m: [00:33:12] Reload for file change: /Users/damithch/Repos/nus-cs2103/cs2103-website-base/book/_site/errorHandling/defensiveProgramming/what/unit-inElsewhere-asFlat._include_.html
2026-07-28T16:33:12.929Z - [32minfo[39m: Synchronizing opened pages list before reload
2026-07-28T16:33:12.929Z - [32minfo[39m: Current opened pages, from most-to-least recent:
2026-07-28T16:33:12.929Z - [32minfo[39m: 1. schedule/week6/topics
2026-07-28T16:33:12.929Z - [32minfo[39m: [00:33:12] Reload for file change: /Users/damithch/Repos/nus-cs2103/cs2103-website-base/book/_site/oop/more/miscellaneous/unit-inElsewhere-asFlat._include_.html
2026-07-28T16:33:12.929Z - [32minfo[39m: Synchronizing opened pages list before reload
2026-07-28T16:33:12.929Z - [32minfo[39m: Current opened pages, from most-to-least recent:
2026-07-28T16:33:12.929Z - [32minfo[39m: 1. schedule/week6/topics
2026-07-28T16:33:12.929Z - [32minfo[39m: [00:33:12] Reload for file change: /Users/damithch/Repos/nus-cs2103/cs2103-website-base/book/_site/specifyingRequirements/glossary/what/unit-inElsewhere-asFlat._include_.html
2026-07-28T16:33:12.929Z - [32minfo[39m: Synchronizing opened pages list before reload
2026-07-28T16:33:12.929Z - [32minfo[39m: Current opened pages, from most-to-least recent:
2026-07-28T16:33:12.929Z - [32minfo[39m: 1. schedule/week6/topics
2026-07-28T16:33:12.929Z - [32minfo[39m: [00:33:12] Reload for file change: /Users/damithch/Repos/nus-cs2103/cs2103-website-base/book/_site/reuse/frameworks/what/unit-inElsewhere-asFlat._include_.html
2026-07-28T16:33:12.929Z - [32minfo[39m: Synchronizing opened pages list before reload
2026-07-28T16:33:12.929Z - [32minfo[39m: Current opened pages, from most-to-least recent:
2026-07-28T16:33:12.929Z - [32minfo[39m: 1. schedule/week6/topics
2026-07-28T16:33:12.929Z - [32minfo[39m: [00:33:12] Reload for file change: /Users/damithch/Repos/nus-cs2103/cs2103-website-base/book/_site/reuse/platforms/what/unit-inElsewhere-asFlat._include_.html
2026-07-28T16:33:12.929Z - [32minfo[39m: Synchronizing opened pages list before reload
2026-07-28T16:33:12.929Z - [32minfo[39m: Current opened pages, from most-to-least recent:
2026-07-28T16:33:12.929Z - [32minfo[39m: 1. schedule/week6/topics
2026-07-28T16:33:12.929Z - [32minfo[39m: [00:33:12] Reload for file change: /Users/damithch/Repos/nus-cs2103/cs2103-website-base/book/_site/processModels/exampleProcessModels/xp/unit-inElsewhere-asFlat._include_.html
2026-07-28T16:33:12.929Z - [32minfo[39m: Synchronizing opened pages list before reload
2026-07-28T16:33:12.929Z - [32minfo[39m: Current opened pages, from most-to-least recent:
2026-07-28T16:33:12.929Z - [32minfo[39m: 1. schedule/week6/topics
2026-07-28T16:33:12.930Z - [32minfo[39m: [00:33:12] Reload for file change: /Users/damithch/Repos/nus-cs2103/cs2103-website-base/book/_site/processModels/introduction/what/unit-inElsewhere-asFlat._include_.html
2026-07-28T16:33:12.930Z - [32minfo[39m: Synchronizing opened pages list before reload
2026-07-28T16:33:12.930Z - [32minfo[39m: Current opened pages, from most-to-least recent:
2026-07-28T16:33:12.930Z - [32minfo[39m: 1. schedule/week6/topics
2026-07-28T16:33:12.930Z - [32minfo[39m: [00:33:12] Reload for file change: /Users/damithch/Repos/nus-cs2103/cs2103-website-base/book/_site/reuse/frameworks/frameworksVsLibraries/unit-inElsewhere-asFlat._include_.html
2026-07-28T16:33:12.930Z - [32minfo[39m: Synchronizing opened pages list before reload
2026-07-28T16:33:12.930Z - [32minfo[39m: Current opened pages, from most-to-least recent:
2026-07-28T16:33:12.930Z - [32minfo[39m: 1. schedule/week6/topics
2026-07-28T16:33:12.930Z - [32minfo[39m: [00:33:12] Reload for file change: /Users/damithch/Repos/nus-cs2103/cs2103-website-base/book/_site/designFundamentals/coupling/types/unit-inElsewhere-asFlat._include_.html
2026-07-28T16:33:12.930Z - [32minfo[39m: Synchronizing opened pages list before reload
2026-07-28T16:33:12.930Z - [32minfo[39m: Current opened pages, from most-to-least recent:
2026-07-28T16:33:12.930Z - [32minfo[39m: 1. schedule/week6/topics
2026-07-28T16:33:12.930Z - [32minfo[39m: [00:33:12] Reload for file change: /Users/damithch/Repos/nus-cs2103/cs2103-website-base/book/_site/specifyingRequirements/useCases/introduction/unit-inElsewhere-asFlat._include_.html
2026-07-28T16:33:12.930Z - [32minfo[39m: Synchronizing opened pages list before reload
2026-07-28T16:33:12.930Z - [32minfo[39m: Current opened pages, from most-to-least recent:
2026-07-28T16:33:12.930Z - [32minfo[39m: 1. schedule/week6/topics
2026-07-28T16:33:12.930Z - [32minfo[39m: [00:33:12] Reload for file change: /Users/damithch/Repos/nus-cs2103/cs2103-website-base/book/_site/reuse/introduction/when/unit-inElsewhere-asFlat._include_.html
2026-07-28T16:33:12.930Z - [32minfo[39m: Synchronizing opened pages list before reload
2026-07-28T16:33:12.930Z - [32minfo[39m: Current opened pages, from most-to-least recent:
2026-07-28T16:33:12.930Z - [32minfo[39m: 1. schedule/week6/topics
2026-07-28T16:33:12.930Z - [32minfo[39m: [00:33:12] Reload for file change: /Users/damithch/Repos/nus-cs2103/cs2103-website-base/book/_site/qualityAssurance/introduction/what/unit-inElsewhere-asFlat._include_.html
2026-07-28T16:33:12.930Z - [32minfo[39m: Synchronizing opened pages list before reload
2026-07-28T16:33:12.930Z - [32minfo[39m: Current opened pages, from most-to-least recent:
2026-07-28T16:33:12.930Z - [32minfo[39m: 1. schedule/week6/topics
2026-07-28T16:33:12.930Z - [32minfo[39m: [00:33:12] Reload for file change: /Users/damithch/Repos/nus-cs2103/cs2103-website-base/book/_site/errorHandling/defensiveProgramming/compulsoryAssociations/unit-inElsewhere-asFlat._include_.html
2026-07-28T16:33:12.930Z - [32minfo[39m: Synchronizing opened pages list before reload
2026-07-28T16:33:12.930Z - [32minfo[39m: Current opened pages, from most-to-least recent:
2026-07-28T16:33:12.930Z - [32minfo[39m: 1. schedule/week6/topics
2026-07-28T16:33:12.930Z - [32minfo[39m: [00:33:12] Reload for file change: /Users/damithch/Repos/nus-cs2103/cs2103-website-base/book/_site/uml/notes/constraints/unit-inElsewhere-asFlat._include_.html
2026-07-28T16:33:12.930Z - [32minfo[39m: Synchronizing opened pages list before reload
2026-07-28T16:33:12.930Z - [32minfo[39m: Current opened pages, from most-to-least recent:
2026-07-28T16:33:12.930Z - [32minfo[39m: 1. schedule/week6/topics
2026-07-28T16:33:12.930Z - [32minfo[39m: [00:33:12] Reload for file change: /Users/damithch/Repos/nus-cs2103/cs2103-website-base/book/_site/uml/sequenceDiagrams/objectCreation/unit-inElsewhere-asFlat._include_.html
2026-07-28T16:33:12.930Z - [32minfo[39m: Synchronizing opened pages list before reload
2026-07-28T16:33:12.930Z - [32minfo[39m: Current opened pages, from most-to-least recent:
2026-07-28T16:33:12.930Z - [32minfo[39m: 1. schedule/week6/topics
2026-07-28T16:33:12.930Z - [32minfo[39m: [00:33:12] Reload for file change: /Users/damithch/Repos/nus-cs2103/cs2103-website-base/book/_site/testCaseDesign/combiningTestInputs/heuristicValid/unit-inElsewhere-asFlat._include_.html
2026-07-28T16:33:12.930Z - [32minfo[39m: Synchronizing opened pages list before reload
2026-07-28T16:33:12.930Z - [32minfo[39m: Current opened pages, from most-to-least recent:
2026-07-28T16:33:12.930Z - [32minfo[39m: 1. schedule/week6/topics
2026-07-28T16:33:12.930Z - [32minfo[39m: [00:33:12] Reload for file change: /Users/damithch/Repos/nus-cs2103/cs2103-website-base/book/_site/modeling/modelingBehaviors/sequenceDiagramsIntermediate/unit-inElsewhere-asFlat._include_.html
2026-07-28T16:33:12.930Z - [32minfo[39m: Synchronizing opened pages list before reload
2026-07-28T16:33:12.930Z - [32minfo[39m: Current opened pages, from most-to-least recent:
2026-07-28T16:33:12.930Z - [32minfo[39m: 1. schedule/week6/topics
2026-07-28T16:33:12.930Z - [32minfo[39m: [00:33:12] Reload for file change: /Users/damithch/Repos/nus-cs2103/cs2103-website-base/book/_site/errorHandling/defensiveProgramming/referentialIntegrity/unit-inElsewhere-asFlat._include_.html
2026-07-28T16:33:12.930Z - [32minfo[39m: Synchronizing opened pages list before reload
2026-07-28T16:33:12.930Z - [32minfo[39m: Current opened pages, from most-to-least recent:
2026-07-28T16:33:12.930Z - [32minfo[39m: 1. schedule/week6/topics
2026-07-28T16:33:12.930Z - [32minfo[39m: [00:33:12] Reload for file change: /Users/damithch/Repos/nus-cs2103/cs2103-website-base/book/_site/testCaseDesign/boundaryValueAnalysis/how/unit-inElsewhere-asFlat._include_.html
2026-07-28T16:33:12.930Z - [32minfo[39m: Synchronizing opened pages list before reload
2026-07-28T16:33:12.930Z - [32minfo[39m: Current opened pages, from most-to-least recent:
2026-07-28T16:33:12.930Z - [32minfo[39m: 1. schedule/week6/topics
2026-07-28T16:33:12.930Z - [32minfo[39m: [00:33:12] Reload for file change: /Users/damithch/Repos/nus-cs2103/cs2103-website-base/book/_site/integration/more/review/unit-inElsewhere-asFlat._include_.html
2026-07-28T16:33:12.930Z - [32minfo[39m: Synchronizing opened pages list before reload
2026-07-28T16:33:12.930Z - [32minfo[39m: Current opened pages, from most-to-least recent:
2026-07-28T16:33:12.930Z - [32minfo[39m: 1. schedule/week6/topics
2026-07-28T16:33:12.930Z - [32minfo[39m: [00:33:12] Reload for file change: /Users/damithch/Repos/nus-cs2103/cs2103-website-base/book/_site/testCaseDesign/boundaryValueAnalysis/what/unit-inElsewhere-asFlat._include_.html
2026-07-28T16:33:12.930Z - [32minfo[39m: Synchronizing opened pages list before reload
2026-07-28T16:33:12.930Z - [32minfo[39m: Current opened pages, from most-to-least recent:
2026-07-28T16:33:12.930Z - [32minfo[39m: 1. schedule/week6/topics
2026-07-28T16:33:12.930Z - [32minfo[39m: [00:33:12] Reload for file change: /Users/damithch/Repos/nus-cs2103/cs2103-website-base/book/_site/testCaseDesign/combiningTestInputs/mix/unit-inElsewhere-asFlat._include_.html
2026-07-28T16:33:12.930Z - [32minfo[39m: Synchronizing opened pages list before reload
2026-07-28T16:33:12.930Z - [32minfo[39m: Current opened pages, from most-to-least recent:
2026-07-28T16:33:12.930Z - [32minfo[39m: 1. schedule/week6/topics
2026-07-28T16:33:12.930Z - [32minfo[39m: [00:33:12] Reload for file change: /Users/damithch/Repos/nus-cs2103/cs2103-website-base/book/_site/reuse/introduction/what/unit-inElsewhere-asFlat._include_.html
2026-07-28T16:33:12.930Z - [32minfo[39m: Synchronizing opened pages list before reload
2026-07-28T16:33:12.930Z - [32minfo[39m: Current opened pages, from most-to-least recent:
2026-07-28T16:33:12.930Z - [32minfo[39m: 1. schedule/week6/topics
2026-07-28T16:33:12.931Z - [32minfo[39m: [00:33:12] Reload for file change: /Users/damithch/Repos/nus-cs2103/cs2103-website-base/book/_site/modeling/modelingBehaviors/interactionOverviewDiagrams/unit-inElsewhere-asFlat._include_.html
2026-07-28T16:33:12.931Z - [32minfo[39m: Synchronizing opened pages list before reload
2026-07-28T16:33:12.931Z - [32minfo[39m: Current opened pages, from most-to-least recent:
2026-07-28T16:33:12.931Z - [32minfo[39m: 1. schedule/week6/topics
2026-07-28T16:33:12.931Z - [32minfo[39m: [00:33:12] Reload for file change: /Users/damithch/Repos/nus-cs2103/cs2103-website-base/book/_site/design/introduction/what/unit-inElsewhere-asFlat._include_.html
2026-07-28T16:33:12.931Z - [32minfo[39m: Synchronizing opened pages list before reload
2026-07-28T16:33:12.931Z - [32minfo[39m: Current opened pages, from most-to-least recent:
2026-07-28T16:33:12.931Z - [32minfo[39m: 1. schedule/week6/topics
2026-07-28T16:33:12.931Z - [32minfo[39m: [00:33:12] Reload for file change: /Users/damithch/Repos/nus-cs2103/cs2103-website-base/book/_site/oop/objects/encapsulation/unit-inElsewhere-asFlat._include_.html
2026-07-28T16:33:12.931Z - [32minfo[39m: Synchronizing opened pages list before reload
2026-07-28T16:33:12.931Z - [32minfo[39m: Current opened pages, from most-to-least recent:
2026-07-28T16:33:12.931Z - [32minfo[39m: 1. schedule/week6/topics
2026-07-28T16:33:12.931Z - [32minfo[39m: [00:33:12] Reload for file change: /Users/damithch/Repos/nus-cs2103/cs2103-website-base/book/_site/modeling/modelingStructures/objectOrientedDomainModels/unit-inElsewhere-asFlat._include_.html
2026-07-28T16:33:12.931Z - [32minfo[39m: Synchronizing opened pages list before reload
2026-07-28T16:33:12.931Z - [32minfo[39m: Current opened pages, from most-to-least recent:
2026-07-28T16:33:12.931Z - [32minfo[39m: 1. schedule/week6/topics
2026-07-28T16:33:12.931Z - [32minfo[39m: [00:33:12] Reload for file change: /Users/damithch/Repos/nus-cs2103/cs2103-website-base/book/_site/qualityAssurance/introduction/validationVsVerification/unit-inElsewhere-asFlat._include_.html
2026-07-28T16:33:12.931Z - [32minfo[39m: Synchronizing opened pages list before reload
2026-07-28T16:33:12.931Z - [32minfo[39m: Current opened pages, from most-to-least recent:
2026-07-28T16:33:12.931Z - [32minfo[39m: 1. schedule/week6/topics
2026-07-28T16:33:12.931Z - [32minfo[39m: [00:33:12] Reload for file change: /Users/damithch/Repos/nus-cs2103/cs2103-website-base/book/_site/testCaseDesign/introduction/what/unit-inElsewhere-asFlat._include_.html
2026-07-28T16:33:12.931Z - [32minfo[39m: Synchronizing opened pages list before reload
2026-07-28T16:33:12.931Z - [32minfo[39m: Current opened pages, from most-to-least recent:
2026-07-28T16:33:12.931Z - [32minfo[39m: 1. schedule/week6/topics
2026-07-28T16:33:12.931Z - [32minfo[39m: [00:33:12] Reload for file change: /Users/damithch/Repos/nus-cs2103/cs2103-website-base/book/_site/testCaseDesign/combiningTestInputs/why/unit-inElsewhere-asFlat._include_.html
2026-07-28T16:33:12.931Z - [32minfo[39m: Synchronizing opened pages list before reload
2026-07-28T16:33:12.931Z - [32minfo[39m: Current opened pages, from most-to-least recent:
2026-07-28T16:33:12.931Z - [32minfo[39m: 1. schedule/week6/topics
2026-07-28T16:33:12.931Z - [32minfo[39m: [00:33:12] Reload for file change: /Users/damithch/Repos/nus-cs2103/cs2103-website-base/book/_site/testCaseDesign/equivalencePartitions/what/unit-inElsewhere-asFlat._include_.html
2026-07-28T16:33:12.931Z - [32minfo[39m: Synchronizing opened pages list before reload
2026-07-28T16:33:12.931Z - [32minfo[39m: Current opened pages, from most-to-least recent:
2026-07-28T16:33:12.931Z - [32minfo[39m: 1. schedule/week6/topics
2026-07-28T16:33:12.931Z - [32minfo[39m: [00:33:12] Reload for file change: /Users/damithch/Repos/nus-cs2103/cs2103-website-base/book/_site/uml/sequenceDiagrams/loops/unit-inElsewhere-asFlat._include_.html
2026-07-28T16:33:12.931Z - [32minfo[39m: Synchronizing opened pages list before reload
2026-07-28T16:33:12.931Z - [32minfo[39m: Current opened pages, from most-to-least recent:
2026-07-28T16:33:12.931Z - [32minfo[39m: 1. schedule/week6/topics
2026-07-28T16:33:12.931Z - [32minfo[39m: [00:33:12] Reload for file change: /Users/damithch/Repos/nus-cs2103/cs2103-website-base/book/_site/reuse/cloudComputing/what/unit-inElsewhere-asFlat._include_.html
2026-07-28T16:33:12.931Z - [32minfo[39m: Synchronizing opened pages list before reload
2026-07-28T16:33:12.931Z - [32minfo[39m: Current opened pages, from most-to-least recent:
2026-07-28T16:33:12.931Z - [32minfo[39m: 1. schedule/week6/topics
2026-07-28T16:33:12.931Z - [32minfo[39m: [00:33:12] Reload for file change: /Users/damithch/Repos/nus-cs2103/cs2103-website-base/book/_site/reuse/libraries/what/unit-inElsewhere-asFlat._include_.html
2026-07-28T16:33:12.931Z - [32minfo[39m: Synchronizing opened pages list before reload
2026-07-28T16:33:12.931Z - [32minfo[39m: Current opened pages, from most-to-least recent:
2026-07-28T16:33:12.931Z - [32minfo[39m: 1. schedule/week6/topics
2026-07-28T16:33:12.931Z - [32minfo[39m: [00:33:12] Reload for file change: /Users/damithch/Repos/nus-cs2103/cs2103-website-base/book/_site/errorHandling/designByContract/what/unit-inElsewhere-asFlat._include_.html
2026-07-28T16:33:12.931Z - [32minfo[39m: Synchronizing opened pages list before reload
2026-07-28T16:33:12.931Z - [32minfo[39m: Current opened pages, from most-to-least recent:
2026-07-28T16:33:12.931Z - [32minfo[39m: 1. schedule/week6/topics
2026-07-28T16:33:12.931Z - [32minfo[39m: [00:33:12] Reload for file change: /Users/damithch/Repos/nus-cs2103/cs2103-website-base/book/_site/processModels/exampleProcessModels/scrum/unit-inElsewhere-asFlat._include_.html
2026-07-28T16:33:12.931Z - [32minfo[39m: Synchronizing opened pages list before reload
2026-07-28T16:33:12.931Z - [32minfo[39m: Current opened pages, from most-to-least recent:
2026-07-28T16:33:12.931Z - [32minfo[39m: 1. schedule/week6/topics
2026-07-28T16:33:12.931Z - [32minfo[39m: [00:33:12] Reload for file change: /Users/damithch/Repos/nus-cs2103/cs2103-website-base/book/_site/modeling/modelingBehaviors/useCaseDiagrams/unit-inElsewhere-asFlat._include_.html
2026-07-28T16:33:12.931Z - [32minfo[39m: Synchronizing opened pages list before reload
2026-07-28T16:33:12.931Z - [32minfo[39m: Current opened pages, from most-to-least recent:
2026-07-28T16:33:12.931Z - [32minfo[39m: 1. schedule/week6/topics
2026-07-28T16:33:12.931Z - [32minfo[39m: [00:33:12] Reload for file change: /Users/damithch/Repos/nus-cs2103/cs2103-website-base/book/_site/errorHandling/assertions/what/unit-inElsewhere-asFlat._include_.html
2026-07-28T16:33:12.931Z - [32minfo[39m: Synchronizing opened pages list before reload
2026-07-28T16:33:12.931Z - [32minfo[39m: Current opened pages, from most-to-least recent:
2026-07-28T16:33:12.931Z - [32minfo[39m: 1. schedule/week6/topics
2026-07-28T16:33:12.931Z - [32minfo[39m: [00:33:12] Reload for file change: /Users/damithch/Repos/nus-cs2103/cs2103-website-base/book/_site/processModels/introduction/sequentialModels/unit-inElsewhere-asFlat._include_.html
2026-07-28T16:33:12.931Z - [32minfo[39m: Synchronizing opened pages list before reload
2026-07-28T16:33:12.931Z - [32minfo[39m: Current opened pages, from most-to-least recent:
2026-07-28T16:33:12.931Z - [32minfo[39m: 1. schedule/week6/topics
2026-07-28T16:33:12.932Z - [32minfo[39m: [00:33:12] Reload for file change: /Users/damithch/Repos/nus-cs2103/cs2103-website-base/book/_site/testCaseDesign/equivalencePartitions/basic/unit-inElsewhere-asFlat._include_.html
2026-07-28T16:33:12.932Z - [32minfo[39m: Synchronizing opened pages list before reload
2026-07-28T16:33:12.932Z - [32minfo[39m: Current opened pages, from most-to-least recent:
2026-07-28T16:33:12.932Z - [32minfo[39m: 1. schedule/week6/topics
2026-07-28T16:33:12.932Z - [32minfo[39m: [00:33:12] Reload for file change: /Users/damithch/Repos/nus-cs2103/cs2103-website-base/book/_site/qualityAssurance/codeReviews/what/unit-inElsewhere-asFlat._include_.html
2026-07-28T16:33:12.932Z - [32minfo[39m: Synchronizing opened pages list before reload
2026-07-28T16:33:12.932Z - [32minfo[39m: Current opened pages, from most-to-least recent:
2026-07-28T16:33:12.932Z - [32minfo[39m: 1. schedule/week6/topics
2026-07-28T16:33:12.932Z - [32minfo[39m: [00:33:12] Reload for file change: /Users/damithch/Repos/nus-cs2103/cs2103-website-base/book/_site/processModels/summary/recap/unit-inElsewhere-asFlat._include_.html
2026-07-28T16:33:12.932Z - [32minfo[39m: Synchronizing opened pages list before reload
2026-07-28T16:33:12.932Z - [32minfo[39m: Current opened pages, from most-to-least recent:
2026-07-28T16:33:12.932Z - [32minfo[39m: 1. schedule/week6/topics
2026-07-28T16:33:12.932Z - [32minfo[39m: [00:33:12] Reload for file change: /Users/damithch/Repos/nus-cs2103/cs2103-website-base/book/_site/specifyingRequirements/featureList/what/unit-inElsewhere-asFlat._include_.html
2026-07-28T16:33:12.932Z - [32minfo[39m: Synchronizing opened pages list before reload
2026-07-28T16:33:12.932Z - [32minfo[39m: Current opened pages, from most-to-least recent:
2026-07-28T16:33:12.932Z - [32minfo[39m: 1. schedule/week6/topics
2026-07-28T16:33:12.932Z - [32minfo[39m: [00:33:12] Reload for file change: /Users/damithch/Repos/nus-cs2103/cs2103-website-base/book/_site/uml/sequenceDiagrams/staticMethods/unit-inElsewhere-asFlat._include_.html
2026-07-28T16:33:12.932Z - [32minfo[39m: Synchronizing opened pages list before reload
2026-07-28T16:33:12.932Z - [32minfo[39m: Current opened pages, from most-to-least recent:
2026-07-28T16:33:12.932Z - [32minfo[39m: 1. schedule/week6/topics
2026-07-28T16:33:12.932Z - [32minfo[39m: [00:33:12] Reload for file change: /Users/damithch/Repos/nus-cs2103/cs2103-website-base/book/_site/testing/testAutomation/tools/unit-inElsewhere-asFlat._include_.html
2026-07-28T16:33:12.932Z - [32minfo[39m: Synchronizing opened pages list before reload
2026-07-28T16:33:12.932Z - [32minfo[39m: Current opened pages, from most-to-least recent:
2026-07-28T16:33:12.932Z - [32minfo[39m: 1. schedule/week6/topics
2026-07-28T16:33:12.932Z - [32minfo[39m: [00:33:12] Reload for file change: /Users/damithch/Repos/nus-cs2103/cs2103-website-base/book/_site/testing/testAutomation/usingTestDrivers/unit-inElsewhere-asFlat._include_.html
2026-07-28T16:33:12.932Z - [32minfo[39m: Synchronizing opened pages list before reload
2026-07-28T16:33:12.932Z - [32minfo[39m: Current opened pages, from most-to-least recent:
2026-07-28T16:33:12.932Z - [32minfo[39m: 1. schedule/week6/topics
2026-07-28T16:33:12.932Z - [32minfo[39m: [00:33:12] Reload for file change: /Users/damithch/Repos/nus-cs2103/cs2103-website-base/book/_site/specifyingRequirements/useCases/identifying/unit-inElsewhere-asFlat._include_.html
2026-07-28T16:33:12.932Z - [32minfo[39m: Synchronizing opened pages list before reload
2026-07-28T16:33:12.932Z - [32minfo[39m: Current opened pages, from most-to-least recent:
2026-07-28T16:33:12.932Z - [32minfo[39m: 1. schedule/week6/topics
2026-07-28T16:33:12.932Z - [32minfo[39m: [00:33:12] Reload for file change: /Users/damithch/Repos/nus-cs2103/cs2103-website-base/book/_site/testCaseDesign/summary/exercises/unit-inElsewhere-asFlat._include_.html
2026-07-28T16:33:12.932Z - [32minfo[39m: Synchronizing opened pages list before reload
2026-07-28T16:33:12.932Z - [32minfo[39m: Current opened pages, from most-to-least recent:
2026-07-28T16:33:12.932Z - [32minfo[39m: 1. schedule/week6/topics
2026-07-28T16:33:12.932Z - [32minfo[39m: [00:33:12] Reload for file change: /Users/damithch/Repos/nus-cs2103/cs2103-website-base/book/_site/specifyingRequirements/userStories/details/unit-inElsewhere-asFlat._include_.html
2026-07-28T16:33:12.932Z - [32minfo[39m: Synchronizing opened pages list before reload
2026-07-28T16:33:12.932Z - [32minfo[39m: Current opened pages, from most-to-least recent:
2026-07-28T16:33:12.932Z - [32minfo[39m: 1. schedule/week6/topics
2026-07-28T16:33:12.932Z - [32minfo[39m: [00:33:12] Reload for file change: /Users/damithch/Repos/nus-cs2103/cs2103-website-base/book/_site/testing/testAutomation/what/unit-inElsewhere-asFlat._include_.html
2026-07-28T16:33:12.932Z - [32minfo[39m: Synchronizing opened pages list before reload
2026-07-28T16:33:12.932Z - [32minfo[39m: Current opened pages, from most-to-least recent:
2026-07-28T16:33:12.932Z - [32minfo[39m: 1. schedule/week6/topics
2026-07-28T16:33:12.932Z - [32minfo[39m: [00:33:12] Reload for file change: /Users/damithch/Repos/nus-cs2103/cs2103-website-base/book/_site/specifyingRequirements/useCases/usage/unit-inElsewhere-asFlat._include_.html
2026-07-28T16:33:12.932Z - [32minfo[39m: Synchronizing opened pages list before reload
2026-07-28T16:33:12.932Z - [32minfo[39m: Current opened pages, from most-to-least recent:
2026-07-28T16:33:12.932Z - [32minfo[39m: 1. schedule/week6/topics
2026-07-28T16:33:12.932Z - [32minfo[39m: [00:33:12] Reload for file change: /Users/damithch/Repos/nus-cs2103/cs2103-website-base/book/_site/testing/testAutomation/testingGuis/unit-inElsewhere-asFlat._include_.html
2026-07-28T16:33:12.932Z - [32minfo[39m: Synchronizing opened pages list before reload
2026-07-28T16:33:12.932Z - [32minfo[39m: Current opened pages, from most-to-least recent:
2026-07-28T16:33:12.932Z - [32minfo[39m: 1. schedule/week6/topics
2026-07-28T16:33:12.932Z - [32minfo[39m: [00:33:12] Reload for file change: /Users/damithch/Repos/nus-cs2103/cs2103-website-base/book/_site/uml/sequenceDiagrams/basic/unit-inElsewhere-asFlat._include_.html
2026-07-28T16:33:12.932Z - [32minfo[39m: Synchronizing opened pages list before reload
2026-07-28T16:33:12.932Z - [32minfo[39m: Current opened pages, from most-to-least recent:
2026-07-28T16:33:12.932Z - [32minfo[39m: 1. schedule/week6/topics
2026-07-28T16:33:12.932Z - [32minfo[39m: [00:33:12] Reload for file change: /Users/damithch/Repos/nus-cs2103/cs2103-website-base/book/_site/testing/testCoverage/how/unit-inElsewhere-asFlat._include_.html
2026-07-28T16:33:12.932Z - [32minfo[39m: Synchronizing opened pages list before reload
2026-07-28T16:33:12.932Z - [32minfo[39m: Current opened pages, from most-to-least recent:
2026-07-28T16:33:12.932Z - [32minfo[39m: 1. schedule/week6/topics
2026-07-28T16:33:12.932Z - [32minfo[39m: [00:33:12] Reload for file change: /Users/damithch/Repos/nus-cs2103/cs2103-website-base/book/_site/specifyingRequirements/userStories/usage/unit-inElsewhere-asFlat._include_.html
2026-07-28T16:33:12.932Z - [32minfo[39m: Synchronizing opened pages list before reload
2026-07-28T16:33:12.932Z - [32minfo[39m: Current opened pages, from most-to-least recent:
2026-07-28T16:33:12.932Z - [32minfo[39m: 1. schedule/week6/topics
2026-07-28T16:33:12.932Z - [32minfo[39m: [00:33:12] Reload for file change: /Users/damithch/Repos/nus-cs2103/cs2103-website-base/book/_site/testing/testAutomation/testingTextUis/unit-inElsewhere-asFlat._include_.html
2026-07-28T16:33:12.932Z - [32minfo[39m: Synchronizing opened pages list before reload
2026-07-28T16:33:12.932Z - [32minfo[39m: Current opened pages, from most-to-least recent:
2026-07-28T16:33:12.932Z - [32minfo[39m: 1. schedule/week6/topics
2026-07-28T16:33:12.932Z - [32minfo[39m: [00:33:12] Reload for file change: /Users/damithch/Repos/nus-cs2103/cs2103-website-base/book/_site/specifyingRequirements/userStories/introduction/unit-inElsewhere-asFlat._include_.html
2026-07-28T16:33:12.932Z - [32minfo[39m: Synchronizing opened pages list before reload
2026-07-28T16:33:12.932Z - [32minfo[39m: Current opened pages, from most-to-least recent:
2026-07-28T16:33:12.932Z - [32minfo[39m: 1. schedule/week6/topics
2026-07-28T16:33:12.932Z - [32minfo[39m: [00:33:12] Reload for file change: /Users/damithch/Repos/nus-cs2103/cs2103-website-base/book/_site/reuse/cloudComputing/services/unit-inElsewhere-asFlat._include_.html
2026-07-28T16:33:12.932Z - [32minfo[39m: Synchronizing opened pages list before reload
2026-07-28T16:33:12.932Z - [32minfo[39m: Current opened pages, from most-to-least recent:
2026-07-28T16:33:12.932Z - [32minfo[39m: 1. schedule/week6/topics
2026-07-28T16:33:12.933Z - [32minfo[39m: [00:33:12] Reload for file change: /Users/damithch/Repos/nus-cs2103/cs2103-website-base/book/_site/oop/polymorphism/what/unit-inElsewhere-asFlat._include_.html
2026-07-28T16:33:12.933Z - [32minfo[39m: Synchronizing opened pages list before reload
2026-07-28T16:33:12.933Z - [32minfo[39m: Current opened pages, from most-to-least recent:
2026-07-28T16:33:12.933Z - [32minfo[39m: 1. schedule/week6/topics
2026-07-28T16:33:12.933Z - [32minfo[39m: [00:33:12] Reload for file change: /Users/damithch/Repos/nus-cs2103/cs2103-website-base/book/_site/qualityAssurance/staticAnalysis/what/unit-inElsewhere-asFlat._include_.html
2026-07-28T16:33:12.933Z - [32minfo[39m: Synchronizing opened pages list before reload
2026-07-28T16:33:12.933Z - [32minfo[39m: Current opened pages, from most-to-least recent:
2026-07-28T16:33:12.933Z - [32minfo[39m: 1. schedule/week6/topics
2026-07-28T16:33:12.933Z - [32minfo[39m: [00:33:12] Reload for file change: /Users/damithch/Repos/nus-cs2103/cs2103-website-base/book/_site/testCaseDesign/introduction/blackVsGlass/unit-inElsewhere-asFlat._include_.html
2026-07-28T16:33:12.933Z - [32minfo[39m: Synchronizing opened pages list before reload
2026-07-28T16:33:12.933Z - [32minfo[39m: Current opened pages, from most-to-least recent:
2026-07-28T16:33:12.933Z - [32minfo[39m: 1. schedule/week6/topics
2026-07-28T16:33:12.933Z - [32minfo[39m: [00:33:12] Reload for file change: /Users/damithch/Repos/nus-cs2103/cs2103-website-base/book/_site/integration/buildAutomation/continuousIntegrationDeployment/unit-inElsewhere-asFlat._include_.html
2026-07-28T16:33:12.933Z - [32minfo[39m: Synchronizing opened pages list before reload
2026-07-28T16:33:12.933Z - [32minfo[39m: Current opened pages, from most-to-least recent:
2026-07-28T16:33:12.933Z - [32minfo[39m: 1. schedule/week6/topics
2026-07-28T16:33:12.933Z - [32minfo[39m: [00:33:12] Reload for file change: /Users/damithch/Repos/nus-cs2103/cs2103-website-base/book/_site/uml/sequenceDiagrams/referenceFrames/unit-inElsewhere-asFlat._include_.html
2026-07-28T16:33:12.933Z - [32minfo[39m: Synchronizing opened pages list before reload
2026-07-28T16:33:12.933Z - [32minfo[39m: Current opened pages, from most-to-least recent:
2026-07-28T16:33:12.933Z - [32minfo[39m: 1. schedule/week6/topics
2026-07-28T16:33:12.933Z - [32minfo[39m: [00:33:12] Reload for file change: /Users/damithch/Repos/nus-cs2103/cs2103-website-base/book/_site/testing/tdd/what/unit-inElsewhere-asFlat._include_.html
2026-07-28T16:33:12.933Z - [32minfo[39m: Synchronizing opened pages list before reload
2026-07-28T16:33:12.933Z - [32minfo[39m: Current opened pages, from most-to-least recent:
2026-07-28T16:33:12.933Z - [32minfo[39m: 1. schedule/week6/topics
2026-07-28T16:33:12.933Z - [32minfo[39m: [00:33:12] Reload for file change: /Users/damithch/Repos/nus-cs2103/cs2103-website-base/book/_site/errorHandling/exceptions/what/unit-inElsewhere-asFlat._include_.html
2026-07-28T16:33:12.933Z - [32minfo[39m: Synchronizing opened pages list before reload
2026-07-28T16:33:12.933Z - [32minfo[39m: Current opened pages, from most-to-least recent:
2026-07-28T16:33:12.933Z - [32minfo[39m: 1. schedule/week6/topics
2026-07-28T16:33:12.933Z - [32minfo[39m: [00:33:12] Reload for file change: /Users/damithch/Repos/nus-cs2103/cs2103-website-base/book/_site/uml/objectDiagrams/introduction/unit-inElsewhere-asFlat._include_.html
2026-07-28T16:33:12.933Z - [32minfo[39m: Synchronizing opened pages list before reload
2026-07-28T16:33:12.933Z - [32minfo[39m: Current opened pages, from most-to-least recent:
2026-07-28T16:33:12.933Z - [32minfo[39m: 1. schedule/week6/topics
2026-07-28T16:33:12.933Z - [32minfo[39m: [00:33:12] Reload for file change: /Users/damithch/Repos/nus-cs2103/cs2103-website-base/book/_site/oop/associations/navigability/unit-inElsewhere-asFlat._include_.html
2026-07-28T16:33:12.933Z - [32minfo[39m: Synchronizing opened pages list before reload
2026-07-28T16:33:12.933Z - [32minfo[39m: Current opened pages, from most-to-least recent:
2026-07-28T16:33:12.933Z - [32minfo[39m: 1. schedule/week6/topics
2026-07-28T16:33:12.933Z - [32minfo[39m: [00:33:12] Reload for file change: /Users/damithch/Repos/nus-cs2103/cs2103-website-base/book/_site/modeling/modelingStructures/objectDiagrams/unit-inElsewhere-asFlat._include_.html
2026-07-28T16:33:12.933Z - [32minfo[39m: Synchronizing opened pages list before reload
2026-07-28T16:33:12.933Z - [32minfo[39m: Current opened pages, from most-to-least recent:
2026-07-28T16:33:12.933Z - [32minfo[39m: 1. schedule/week6/topics
2026-07-28T16:33:12.933Z - [32minfo[39m: [00:33:12] Reload for file change: /Users/damithch/Repos/nus-cs2103/cs2103-website-base/book/_site/testCaseDesign/equivalencePartitions/intermediate/unit-inElsewhere-asFlat._include_.html
2026-07-28T16:33:12.933Z - [32minfo[39m: Synchronizing opened pages list before reload
2026-07-28T16:33:12.933Z - [32minfo[39m: Current opened pages, from most-to-least recent:
2026-07-28T16:33:12.933Z - [32minfo[39m: 1. schedule/week6/topics
2026-07-28T16:33:12.933Z - [32minfo[39m: [00:33:12] Reload for file change: /Users/damithch/Repos/nus-cs2103/cs2103-website-base/book/_site/specifyingRequirements/prose/what/unit-inElsewhere-asFlat._include_.html
2026-07-28T16:33:12.933Z - [32minfo[39m: Synchronizing opened pages list before reload
2026-07-28T16:33:12.933Z - [32minfo[39m: Current opened pages, from most-to-least recent:
2026-07-28T16:33:12.933Z - [32minfo[39m: 1. schedule/week6/topics
2026-07-28T16:33:12.933Z - [32minfo[39m: [00:33:12] Reload for file change: /Users/damithch/Repos/nus-cs2103/cs2103-website-base/book/_site/uml/sequenceDiagrams/introduction/unit-inElsewhere-asFlat._include_.html
2026-07-28T16:33:12.933Z - [32minfo[39m: Synchronizing opened pages list before reload
2026-07-28T16:33:12.933Z - [32minfo[39m: Current opened pages, from most-to-least recent:
2026-07-28T16:33:12.933Z - [32minfo[39m: 1. schedule/week6/topics
2026-07-28T16:33:12.933Z - [32minfo[39m: [00:33:12] Reload for file change: /Users/damithch/Repos/nus-cs2103/cs2103-website-base/book/_site/testing/tdd/how/unit-inElsewhere-asFlat._include_.html
2026-07-28T16:33:12.933Z - [32minfo[39m: Synchronizing opened pages list before reload
2026-07-28T16:33:12.933Z - [32minfo[39m: Current opened pages, from most-to-least recent:
2026-07-28T16:33:12.933Z - [32minfo[39m: 1. schedule/week6/topics
2026-07-28T16:33:12.933Z - [32minfo[39m: [00:33:12] Reload for file change: /Users/damithch/Repos/nus-cs2103/cs2103-website-base/book/_site/uml/objectDiagrams/associations/unit-inElsewhere-asFlat._include_.html
2026-07-28T16:33:12.933Z - [32minfo[39m: Synchronizing opened pages list before reload
2026-07-28T16:33:12.933Z - [32minfo[39m: Current opened pages, from most-to-least recent:
2026-07-28T16:33:12.933Z - [32minfo[39m: 1. schedule/week6/topics
2026-07-28T16:33:12.933Z - [32minfo[39m: [00:33:12] Reload for file change: /Users/damithch/Repos/nus-cs2103/cs2103-website-base/book/_site/testCaseDesign/introduction/positiveVsNegative/unit-inElsewhere-asFlat._include_.html
2026-07-28T16:33:12.933Z - [32minfo[39m: Synchronizing opened pages list before reload
2026-07-28T16:33:12.933Z - [32minfo[39m: Current opened pages, from most-to-least recent:
2026-07-28T16:33:12.933Z - [32minfo[39m: 1. schedule/week6/topics
2026-07-28T16:33:12.933Z - [32minfo[39m: [00:33:12] Reload for file change: /Users/damithch/Repos/nus-cs2103/cs2103-website-base/book/_site/processModels/introduction/iterativeModels/unit-inElsewhere-asFlat._include_.html
2026-07-28T16:33:12.933Z - [32minfo[39m: Synchronizing opened pages list before reload
2026-07-28T16:33:12.933Z - [32minfo[39m: Current opened pages, from most-to-least recent:
2026-07-28T16:33:12.933Z - [32minfo[39m: 1. schedule/week6/topics
2026-07-28T16:33:12.933Z - [32minfo[39m: [00:33:12] Reload for file change: /Users/damithch/Repos/nus-cs2103/cs2103-website-base/book/_site/processModels/introduction/agileModels/unit-inElsewhere-asFlat._include_.html
2026-07-28T16:33:12.933Z - [32minfo[39m: Synchronizing opened pages list before reload
2026-07-28T16:33:12.933Z - [32minfo[39m: Current opened pages, from most-to-least recent:
2026-07-28T16:33:12.933Z - [32minfo[39m: 1. schedule/week6/topics
2026-07-28T16:33:12.933Z - [32minfo[39m: [00:33:12] Reload for file change: /Users/damithch/Repos/nus-cs2103/cs2103-website-base/book/_site/testing/testCoverage/what/unit-inElsewhere-asFlat._include_.html
2026-07-28T16:33:12.934Z - [32minfo[39m: Synchronizing opened pages list before reload
2026-07-28T16:33:12.934Z - [32minfo[39m: Current opened pages, from most-to-least recent:
2026-07-28T16:33:12.934Z - [32minfo[39m: 1. schedule/week6/topics
2026-07-28T16:33:12.934Z - [32minfo[39m: [00:33:12] Reload for file change: /Users/damithch/Repos/nus-cs2103/cs2103-website-base/book/_site/testing/introduction/testability/unit-inElsewhere-asFlat._include_.html
2026-07-28T16:33:12.934Z - [32minfo[39m: Synchronizing opened pages list before reload
2026-07-28T16:33:12.934Z - [32minfo[39m: Current opened pages, from most-to-least recent:
2026-07-28T16:33:12.934Z - [32minfo[39m: 1. schedule/week6/topics
2026-07-28T16:33:12.934Z - [32minfo[39m: [00:33:12] Reload for file change: /Users/damithch/Repos/nus-cs2103/cs2103-website-base/book/_site/testCaseDesign/combiningTestInputs/combinationStrategies/unit-inElsewhere-asFlat._include_.html
2026-07-28T16:33:12.934Z - [32minfo[39m: Synchronizing opened pages list before reload
2026-07-28T16:33:12.934Z - [32minfo[39m: Current opened pages, from most-to-least recent:
2026-07-28T16:33:12.934Z - [32minfo[39m: 1. schedule/week6/topics
2026-07-28T16:33:12.934Z - [32minfo[39m: [00:33:12] Reload for file change: /Users/damithch/Repos/nus-cs2103/cs2103-website-base/book/_site/testCaseDesign/combiningTestInputs/heuristicInvalid/unit-inElsewhere-asFlat._include_.html
2026-07-28T16:33:12.934Z - [32minfo[39m: Synchronizing opened pages list before reload
2026-07-28T16:33:12.934Z - [32minfo[39m: Current opened pages, from most-to-least recent:
2026-07-28T16:33:12.934Z - [32minfo[39m: 1. schedule/week6/topics
2026-07-28T16:33:12.934Z - [32minfo[39m: [00:33:12] Reload for file change: /Users/damithch/Repos/nus-cs2103/cs2103-website-base/book/_site/uml/sequenceDiagrams/alternativePaths/unit-inElsewhere-asFlat._include_.html
2026-07-28T16:33:12.934Z - [32minfo[39m: Synchronizing opened pages list before reload
2026-07-28T16:33:12.934Z - [32minfo[39m: Current opened pages, from most-to-least recent:
2026-07-28T16:33:12.934Z - [32minfo[39m: 1. schedule/week6/topics
2026-07-28T16:33:12.934Z - [32minfo[39m: [00:33:12] Reload for file change: /Users/damithch/Repos/nus-cs2103/cs2103-website-base/book/_site/testCaseDesign/summary/recap/unit-inElsewhere-asFlat._include_.html
2026-07-28T16:33:12.934Z - [32minfo[39m: Synchronizing opened pages list before reload
2026-07-28T16:33:12.934Z - [32minfo[39m: Current opened pages, from most-to-least recent:
2026-07-28T16:33:12.934Z - [32minfo[39m: 1. schedule/week6/topics
2026-07-28T16:33:12.934Z - [32minfo[39m: [00:33:12] Reload for file change: /Users/damithch/Repos/nus-cs2103/cs2103-website-base/book/_site/uml/objectDiagrams/objects/unit-inElsewhere-asFlat._include_.html
2026-07-28T16:33:12.934Z - [32minfo[39m: Synchronizing opened pages list before reload
2026-07-28T16:33:12.934Z - [32minfo[39m: Current opened pages, from most-to-least recent:
2026-07-28T16:33:12.934Z - [32minfo[39m: 1. schedule/week6/topics
2026-07-28T16:33:12.934Z - [32minfo[39m: [00:33:12] Reload for file change: /Users/damithch/Repos/nus-cs2103/cs2103-website-base/book/_site/uml/sequenceDiagrams/selfInvocation/unit-inElsewhere-asFlat._include_.html
2026-07-28T16:33:12.934Z - [32minfo[39m: Synchronizing opened pages list before reload
2026-07-28T16:33:12.934Z - [32minfo[39m: Current opened pages, from most-to-least recent:
2026-07-28T16:33:12.934Z - [32minfo[39m: 1. schedule/week6/topics
2026-07-28T16:33:12.934Z - [32minfo[39m: [00:33:12] Reload for file change: /Users/damithch/Repos/nus-cs2103/cs2103-website-base/book/_site/uml/sequenceDiagrams/minimalNotation/unit-inElsewhere-asFlat._include_.html
2026-07-28T16:33:12.934Z - [32minfo[39m: Synchronizing opened pages list before reload
2026-07-28T16:33:12.934Z - [32minfo[39m: Current opened pages, from most-to-least recent:
2026-07-28T16:33:12.934Z - [32minfo[39m: 1. schedule/week6/topics
2026-07-28T16:33:12.934Z - [32minfo[39m: [00:33:12] Reload for file change: /Users/damithch/Repos/nus-cs2103/cs2103-website-base/book/_site/uml/sequenceDiagrams/parallelPaths/unit-inElsewhere-asFlat._include_.html
2026-07-28T16:33:12.934Z - [32minfo[39m: Synchronizing opened pages list before reload
2026-07-28T16:33:12.934Z - [32minfo[39m: Current opened pages, from most-to-least recent:
2026-07-28T16:33:12.934Z - [32minfo[39m: 1. schedule/week6/topics
2026-07-28T16:33:12.934Z - [32minfo[39m: [00:33:12] Reload for file change: /Users/damithch/Repos/nus-cs2103/cs2103-website-base/book/_site/specifyingRequirements/supplementaryRequirements/what/unit-inElsewhere-asFlat._include_.html
2026-07-28T16:33:12.934Z - [32minfo[39m: Synchronizing opened pages list before reload
2026-07-28T16:33:12.934Z - [32minfo[39m: Current opened pages, from most-to-least recent:
2026-07-28T16:33:12.934Z - [32minfo[39m: 1. schedule/week6/topics
2026-07-28T16:33:12.934Z - [32minfo[39m: [00:33:12] Reload for file change: /Users/damithch/Repos/nus-cs2103/cs2103-website-base/book/_site/testCaseDesign/more/testingUseCases/unit-inElsewhere-asFlat._include_.html
2026-07-28T16:33:12.934Z - [32minfo[39m: Synchronizing opened pages list before reload
2026-07-28T16:33:12.934Z - [32minfo[39m: Current opened pages, from most-to-least recent:
2026-07-28T16:33:12.934Z - [32minfo[39m: 1. schedule/week6/topics
2026-07-28T16:33:12.934Z - [32minfo[39m: [00:33:12] Reload for file change: /Users/damithch/Repos/nus-cs2103/cs2103-website-base/book/_site/designApproaches/topDownBottomUp/what/unit-inElsewhere-asFlat._include_.html
2026-07-28T16:33:12.934Z - [32minfo[39m: Synchronizing opened pages list before reload
2026-07-28T16:33:12.934Z - [32minfo[39m: Current opened pages, from most-to-least recent:
2026-07-28T16:33:12.934Z - [32minfo[39m: 1. schedule/week6/topics
2026-07-28T16:33:12.934Z - [32minfo[39m: [00:33:12] Reload for file change: /Users/damithch/Repos/nus-cs2103/cs2103-website-base/book/_site/uml/miscellaneous/objectVsClassDiagrams/unit-inElsewhere-asFlat._include_.html
2026-07-28T16:33:12.934Z - [32minfo[39m: Synchronizing opened pages list before reload
2026-07-28T16:33:12.934Z - [32minfo[39m: Current opened pages, from most-to-least recent:
2026-07-28T16:33:12.934Z - [32minfo[39m: 1. schedule/week6/topics
2026-07-28T16:33:12.934Z - [32minfo[39m: [00:33:12] Reload for file change: /Users/damithch/Repos/nus-cs2103/cs2103-website-base/book/_site/designApproaches/multilevelDesign/what/unit-inElsewhere-asFlat._include_.html
2026-07-28T16:33:12.934Z - [32minfo[39m: Synchronizing opened pages list before reload
2026-07-28T16:33:12.934Z - [32minfo[39m: Current opened pages, from most-to-least recent:
2026-07-28T16:33:12.934Z - [32minfo[39m: 1. schedule/week6/topics
2026-07-28T16:33:12.934Z - [32minfo[39m: [00:33:12] Reload for file change: /Users/damithch/Repos/nus-cs2103/cs2103-website-base/book/_site/uml/notes/notes/unit-inElsewhere-asFlat._include_.html
2026-07-28T16:33:12.934Z - [32minfo[39m: Synchronizing opened pages list before reload
2026-07-28T16:33:12.934Z - [32minfo[39m: Current opened pages, from most-to-least recent:
2026-07-28T16:33:12.934Z - [32minfo[39m: 1. schedule/week6/topics
2026-07-28T16:33:13.468Z - [32minfo[39m: [00:33:13] Reload for file change: /Users/damithch/Repos/nus-cs2103/cs2103-website-base/book/_site/intellij/print.html
2026-07-28T16:33:13.469Z - [32minfo[39m: Synchronizing opened pages list before reload
2026-07-28T16:33:13.469Z - [32minfo[39m: Current opened pages, from most-to-least recent:
2026-07-28T16:33:13.469Z - [32minfo[39m: 1. schedule/week6/topics
2026-07-28T16:33:13.470Z - [32minfo[39m: [00:33:13] Reload for file change: /Users/damithch/Repos/nus-cs2103/cs2103-website-base/book/_site/common/outcomes.page-vue-render.js
2026-07-28T16:33:13.470Z - [32minfo[39m: Synchronizing opened pages list before reload
2026-07-28T16:33:13.470Z - [32minfo[39m: Current opened pages, from most-to-least recent:
2026-07-28T16:33:13.471Z - [32minfo[39m: 1. schedule/week6/topics
2026-07-28T16:33:13.471Z - [32minfo[39m: [00:33:13] Reload for file change: /Users/damithch/Repos/nus-cs2103/cs2103-website-base/book/_markbind/logs/markbind-2026-07-29.log
2026-07-28T16:33:13.471Z - [32minfo[39m: Synchronizing opened pages list before reload
2026-07-28T16:33:13.471Z - [32minfo[39m: Current opened pages, from most-to-least recent:
2026-07-28T16:33:13.471Z - [32minfo[39m: 1. schedule/week6/topics
2026-07-28T16:33:13.566Z - [32minfo[39m: [00:33:13] Reload for file change: /Users/damithch/Repos/nus-cs2103/cs2103-website-base/book/_site/siteData.json
2026-07-28T16:33:13.566Z - [32minfo[39m: Synchronizing opened pages list before reload
2026-07-28T16:33:13.566Z - [32minfo[39m: Current opened pages, from most-to-least recent:
2026-07-28T16:33:13.566Z - [32minfo[39m: 1. schedule/week6/topics
2026-07-28T16:33:13.568Z - [32minfo[39m: [00:33:13] Reload for file change: /Users/damithch/Repos/nus-cs2103/cs2103-website-base/book/_site/common/outcomes.html
2026-07-28T16:33:13.568Z - [32minfo[39m: Synchronizing opened pages list before reload
2026-07-28T16:33:13.568Z - [32minfo[39m: Current opened pages, from most-to-least recent:
2026-07-28T16:33:13.568Z - [32minfo[39m: 1. schedule/week6/topics
2026-07-28T16:33:13.569Z - [32minfo[39m: [00:33:13] Reload for file change: /Users/damithch/Repos/nus-cs2103/cs2103-website-base/book/_markbind/logs/markbind-2026-07-29.log
2026-07-28T16:33:13.569Z - [32minfo[39m: Synchronizing opened pages list before reload
2026-07-28T16:33:13.569Z - [32minfo[39m: Current opened pages, from most-to-least recent:
2026-07-28T16:33:13.569Z - [32minfo[39m: 1. schedule/week6/topics
2026-07-28T16:33:13.947Z - [32minfo[39m: Assets built
2026-07-28T17:28:59.762Z - [32minfo[39m: Website generation started at 01:28:59
2026-07-28T17:29:00.265Z - [32minfo[39m: Building assets...
2026-07-28T17:29:00.727Z - [32minfo[39m: Assets built
2026-07-28T17:29:00.727Z - [32minfo[39m: Generating pages...
2026-07-28T17:29:04.206Z - [36mverbose[39m: Rendering page: /Users/damithch/Repos/nus-cs2103/cs2103-website-base/admin/acknowledgements.md
2026-07-28T17:29:04.225Z - [36mverbose[39m: Rendering page: /Users/damithch/Repos/nus-cs2103/cs2103-website-base/admin/appendixB-policies.md
2026-07-28T17:29:04.250Z - [36mverbose[39m: Rendering page: /Users/damithch/Repos/nus-cs2103/cs2103-website-base/admin/appendixA-principles.md
2026-07-28T17:29:04.263Z - [36mverbose[39m: Rendering page: /Users/damithch/Repos/nus-cs2103/cs2103-website-base/admin/appendixC-faq.md
2026-07-28T17:29:13.098Z - [34mdebug[39m: 
2026-07-28T17:29:13.099Z - [34mdebug[39m: 
2026-07-28T17:29:13.099Z - [34mdebug[39m: 
2026-07-28T17:29:13.099Z - [34mdebug[39m: 
2026-07-28T17:29:13.099Z - [34mdebug[39m: 
2026-07-28T17:29:13.099Z - [34mdebug[39m: 
2026-07-28T17:29:13.099Z - [34mdebug[39m: 
2026-07-28T17:29:13.099Z - [34mdebug[39m: 
2026-07-28T17:29:13.099Z - [34mdebug[39m: 
2026-07-28T17:29:13.099Z - [34mdebug[39m: 
2026-07-28T17:29:13.099Z - [34mdebug[39m: 
2026-07-28T17:29:13.099Z - [34mdebug[39m: 
2026-07-28T17:29:13.099Z - [34mdebug[39m: 
2026-07-28T17:29:13.099Z - [34mdebug[39m: 
2026-07-28T17:29:13.099Z - [34mdebug[39m: 
2026-07-28T17:29:13.099Z - [34mdebug[39m: 
2026-07-28T17:29:13.099Z - [34mdebug[39m: 
2026-07-28T17:29:13.099Z - [34mdebug[39m: 
2026-07-28T17:29:13.099Z - [34mdebug[39m: 
2026-07-28T17:29:13.099Z - [34mdebug[39m: 
2026-07-28T17:29:13.099Z - [34mdebug[39m: 
2026-07-28T17:29:13.099Z - [34mdebug[39m: 
2026-07-28T17:29:13.100Z - [34mdebug[39m: 
2026-07-28T17:29:13.100Z - [34mdebug[39m: 
2026-07-28T17:29:13.123Z - [34mdebug[39m: 
2026-07-28T17:29:13.194Z - [36mverbose[39m: Rendering page: /Users/damithch/Repos/nus-cs2103/cs2103-website-base/index.md
2026-07-28T17:29:13.207Z - [36mverbose[39m: Rendering page: /Users/damithch/Repos/nus-cs2103/cs2103-website-base/book/uml/stereotypes/index.md
2026-07-28T17:29:13.215Z - [36mverbose[39m: Rendering page: /Users/damithch/Repos/nus-cs2103/cs2103-website-base/book/uml/stereotypes/what/index.md
2026-07-28T17:29:13.227Z - [36mverbose[39m: Rendering page: /Users/damithch/Repos/nus-cs2103/cs2103-website-base/se-book-adapted/print.md
2026-07-28T17:29:13.941Z - [36mverbose[39m: Rendering page: /Users/damithch/Repos/nus-cs2103/cs2103-website-base/book/uml/sequenceDiagrams/selfInvocation/index.md
2026-07-28T17:29:13.957Z - [36mverbose[39m: Rendering page: /Users/damithch/Repos/nus-cs2103/cs2103-website-base/book/uml/sequenceDiagrams/staticMethods/index.md
2026-07-28T17:29:13.974Z - [36mverbose[39m: Rendering page: /Users/damithch/Repos/nus-cs2103/cs2103-website-base/book/uml/sequenceDiagrams/referenceFrames/index.md
2026-07-28T17:29:13.994Z - [36mverbose[39m: Rendering page: /Users/damithch/Repos/nus-cs2103/cs2103-website-base/book/uml/sequenceDiagrams/parallelPaths/index.md
2026-07-28T17:29:14.154Z - [36mverbose[39m: Rendering page: /Users/damithch/Repos/nus-cs2103/cs2103-website-base/book/uml/sequenceDiagrams/optionalPaths/index.md
2026-07-28T17:29:14.180Z - [36mverbose[39m: Rendering page: /Users/damithch/Repos/nus-cs2103/cs2103-website-base/book/uml/sequenceDiagrams/objectDeletion/index.md
2026-07-28T17:29:14.238Z - [36mverbose[39m: Rendering page: /Users/damithch/Repos/nus-cs2103/cs2103-website-base/book/uml/sequenceDiagrams/objectCreation/index.md
2026-07-28T17:29:14.257Z - [36mverbose[39m: Rendering page: /Users/damithch/Repos/nus-cs2103/cs2103-website-base/book/uml/sequenceDiagrams/minimalNotation/index.md
2026-07-28T17:29:14.420Z - [36mverbose[39m: Rendering page: /Users/damithch/Repos/nus-cs2103/cs2103-website-base/book/uml/sequenceDiagrams/loops/index.md
2026-07-28T17:29:14.428Z - [36mverbose[39m: Rendering page: /Users/damithch/Repos/nus-cs2103/cs2103-website-base/book/uml/sequenceDiagrams/introduction/index.md
2026-07-28T17:29:14.465Z - [36mverbose[39m: Rendering page: /Users/damithch/Repos/nus-cs2103/cs2103-website-base/book/uml/sequenceDiagrams/index.md
2026-07-28T17:29:14.507Z - [36mverbose[39m: Rendering page: /Users/damithch/Repos/nus-cs2103/cs2103-website-base/book/uml/sequenceDiagrams/basic/index.md
2026-07-28T17:29:14.647Z - [36mverbose[39m: Rendering page: /Users/damithch/Repos/nus-cs2103/cs2103-website-base/book/uml/sequenceDiagrams/alternativePaths/index.md
2026-07-28T17:29:14.655Z - [36mverbose[39m: Rendering page: /Users/damithch/Repos/nus-cs2103/cs2103-website-base/book/uml/objectDiagrams/objects/index.md
2026-07-28T17:29:14.669Z - [36mverbose[39m: Rendering page: /Users/damithch/Repos/nus-cs2103/cs2103-website-base/book/uml/objectDiagrams/introduction/index.md
2026-07-28T17:29:14.679Z - [36mverbose[39m: Rendering page: /Users/damithch/Repos/nus-cs2103/cs2103-website-base/book/uml/objectDiagrams/index.md
2026-07-28T17:29:14.781Z - [36mverbose[39m: Rendering page: /Users/damithch/Repos/nus-cs2103/cs2103-website-base/book/uml/objectDiagrams/associations/index.md
2026-07-28T17:29:14.790Z - [36mverbose[39m: Rendering page: /Users/damithch/Repos/nus-cs2103/cs2103-website-base/book/uml/notes/notes/index.md
2026-07-28T17:29:14.798Z - [36mverbose[39m: Rendering page: /Users/damithch/Repos/nus-cs2103/cs2103-website-base/book/uml/notes/index.md
2026-07-28T17:29:14.806Z - [36mverbose[39m: Rendering page: /Users/damithch/Repos/nus-cs2103/cs2103-website-base/book/uml/notes/constraints/index.md
2026-07-28T17:37:21.743Z - [32minfo[39m: Website generation started at 01:37:21
2026-07-28T17:37:22.193Z - [32minfo[39m: Building assets...
